"corpus","file","row","axis","direction","screen","flags","evidence","text"
"source_pool","data/question-pools/axis1-empathy-detachment.json","1","Empathy","empathy","context_candidate","event","difficult time","When I learn that someone I know is going through a difficult time, my first instinct is to consider how I might help."
"source_pool","data/question-pools/axis1-empathy-detachment.json","2","Empathy","empathy","conditional_only","conditional_only","When","When someone shares a painful experience, the fact of their pain carries real weight in my mind."
"source_pool","data/question-pools/axis1-empathy-detachment.json","3","Empathy","empathy","no_lexical_cue","","","I feel that the weight of another person's struggle is something I carry with me, not something I observe from a distance."
"source_pool","data/question-pools/axis1-empathy-detachment.json","4","Empathy","empathy","context_candidate","event","suffering","When I am near someone in deep pain, their suffering exists in my awareness as a moral weight that requires a response."
"source_pool","data/question-pools/axis1-empathy-detachment.json","5","Empathy","empathy","no_lexical_cue","","","I find that I cannot simply turn off my concern for someone once I have seen their pain."
"source_pool","data/question-pools/axis1-empathy-detachment.json","6","Empathy","empathy","conditional_only","conditional_only","When","When someone shares their struggle with me, I experience it as a call to action rather than as information."
"source_pool","data/question-pools/axis1-empathy-detachment.json","7","Empathy","empathy","conditional_only","conditional_only","When","When I learn that someone has been harmed, I feel a moral pull to respond that remains present until I have taken action."
"source_pool","data/question-pools/axis1-empathy-detachment.json","8","Empathy","empathy","no_lexical_cue","","","I find that the moral pull of another's pain is something I experience as a direct call to action, not as an abstract consideration."
"source_pool","data/question-pools/axis1-empathy-detachment.json","9","Empathy","empathy","no_lexical_cue","","","I register the weight of another person's pain not just intellectually but as something that genuinely matters to me and moves me."
"source_pool","data/question-pools/axis1-empathy-detachment.json","10","Empathy","empathy","conditional_only","conditional_only","after","The felt weight of another person's hardship stays with me long after the encounter."
"source_pool","data/question-pools/axis1-empathy-detachment.json","11","Empathy","empathy","conditional_only","conditional_only","when","I often feel drawn to check in on people I know are having a hard time, even when they haven't asked."
"source_pool","data/question-pools/axis1-empathy-detachment.json","12","Empathy","empathy","conditional_only","conditional_only","when","It is hard for me to turn away from someone's pain, even when I can't fix it."
"source_pool","data/question-pools/axis1-empathy-detachment.json","13","Empathy","empathy","conditional_only","conditional_only","when","Another person's hardship pulls at me even when responding is difficult."
"source_pool","data/question-pools/axis1-empathy-detachment.json","14","Empathy","empathy","context_candidate","event","suffering","When someone is suffering, I want to act, not just understand."
"source_pool","data/question-pools/axis1-empathy-detachment.json","15","Empathy","empathy","context_candidate","event","suffering","Someone's suffering matters to me even when they can't put their need into words."
"source_pool","data/question-pools/axis1-empathy-detachment.json","16","Empathy","empathy","context_candidate","event","suffering","When someone is suffering, its claim on me is immediate; I don't need a further reason."
"source_pool","data/question-pools/axis1-empathy-detachment.json","17","Empathy","empathy","context_candidate","event","suffering","The wish to respond to others' suffering is one of the strongest forces shaping my daily choices."
"source_pool","data/question-pools/axis1-empathy-detachment.json","18","Empathy","empathy","conditional_only","conditional_only","when","Someone's pain matters even more to me when they have no one else to turn to."
"source_pool","data/question-pools/axis1-empathy-detachment.json","19","Empathy","empathy","context_candidate","event","suffering","The felt weight of another person's suffering strongly motivates me to act for them."
"source_pool","data/question-pools/axis1-empathy-detachment.json","20","Empathy","empathy","no_lexical_cue","","","Feeling the weight of others' hardship keeps me from becoming complacent about it."
"source_pool","data/question-pools/axis1-empathy-detachment.json","21","Empathy","empathy","context_candidate","event","suffering","I feel a genuine pull to act when I encounter suffering, not just to notice it."
"source_pool","data/question-pools/axis1-empathy-detachment.json","22","Empathy","empathy","conditional_only","conditional_only","When","When someone trusts me with their pain, I want to hold it with care."
"source_pool","data/question-pools/axis1-empathy-detachment.json","23","Empathy","empathy","no_lexical_cue","","","I find it hard to ignore a person's pain just to stay comfortable."
"source_pool","data/question-pools/axis1-empathy-detachment.json","24","Empathy","empathy","context_candidate","relationship","stranger; friend","A stranger's pain matters to me as much as a friend's."
"source_pool","data/question-pools/axis1-empathy-detachment.json","25","Empathy","empathy","context_candidate","event","suffering","I don't turn away from suffering because it is complex or uncomfortable."
"source_pool","data/question-pools/axis1-empathy-detachment.json","26","Empathy","empathy","context_candidate","event","suffering","Others' suffering carries real weight for me."
"source_pool","data/question-pools/axis1-empathy-detachment.json","27","Empathy","empathy","context_candidate","event","suffering","Each new encounter with suffering still matters to me; it doesn't become routine."
"source_pool","data/question-pools/axis1-empathy-detachment.json","28","Empathy","empathy","context_candidate","event","suffering","When someone's suffering is vivid to me, I feel a strong wish to ease it."
"source_pool","data/question-pools/axis1-empathy-detachment.json","29","Empathy","empathy","context_candidate","event","suffering","When I learn about suffering in a place I have never visited, the people affected matter to me."
"source_pool","data/question-pools/axis1-empathy-detachment.json","30","Empathy","empathy","context_candidate","event","suffering","Understanding how many people a problem harms makes me want to see their suffering reduced."
"source_pool","data/question-pools/axis1-empathy-detachment.json","31","Empathy","empathy","conditional_only","conditional_only","When","When an explanation shows me how someone is being harmed, I begin to care about what happens to them."
"source_pool","data/question-pools/axis1-empathy-detachment.json","32","Empathy","empathy","no_lexical_cue","","","As I learn the reasons a person is struggling, their wellbeing becomes more important to me."
"source_pool","data/question-pools/axis1-empathy-detachment.json","33","Empathy","empathy","conditional_only","conditional_only","after","Someone's continuing hardship still matters to me long after I first heard about it."
"source_pool","data/question-pools/axis1-empathy-detachment.json","34","Empathy","empathy","conditional_only","conditional_only","When","When I think through someone's problem, I care about the pain it is causing them."
"source_pool","data/question-pools/axis1-empathy-detachment.json","35","Empathy","empathy","conditional_only","conditional_only","When","When I hear that an unfamiliar person is in pain, I want their situation to improve."
"source_pool","data/question-pools/axis1-empathy-detachment.json","36","Empathy","empathy","context_candidate","event","suffering","When a report describes people's suffering in impersonal terms, I still care about the people behind it."
"source_pool","data/question-pools/axis1-empathy-detachment.json","37","Empathy","empathy","no_lexical_cue","","","Evidence that people are experiencing preventable pain makes me want that pain relieved."
"source_pool","data/question-pools/axis1-empathy-detachment.json","38","Empathy","empathy","conditional_only","conditional_only","When","When I recognize that someone could be seriously hurt, preventing that harm matters to me personally."
"source_pool","data/question-pools/axis1-empathy-detachment.json","39","Empathy","empathy","conditional_only","conditional_only","when","Another person's wellbeing matters to me even when I do not feel close to them."
"source_pool","data/question-pools/axis1-empathy-detachment.json","40","Empathy","empathy","conditional_only","conditional_only","When","When several people need help, understanding each person's hardship makes me care about their situation."
"source_pool","data/question-pools/axis1-empathy-detachment.json","41","Empathy","empathy","context_candidate","event","suffering","When suffering is described in abstract terms, I still want something to improve for those affected."
"source_pool","data/question-pools/axis1-empathy-detachment.json","42","Empathy","empathy","context_candidate","event","suffering","Knowing that people are still suffering keeps their wellbeing important to me after public attention has moved on."
"source_pool","data/question-pools/axis1-empathy-detachment.json","43","Empathy","empathy","no_lexical_cue","","","Another person's pain matters to me whether or not I feel it myself."
"source_pool","data/question-pools/axis1-empathy-detachment.json","44","Empathy","empathy","context_candidate","event","suffering","A person's suffering still matters to me when many other people also know about it."
"source_pool","data/question-pools/axis1-empathy-detachment.json","45","Empathy","empathy","conditional_only","conditional_only","When","When I understand how someone's pain could be eased, I want that relief for them."
"source_pool","data/question-pools/axis1-empathy-detachment.json","46","Empathy","empathy","conditional_only","conditional_only","When","When I think again about a hardship someone faces, I still want them to find relief."
"source_pool","data/question-pools/axis1-empathy-detachment.json","47","Empathy","empathy","context_candidate","event","suffering","Thinking about suffering that future generations may face gives me a genuine wish to prevent it."
"source_pool","data/question-pools/axis1-empathy-detachment.json","48","Empathy","empathy","no_lexical_cue","","","The more I learn about what someone is going through, the stronger my wish to help them."
"source_pool","data/question-pools/axis1-empathy-detachment.json","49","Empathy","empathy","no_lexical_cue","","","As I work through the details of another person's difficulty, I care about what the experience is like for them."
"source_pool","data/question-pools/axis1-empathy-detachment.json","50","Empathy","empathy","no_lexical_cue","","","Wanting others to suffer less is a real motivation in my life."
"source_pool","data/question-pools/axis1-empathy-detachment.json","51","Empathy","empathy","context_candidate","event","suffering","When I reason through a situation in which someone is suffering, easing their pain matters to me."
"source_pool","data/question-pools/axis1-empathy-detachment.json","52","Empathy","empathy","context_candidate","event","suffering","Others' suffering matters to me whatever mood I am in."
"source_pool","data/question-pools/axis1-empathy-detachment.json","53","Empathy","empathy","context_candidate","event","suffering","When I understand that someone has been hurt by unfair treatment, I care about the suffering it has caused them."
"source_pool","data/question-pools/axis1-empathy-detachment.json","54","Empathy","empathy","conditional_only","conditional_only","if","Understanding how a policy harms people makes me concerned for them, even if it does not affect me."
"source_pool","data/question-pools/axis1-empathy-detachment.json","55","Empathy","empathy","no_lexical_cue","","","I am concerned about what the people around me are going through."
"source_pool","data/question-pools/axis1-empathy-detachment.json","56","Empathy","empathy","context_candidate","event","suffering","As I consider evidence about someone's circumstances, the suffering involved has real weight for me."
"source_pool","data/question-pools/axis1-empathy-detachment.json","57","Empathy","empathy","context_candidate","event","suffering","When I consider people with competing needs, I care about the suffering each person is experiencing."
"source_pool","data/question-pools/axis1-empathy-detachment.json","58","Empathy","empathy","conditional_only","conditional_only","When","When I notice that I have overlooked someone's hardship, I become concerned about what they are experiencing."
"source_pool","data/question-pools/axis1-empathy-detachment.json","59","Empathy","empathy","conditional_only","conditional_only","When","When someone I love is in pain, I feel a strong wish to ease it."
"source_pool","data/question-pools/axis1-empathy-detachment.json","60","Empathy","empathy","context_candidate","relationship","stranger","A stranger's visible distress makes me want to step in."
"source_pool","data/question-pools/axis1-empathy-detachment.json","61","Empathy","empathy","no_lexical_cue","","","Hearing that someone has been badly hurt leaves me wanting to reach out to them."
"source_pool","data/question-pools/axis1-empathy-detachment.json","62","Empathy","empathy","conditional_only","conditional_only","When","When someone tells me about a painful loss, I want to comfort them."
"source_pool","data/question-pools/axis1-empathy-detachment.json","63","Empathy","empathy","context_candidate","event","suffering","It is hard for me to stop thinking about someone who is suffering."
"source_pool","data/question-pools/axis1-empathy-detachment.json","64","Empathy","empathy","context_candidate","event","suffering","Someone's suffering stays on my mind until I know they are all right."
"source_pool","data/question-pools/axis1-empathy-detachment.json","65","Empathy","empathy","conditional_only","conditional_only","When","When someone is hurting, I want their pain to end."
"source_pool","data/question-pools/axis1-empathy-detachment.json","66","Empathy","empathy","context_candidate","relationship; event","stranger; suffering","Even a stranger's serious suffering makes me want to see it relieved."
"source_pool","data/question-pools/axis1-empathy-detachment.json","67","Empathy","empathy","conditional_only","conditional_only","when","I feel a strong wish to help when someone I know is struggling."
"source_pool","data/question-pools/axis1-empathy-detachment.json","68","Empathy","empathy","context_candidate","event","suffering","Another person's serious suffering weighs on me."
"source_pool","data/question-pools/axis1-empathy-detachment.json","69","Empathy","empathy","no_lexical_cue","","","Once I know that someone is in serious pain, their wellbeing matters a great deal to me."
"source_pool","data/question-pools/axis1-empathy-detachment.json","70","Empathy","empathy","context_candidate","event","suffering","Even after hearing only a brief account of someone's suffering, I care what happens to them."
"source_pool","data/question-pools/axis1-empathy-detachment.json","71","Empathy","empathy","no_lexical_cue","","","Seeing someone I don't know in real trouble makes me care about their wellbeing."
"source_pool","data/question-pools/axis1-empathy-detachment.json","72","Empathy","empathy","context_candidate","event","suffering","When people are suffering, I want things to get better for them, whether or not I know them."
"source_pool","data/question-pools/axis1-empathy-detachment.json","73","Empathy","empathy","conditional_only","conditional_only","When; if","When someone's hardship is severe, it matters to me even if I can do nothing about it."
"source_pool","data/question-pools/axis1-empathy-detachment.json","74","Empathy","empathy","context_candidate","event","suffering","I wish I could relieve suffering I hear about, even when I have no means to."
"source_pool","data/question-pools/axis1-empathy-detachment.json","75","Empathy","empathy","context_candidate","relationship; event","close to me; suffering","The suffering of the people close to me matters a great deal to me."
"source_pool","data/question-pools/axis1-empathy-detachment.json","76","Empathy","empathy","context_candidate","event","suffering","Learning that a person is suffering makes me want to know if there is anything that would help them."
"source_pool","data/question-pools/axis1-empathy-detachment.json","77","Empathy","empathy","no_lexical_cue","","","Other people's hardships tend to matter to me."
"source_pool","data/question-pools/axis1-empathy-detachment.json","78","Empathy","empathy","conditional_only","conditional_only","When","When I hear that someone is having a hard time, I usually wish things would go better for them."
"source_pool","data/question-pools/axis1-empathy-detachment.json","79","Empathy","empathy","no_lexical_cue","","","I often find myself hoping that people I hear about who are struggling will be okay."
"source_pool","data/question-pools/axis1-empathy-detachment.json","80","Empathy","empathy","context_candidate","event","suffering","Most of the time, other people's suffering feels important to me."
"source_pool","data/question-pools/axis1-empathy-detachment.json","81","Empathy","empathy","context_candidate","event","bad news","Learning that someone has had bad news usually makes me want to reach out."
"source_pool","data/question-pools/axis1-empathy-detachment.json","82","Empathy","empathy","no_lexical_cue","","","Other people's small hardships often matter to me too."
"source_pool","data/question-pools/axis1-empathy-detachment.json","83","Empathy","empathy","no_lexical_cue","","","I am somewhat more moved by other people's hardships than most people I know."
"source_pool","data/question-pools/axis1-empathy-detachment.json","84","Empathy","empathy","context_candidate","relationship","friend","When a friend is hurting, I usually want to help."
"source_pool","data/question-pools/axis1-empathy-detachment.json","85","Empathy","empathy","context_candidate","event","suffering","A person's suffering sometimes stays with me after I have left them."
"source_pool","data/question-pools/axis1-empathy-detachment.json","86","Empathy","empathy","context_candidate","event","Suffering","Suffering among people whose lives are very different from mine still matters to me."
"source_pool","data/question-pools/axis1-empathy-detachment.json","87","Empathy","empathy","conditional_only","conditional_only","When","When I hear about a group of people in serious trouble, I usually feel some concern for them."
"source_pool","data/question-pools/axis1-empathy-detachment.json","88","Empathy","empathy","no_lexical_cue","","","Reflecting on someone's difficulties often makes me wish I could ease them."
"source_pool","data/question-pools/axis1-empathy-detachment.json","89","Empathy","empathy","context_candidate","event","suffering","When someone is suffering, I hope things turn out well for them."
"source_pool","data/question-pools/axis1-empathy-detachment.json","90","Empathy","empathy","no_lexical_cue","","","I often wish I could do something for people who are having a hard time."
"source_pool","data/question-pools/axis1-empathy-detachment.json","91","Empathy","detachment","no_lexical_cue","","","Other people's hardships tend to matter little to me."
"source_pool","data/question-pools/axis1-empathy-detachment.json","92","Empathy","detachment","conditional_only","conditional_only","When","When someone shares a painful experience, the fact of their pain carries little weight in my mind."
"source_pool","data/question-pools/axis1-empathy-detachment.json","93","Empathy","detachment","context_candidate","event","suffering","The suffering of people I don't know rarely seems important to me."
"source_pool","data/question-pools/axis1-empathy-detachment.json","94","Empathy","detachment","no_lexical_cue","","","Hearing that someone is going through a hard time rarely changes how I think about my own day."
"source_pool","data/question-pools/axis1-empathy-detachment.json","95","Empathy","detachment","no_lexical_cue","","","Someone's ongoing hardship rarely stays on my mind once I am no longer with them."
"source_pool","data/question-pools/axis1-empathy-detachment.json","96","Empathy","detachment","context_candidate","event","suffering","Learning that people are suffering somewhere else seldom makes me care what happens to them."
"source_pool","data/question-pools/axis1-empathy-detachment.json","97","Empathy","detachment","no_lexical_cue","","","Reading or hearing about people in pain usually leaves me without much concern for them."
"source_pool","data/question-pools/axis1-empathy-detachment.json","98","Empathy","detachment","conditional_only","conditional_only","When","When someone is in pain, I rarely feel a wish to make it better."
"source_pool","data/question-pools/axis1-empathy-detachment.json","99","Empathy","detachment","no_lexical_cue","","","Knowing that a person is struggling seldom makes me want to do anything about it."
"source_pool","data/question-pools/axis1-empathy-detachment.json","100","Empathy","detachment","context_candidate","event","suffering","When I understand why someone is suffering, I still rarely want their situation to change."
"source_pool","data/question-pools/axis1-empathy-detachment.json","101","Empathy","detachment","conditional_only","conditional_only","when","I seldom feel pulled to respond when someone around me is having a hard time."
"source_pool","data/question-pools/axis1-empathy-detachment.json","102","Empathy","detachment","conditional_only","conditional_only","When","When someone shares a struggle with me, I tend to treat it as information rather than as something that calls for a response."
"source_pool","data/question-pools/axis1-empathy-detachment.json","103","Empathy","detachment","no_lexical_cue","","","I rarely feel drawn to check in on people who are having a hard time."
"source_pool","data/question-pools/axis1-empathy-detachment.json","104","Empathy","detachment","context_candidate","event","difficult time","When I learn that someone I know is going through a difficult time, my first instinct is rarely to consider how I might help."
"source_pool","data/question-pools/axis1-empathy-detachment.json","105","Empathy","detachment","context_candidate","event","suffering","When I see that someone is suffering, it usually makes no difference to what I want to do next."
"source_pool","data/question-pools/axis1-empathy-detachment.json","106","Empathy","detachment","conditional_only","conditional_only","when","Even when I clearly understand another person's hardship, their wellbeing rarely becomes more important to me."
"source_pool","data/question-pools/axis1-empathy-detachment.json","107","Empathy","detachment","no_lexical_cue","","","Thinking through someone's difficulties rarely makes me care about them more."
"source_pool","data/question-pools/axis1-empathy-detachment.json","108","Empathy","detachment","context_candidate","event","suffering","Statistics or reports about people's suffering leave me with little concern for the people involved."
"source_pool","data/question-pools/axis1-empathy-detachment.json","109","Empathy","detachment","context_candidate","event","suffering","Hearing that a problem harms many people rarely makes me want their suffering reduced."
"source_pool","data/question-pools/axis1-empathy-detachment.json","110","Empathy","detachment","conditional_only","conditional_only","when","Even when someone's pain is vivid and immediate, I feel little wish to ease it."
"source_pool","data/question-pools/axis1-empathy-detachment.json","111","Empathy","detachment","conditional_only","conditional_only","When","When someone near me is visibly upset, I rarely feel any urge to comfort or help them."
"source_pool","data/question-pools/axis1-empathy-detachment.json","112","Empathy","detachment","conditional_only","conditional_only","after","A person's hardship stops mattering to me soon after I hear about it."
"source_pool","data/question-pools/axis1-empathy-detachment.json","113","Empathy","detachment","no_lexical_cue","","","Once I stop hearing about a person's troubles, I stop thinking about their wellbeing."
"source_pool","data/question-pools/axis1-empathy-detachment.json","114","Empathy","detachment","context_candidate","event","Suffering","Suffering among people outside my own circle rarely concerns me."
"source_pool","data/question-pools/axis1-empathy-detachment.json","115","Empathy","detachment","no_lexical_cue","","","I feel little concern for the wellbeing of people I will never meet."
"source_pool","data/question-pools/axis1-empathy-detachment.json","116","Empathy","detachment","context_candidate","relationship","stranger","A stranger's hardship rarely matters to me."
"source_pool","data/question-pools/axis1-empathy-detachment.json","117","Empathy","detachment","context_candidate","event","suffering","Other people's suffering is mostly their concern, not mine."
"source_pool","data/question-pools/axis1-empathy-detachment.json","118","Empathy","detachment","conditional_only","conditional_only","When","When several people need help, none of their situations weighs on me much."
"source_pool","data/question-pools/axis1-empathy-detachment.json","119","Empathy","detachment","no_lexical_cue","","","I am often less concerned about other people's troubles than the people around me are."
"source_pool","data/question-pools/axis1-empathy-detachment.json","120","Empathy","detachment","no_lexical_cue","","","Other people's pain seldom feels like something that requires a response from me."
"source_pool","data/question-pools/axis1-empathy-detachment.json","121","Empathy","detachment","conditional_only","conditional_only","When","When I see someone crying, I rarely feel any wish to help."
"source_pool","data/question-pools/axis1-empathy-detachment.json","122","Empathy","detachment","conditional_only","conditional_only","when","Even when someone I am with is clearly in distress, their pain leaves me largely unmoved."
"source_pool","data/question-pools/axis1-empathy-detachment.json","123","Empathy","detachment","context_candidate","relationship","stranger","A stranger's obvious anguish in front of me rarely makes me want to step in."
"source_pool","data/question-pools/axis1-empathy-detachment.json","124","Empathy","detachment","conditional_only","conditional_only","When","When someone tells me about something painful that happened to them, I rarely feel any pull to comfort them."
"source_pool","data/question-pools/axis1-empathy-detachment.json","125","Empathy","detachment","context_candidate","event","suffering","Being close to someone's suffering rarely makes it matter more to me."
"source_pool","data/question-pools/axis1-empathy-detachment.json","126","Empathy","detachment","no_lexical_cue","","","Someone's tears or visible distress rarely change what I want to do."
"source_pool","data/question-pools/axis1-empathy-detachment.json","127","Empathy","detachment","context_candidate","relationship","friend","When a friend is in real pain, I often feel little wish to relieve it."
"source_pool","data/question-pools/axis1-empathy-detachment.json","128","Empathy","detachment","context_candidate","event","suffering","Watching a person suffer usually stirs no wish in me to ease their suffering."
"source_pool","data/question-pools/axis1-empathy-detachment.json","129","Empathy","detachment","conditional_only","conditional_only","when","Even when I am convinced that someone is being harmed, I feel little wish to see it stop."
"source_pool","data/question-pools/axis1-empathy-detachment.json","130","Empathy","detachment","context_candidate","event","suffering","Learning that suffering could easily be prevented seldom makes me want it prevented."
"source_pool","data/question-pools/axis1-empathy-detachment.json","131","Empathy","detachment","conditional_only","conditional_only","When","When I understand that a person's pain is serious, that fact alone rarely makes me want to help."
"source_pool","data/question-pools/axis1-empathy-detachment.json","132","Empathy","detachment","context_candidate","event","suffering","I don't see other people's private suffering as something I need to be concerned about."
"source_pool","data/question-pools/axis1-empathy-detachment.json","133","Empathy","detachment","conditional_only","conditional_only","after","Even after hearing exactly what a person has endured, I feel little concern about what happens to them."
"source_pool","data/question-pools/axis1-empathy-detachment.json","134","Empathy","detachment","no_lexical_cue","","","Evidence of preventable harm to others seldom makes me want to do anything about it."
"source_pool","data/question-pools/axis1-empathy-detachment.json","135","Empathy","detachment","conditional_only","conditional_only","When","When I recognize that someone could be seriously hurt, preventing that harm rarely matters to me."
"source_pool","data/question-pools/axis1-empathy-detachment.json","136","Empathy","detachment","no_lexical_cue","","","Once a hard moment for someone has passed, I rarely give their wellbeing another thought."
"source_pool","data/question-pools/axis1-empathy-detachment.json","137","Empathy","detachment","no_lexical_cue","","","Someone's continuing hardship rarely matters to me once the news is old."
"source_pool","data/question-pools/axis1-empathy-detachment.json","138","Empathy","detachment","context_candidate","relationship","friend","A friend's ongoing struggle rarely weighs on me."
"source_pool","data/question-pools/axis1-empathy-detachment.json","139","Empathy","detachment","context_candidate","event","suffering","The suffering of people I see as outside my group rarely concerns me."
"source_pool","data/question-pools/axis1-empathy-detachment.json","140","Empathy","detachment","context_candidate","event","suffering","I feel little concern for suffering in places I have never been."
"source_pool","data/question-pools/axis1-empathy-detachment.json","141","Empathy","detachment","no_lexical_cue","","","The hardships of people I have no connection to carry little weight for me."
"source_pool","data/question-pools/axis1-empathy-detachment.json","142","Empathy","detachment","context_candidate","event","suffering","Most of the time, other people's suffering does not feel important to me."
"source_pool","data/question-pools/axis1-empathy-detachment.json","143","Empathy","detachment","conditional_only","conditional_only","when","Others' pain rarely feels like it matters to me, even when I know them well."
"source_pool","data/question-pools/axis1-empathy-detachment.json","144","Empathy","detachment","no_lexical_cue","","","I seldom find myself concerned about how another person's difficulties will turn out."
"source_pool","data/question-pools/axis1-empathy-detachment.json","145","Empathy","detachment","conditional_only","conditional_only","When","When a person I know is struggling, I rarely feel a wish to be of help."
"source_pool","data/question-pools/axis1-empathy-detachment.json","146","Empathy","detachment","conditional_only","conditional_only","when","Even when I know I could easily help someone in pain, I feel little wish to."
"source_pool","data/question-pools/axis1-empathy-detachment.json","147","Empathy","detachment","no_lexical_cue","","","Others' need for help seldom gives me a reason to want to act."
"source_pool","data/question-pools/axis1-empathy-detachment.json","148","Empathy","detachment","conditional_only","conditional_only","When","When someone asks for my support in a hard time, I usually feel little wish to give it."
"source_pool","data/question-pools/axis1-empathy-detachment.json","149","Empathy","detachment","context_candidate","event","crisis","Hearing about a crisis affecting others seldom leaves me wanting anything to change for them."
"source_pool","data/question-pools/axis1-empathy-detachment.json","150","Empathy","detachment","context_candidate","event","suffering","Wanting someone else's suffering to ease is rarely part of how I respond to their situation."
"source_pool","data/question-pools/axis1-empathy-detachment.json","151","Empathy","detachment","conditional_only","conditional_only","When","When someone I love is going through something painful, I feel little wish to ease it."
"source_pool","data/question-pools/axis1-empathy-detachment.json","152","Empathy","detachment","no_lexical_cue","","","Another person's pain rarely feels real enough to matter to me."
"source_pool","data/question-pools/axis1-empathy-detachment.json","153","Empathy","detachment","context_candidate","event","suffering","Someone's serious suffering leaves me with little concern for what happens to them."
"source_pool","data/question-pools/axis1-empathy-detachment.json","154","Empathy","detachment","context_candidate","relationship","stranger","When a stranger is in visible distress, I feel little wish to help."
"source_pool","data/question-pools/axis1-empathy-detachment.json","155","Empathy","detachment","conditional_only","conditional_only","when","I feel little concern when I hear that someone has been badly hurt."
"source_pool","data/question-pools/axis1-empathy-detachment.json","156","Empathy","detachment","context_candidate","event","suffering","However serious someone's suffering is, it seldom makes me want to do anything."
"source_pool","data/question-pools/axis1-empathy-detachment.json","157","Empathy","detachment","context_candidate","event","suffering","Even when someone I know is suffering deeply, I feel little concern about what happens to them."
"source_pool","data/question-pools/axis1-empathy-detachment.json","158","Empathy","detachment","no_lexical_cue","","","Someone else's grief rarely makes me want to comfort them."
"source_pool","data/question-pools/axis1-empathy-detachment.json","159","Empathy","detachment","no_lexical_cue","","","Hearing that someone has died or been badly hurt leaves me with little wish to reach out."
"source_pool","data/question-pools/axis1-empathy-detachment.json","160","Empathy","detachment","no_lexical_cue","","","Someone's pain stops mattering to me almost as soon as I stop seeing it."
"source_pool","data/question-pools/axis1-empathy-detachment.json","161","Empathy","detachment","context_candidate","event","suffering","I forget about other people's suffering as soon as I have something else to think about."
"source_pool","data/question-pools/axis1-empathy-detachment.json","162","Empathy","detachment","context_candidate","event","suffering","Wanting someone else's suffering to ease rarely crosses my mind."
"source_pool","data/question-pools/axis1-empathy-detachment.json","163","Empathy","detachment","conditional_only","conditional_only","after","Even after hearing the whole story of what a person has endured, I feel little wish to help them."
"source_pool","data/question-pools/axis1-empathy-detachment.json","164","Empathy","detachment","context_candidate","event","suffering","When suffering is described in vivid detail, it still carries little weight for me."
"source_pool","data/question-pools/axis1-empathy-detachment.json","165","Empathy","detachment","no_lexical_cue","","","Learning about serious harm to people far away leaves me with little wish to see it end."
"source_pool","data/question-pools/axis1-empathy-detachment.json","166","Empathy","detachment","context_candidate","relationship","coworker","When a coworker or neighbor is struggling, I feel little wish to help them."
"source_pool","data/question-pools/axis1-empathy-detachment.json","167","Empathy","detachment","context_candidate","event","suffering","Knowing that someone will keep suffering rarely bothers me."
"source_pool","data/question-pools/axis1-empathy-detachment.json","168","Empathy","detachment","context_candidate","event","suffering","Someone else's suffering rarely makes me want anything at all for them."
"source_pool","data/question-pools/axis1-empathy-detachment.json","169","Empathy","detachment","no_lexical_cue","","","Other people's problems only occasionally seem to matter to me."
"source_pool","data/question-pools/axis1-empathy-detachment.json","170","Empathy","detachment","context_candidate","event","suffering","Others' suffering sometimes fails to register as something that matters to me."
"source_pool","data/question-pools/axis1-empathy-detachment.json","171","Empathy","detachment","no_lexical_cue","","","Others' hardships sometimes leave me without much wish to help."
"source_pool","data/question-pools/axis1-empathy-detachment.json","172","Empathy","detachment","context_candidate","relationship","friend","When a friend is hurting, my wish to help is often weaker than I expect it to be."
"source_pool","data/question-pools/axis1-empathy-detachment.json","173","Empathy","detachment","context_candidate","event","suffering","Someone's suffering usually has to be severe before it matters to me."
"source_pool","data/question-pools/axis1-empathy-detachment.json","174","Empathy","detachment","context_candidate","event","bad news","Hearing that someone has had bad news usually doesn't make me want to reach out."
"source_pool","data/question-pools/axis1-empathy-detachment.json","175","Empathy","detachment","no_lexical_cue","","","Small hardships in other people's lives rarely matter to me."
"source_pool","data/question-pools/axis1-empathy-detachment.json","176","Empathy","detachment","no_lexical_cue","","","I am somewhat less moved by other people's hardships than most people I know."
"source_pool","data/question-pools/axis1-empathy-detachment.json","177","Empathy","detachment","context_candidate","event","Suffering","Suffering among people whose lives are very different from mine carries little weight for me."
"source_pool","data/question-pools/axis1-empathy-detachment.json","178","Empathy","detachment","no_lexical_cue","","","Reflecting on someone's difficulties rarely makes me feel any wish to ease them."
"source_pool","data/question-pools/axis1-empathy-detachment.json","179","Empathy","detachment","conditional_only","conditional_only","When","When I hear about a group of people in serious trouble, I seldom feel any concern for them."
"source_pool","data/question-pools/axis1-empathy-detachment.json","180","Empathy","detachment","context_candidate","event","suffering","A person's suffering rarely changes what I hope will happen for them."
"source_pool","data/question-pools/axis2-self-orientation.json","1","Self-Orientation","altruism","conditional_only","conditional_only","When","When I have extra money, my first thought is who else could use it."
"source_pool","data/question-pools/axis2-self-orientation.json","2","Self-Orientation","altruism","no_lexical_cue","","","I tend to craft my daily schedule around what the people in my life need from me."
"source_pool","data/question-pools/axis2-self-orientation.json","3","Self-Orientation","altruism","no_lexical_cue","","","I would spend my sabbatical working on behalf of a community project rather than resting."
"source_pool","data/question-pools/axis2-self-orientation.json","4","Self-Orientation","altruism","context_candidate","relationship","friend; colleague; family","I often cancel my own plans to help a friend, colleague, or family member."
"source_pool","data/question-pools/axis2-self-orientation.json","5","Self-Orientation","altruism","no_lexical_cue","","","I routinely pick up tasks no one else wants to do, so the group can function well."
"source_pool","data/question-pools/axis2-self-orientation.json","6","Self-Orientation","altruism","context_candidate","setting","team","I tend to work extra hours not for my own advancement, but to lighten the load for my team."
"source_pool","data/question-pools/axis2-self-orientation.json","7","Self-Orientation","altruism","conditional_only","conditional_only","When","When resources are scarce, I instinctively direct them toward other people first."
"source_pool","data/question-pools/axis2-self-orientation.json","8","Self-Orientation","altruism","no_lexical_cue","","","I tend to fill gaps in any group without being asked—whatever is missing, I provide."
"source_pool","data/question-pools/axis2-self-orientation.json","9","Self-Orientation","altruism","conditional_only","conditional_only","when","I find it natural to defer my own interests when group needs arise."
"source_pool","data/question-pools/axis2-self-orientation.json","10","Self-Orientation","altruism","no_lexical_cue","","","I tend to take on the overnight shift or the early morning slot so others can have the easier schedule."
"source_pool","data/question-pools/axis2-self-orientation.json","11","Self-Orientation","altruism","conditional_only","conditional_only","if","I routinely turn down personal opportunities if they would take me away from people who rely on me."
"source_pool","data/question-pools/axis2-self-orientation.json","12","Self-Orientation","altruism","no_lexical_cue","","","I feel a responsibility to contribute more than my fair share."
"source_pool","data/question-pools/axis2-self-orientation.json","13","Self-Orientation","altruism","conditional_only","conditional_only","when","I prefer to let others take credit even when I did most of the work."
"source_pool","data/question-pools/axis2-self-orientation.json","14","Self-Orientation","altruism","conditional_only","conditional_only","if","I tend to choose the harder path if it clears the way for someone else."
"source_pool","data/question-pools/axis2-self-orientation.json","15","Self-Orientation","altruism","no_lexical_cue","","","I would use my professional influence to open doors for others rather than to advance my own agenda."
"source_pool","data/question-pools/axis2-self-orientation.json","16","Self-Orientation","altruism","no_lexical_cue","","","I tend to allocate the majority of my time to tasks that benefit other people."
"source_pool","data/question-pools/axis2-self-orientation.json","17","Self-Orientation","altruism","conditional_only","conditional_only","when","I routinely choose the option that benefits others, even when a different choice would benefit me more."
"source_pool","data/question-pools/axis2-self-orientation.json","18","Self-Orientation","altruism","no_lexical_cue","","","I find deep contentment in giving away things I worked hard to earn."
"source_pool","data/question-pools/axis2-self-orientation.json","19","Self-Orientation","altruism","no_lexical_cue","","","I find purpose in being the one who shoulders the burden so others don't have to."
"source_pool","data/question-pools/axis2-self-orientation.json","20","Self-Orientation","altruism","no_lexical_cue","","","I would rather go without something I want so that someone else can have what they need."
"source_pool","data/question-pools/axis2-self-orientation.json","21","Self-Orientation","altruism","no_lexical_cue","","","I tend to spend my weekends doing things for other people rather than pursuing my own hobbies."
"source_pool","data/question-pools/axis2-self-orientation.json","22","Self-Orientation","altruism","no_lexical_cue","","","I find deep satisfaction in making personal sacrifices for the benefit of my community."
"source_pool","data/question-pools/axis2-self-orientation.json","23","Self-Orientation","altruism","context_candidate","relationship","family","I would work a job I dislike if it meant my family or community benefited greatly."
"source_pool","data/question-pools/axis2-self-orientation.json","24","Self-Orientation","altruism","conditional_only","conditional_only","before","I tend to donate or share resources before setting aside savings for myself."
"source_pool","data/question-pools/axis2-self-orientation.json","25","Self-Orientation","altruism","context_candidate","event","conflict","I tend to put others' comfort ahead of efficiency when the two conflict."
"source_pool","data/question-pools/axis2-self-orientation.json","26","Self-Orientation","altruism","context_candidate","relationship","close to me","I would postpone my own goals indefinitely if someone close to me needed my help."
"source_pool","data/question-pools/axis2-self-orientation.json","27","Self-Orientation","altruism","conditional_only","conditional_only","before","I tend to respond to every request for help before attending to my own inbox."
"source_pool","data/question-pools/axis2-self-orientation.json","28","Self-Orientation","altruism","no_lexical_cue","","","I often forgo recognition so that others can be acknowledged instead."
"source_pool","data/question-pools/axis2-self-orientation.json","29","Self-Orientation","altruism","no_lexical_cue","","","I tend to go without rest to make sure the people around me are supported."
"source_pool","data/question-pools/axis2-self-orientation.json","30","Self-Orientation","altruism","no_lexical_cue","","","I tend to share my food, my space, and my belongings without a second thought."
"source_pool","data/question-pools/axis2-self-orientation.json","31","Self-Orientation","altruism","conditional_only","conditional_only","when","I routinely offer to drive others to appointments, even when it disrupts my own plans."
"source_pool","data/question-pools/axis2-self-orientation.json","32","Self-Orientation","altruism","context_candidate","setting","team","I would decline an award or honor and redirect attention to the team."
"source_pool","data/question-pools/axis2-self-orientation.json","33","Self-Orientation","altruism","no_lexical_cue","","","I tend to measure my worth by how much I've contributed to others, not by what I've accumulated."
"source_pool","data/question-pools/axis2-self-orientation.json","34","Self-Orientation","altruism","context_candidate","setting","in group","I routinely absorb extra costs in group situations so others pay less."
"source_pool","data/question-pools/axis2-self-orientation.json","35","Self-Orientation","altruism","no_lexical_cue","","","I feel a deep sense of duty to use everything I have in service of others."
"source_pool","data/question-pools/axis2-self-orientation.json","36","Self-Orientation","altruism","no_lexical_cue","","","I would choose a lower-paying role that lets me serve my community over a higher-paying one that does not."
"source_pool","data/question-pools/axis2-self-orientation.json","37","Self-Orientation","altruism","conditional_only","conditional_only","if","I would give up a cherished personal goal if doing so served a greater collective need."
"source_pool","data/question-pools/axis2-self-orientation.json","38","Self-Orientation","altruism","context_candidate","relationship","friends","I routinely check in on neighbors, acquaintances, and distant friends to make sure they are okay."
"source_pool","data/question-pools/axis2-self-orientation.json","39","Self-Orientation","altruism","context_candidate","relationship; event","coworker; family; crisis","I would skip my own vacation to cover for a coworker dealing with a family crisis."
"source_pool","data/question-pools/axis2-self-orientation.json","40","Self-Orientation","altruism","conditional_only","conditional_only","if","I would forgo a hobby I love if the time could be better spent helping my community."
"source_pool","data/question-pools/axis2-self-orientation.json","41","Self-Orientation","altruism","no_lexical_cue","","","I routinely put my health second to the needs of those who depend on me."
"source_pool","data/question-pools/axis2-self-orientation.json","42","Self-Orientation","altruism","no_lexical_cue","","","I instinctively offer my seat, my place in line, or my turn to someone else."
"source_pool","data/question-pools/axis2-self-orientation.json","43","Self-Orientation","altruism","no_lexical_cue","","","I would trade a comfortable retirement for the chance to fund someone else's education."
"source_pool","data/question-pools/axis2-self-orientation.json","44","Self-Orientation","altruism","conditional_only","conditional_only","if","I would happily take a pay cut if it meant funding a cause I care about."
"source_pool","data/question-pools/axis2-self-orientation.json","45","Self-Orientation","altruism","no_lexical_cue","","","I routinely spend my lunch break helping others with their tasks instead of resting."
"source_pool","data/question-pools/axis2-self-orientation.json","46","Self-Orientation","altruism","context_candidate","relationship","colleague","I routinely stay late to help a colleague finish their work, even when mine is already done."
"source_pool","data/question-pools/axis2-self-orientation.json","47","Self-Orientation","altruism","no_lexical_cue","","","I routinely accept the worst option for myself so that others can have the better one."
"source_pool","data/question-pools/axis2-self-orientation.json","48","Self-Orientation","altruism","no_lexical_cue","","","I would downsize my own living situation to free up resources for people who need help."
"source_pool","data/question-pools/axis2-self-orientation.json","49","Self-Orientation","altruism","no_lexical_cue","","","I find it genuinely easier to give than to receive."
"source_pool","data/question-pools/axis2-self-orientation.json","50","Self-Orientation","altruism","no_lexical_cue","","","I routinely carry extra supplies, snacks, or resources in case someone around me needs them."
"source_pool","data/question-pools/axis2-self-orientation.json","51","Self-Orientation","altruism","no_lexical_cue","","","I routinely lend my possessions and rarely ask for them back."
"source_pool","data/question-pools/axis2-self-orientation.json","52","Self-Orientation","altruism","context_candidate","relationship","family","I would take on a second job to support a family member's dream."
"source_pool","data/question-pools/axis2-self-orientation.json","53","Self-Orientation","altruism","no_lexical_cue","","","I routinely proofread, edit, or review other people's work without being asked."
"source_pool","data/question-pools/axis2-self-orientation.json","54","Self-Orientation","altruism","no_lexical_cue","","","I tend to choose careers and projects based on how much they allow me to help others."
"source_pool","data/question-pools/axis2-self-orientation.json","55","Self-Orientation","altruism","no_lexical_cue","","","I find that the thought of others benefiting from my effort is the strongest motivation I know."
"source_pool","data/question-pools/axis2-self-orientation.json","56","Self-Orientation","altruism","no_lexical_cue","","","I would relocate to be closer to someone who needs my daily support."
"source_pool","data/question-pools/axis2-self-orientation.json","57","Self-Orientation","altruism","no_lexical_cue","","","I routinely translate, explain, or simplify information so others can access it."
"source_pool","data/question-pools/axis2-self-orientation.json","58","Self-Orientation","altruism","no_lexical_cue","","","I routinely make financial sacrifices to support people in my life."
"source_pool","data/question-pools/axis2-self-orientation.json","59","Self-Orientation","altruism","no_lexical_cue","","","I find that deflecting praise and redirecting it to others feels natural and right."
"source_pool","data/question-pools/axis2-self-orientation.json","60","Self-Orientation","altruism","no_lexical_cue","","","I find that working behind the scenes for others' benefit is more satisfying than being in the spotlight."
"source_pool","data/question-pools/axis2-self-orientation.json","61","Self-Orientation","altruism","context_candidate","setting","team","I would trade personal recognition for the satisfaction of knowing my efforts lifted the team."
"source_pool","data/question-pools/axis2-self-orientation.json","62","Self-Orientation","altruism","no_lexical_cue","","","I routinely offer to handle the least glamorous tasks in any group effort."
"source_pool","data/question-pools/axis2-self-orientation.json","63","Self-Orientation","altruism","no_lexical_cue","","","I feel most proud of the things I did for others, not the things I achieved for myself."
"source_pool","data/question-pools/axis2-self-orientation.json","64","Self-Orientation","altruism","conditional_only","conditional_only","when","I feel most purposeful when I am tutoring, coaching, or guiding someone through a challenge."
"source_pool","data/question-pools/axis2-self-orientation.json","65","Self-Orientation","altruism","no_lexical_cue","","","I tend to set my thermostat, my music, and my lighting to what makes my household most comfortable, not just me."
"source_pool","data/question-pools/axis2-self-orientation.json","66","Self-Orientation","altruism","conditional_only","conditional_only","when","I feel most fulfilled when I have given away more than I have kept."
"source_pool","data/question-pools/axis2-self-orientation.json","67","Self-Orientation","altruism","conditional_only","conditional_only","if","I would turn down a dream job if accepting it meant abandoning someone who depends on me."
"source_pool","data/question-pools/axis2-self-orientation.json","68","Self-Orientation","altruism","no_lexical_cue","","","I routinely reduce my own workload expectations so I can pitch in where others are struggling."
"source_pool","data/question-pools/axis2-self-orientation.json","69","Self-Orientation","altruism","context_candidate","relationship","stranger","I would give up a front-row seat so a stranger could have a better experience."
"source_pool","data/question-pools/axis2-self-orientation.json","70","Self-Orientation","altruism","no_lexical_cue","","","I routinely bring extra food, supplies, or materials to share with whoever might need them."
"source_pool","data/question-pools/axis2-self-orientation.json","71","Self-Orientation","altruism","no_lexical_cue","","","I routinely pick up litter, fix broken things, and tidy shared spaces without being asked."
"source_pool","data/question-pools/axis2-self-orientation.json","72","Self-Orientation","altruism","conditional_only","conditional_only","when","I routinely write thoughtful, detailed feedback for others' projects even when no one asks."
"source_pool","data/question-pools/axis2-self-orientation.json","73","Self-Orientation","altruism","context_candidate","relationship; event","loved one; emergency; crisis","I would deplete my emergency fund to help a loved one avoid a crisis."
"source_pool","data/question-pools/axis2-self-orientation.json","74","Self-Orientation","altruism","conditional_only","conditional_only","when","I feel most aligned with my values when I am serving a purpose bigger than myself."
"source_pool","data/question-pools/axis2-self-orientation.json","75","Self-Orientation","altruism","no_lexical_cue","","","I routinely go out of my way to introduce people to opportunities they deserve."
"source_pool","data/question-pools/axis2-self-orientation.json","76","Self-Orientation","altruism","no_lexical_cue","","","I routinely set aside a portion of every paycheck specifically for helping others."
"source_pool","data/question-pools/axis2-self-orientation.json","77","Self-Orientation","altruism","conditional_only","conditional_only","if","I would share a professional secret or competitive advantage if it would significantly help someone else."
"source_pool","data/question-pools/axis2-self-orientation.json","78","Self-Orientation","altruism","conditional_only","conditional_only","when; before","I feel most at peace when I know I have put others before myself."
"source_pool","data/question-pools/axis2-self-orientation.json","79","Self-Orientation","altruism","conditional_only","conditional_only","when","I tend to undercharge or waive fees when someone genuinely cannot afford what I offer."
"source_pool","data/question-pools/axis2-self-orientation.json","80","Self-Orientation","altruism","no_lexical_cue","","","I routinely gather extra supplies so I can offer them to anyone in my circle who runs short."
"source_pool","data/question-pools/axis2-self-orientation.json","81","Self-Orientation","altruism","context_candidate","relationship","colleagues","I routinely hand off leads, clients, or referrals to colleagues who need them more."
"source_pool","data/question-pools/axis2-self-orientation.json","82","Self-Orientation","altruism","no_lexical_cue","","","I find that deferring my desires so a group can reach consensus comes easily to me."
"source_pool","data/question-pools/axis2-self-orientation.json","83","Self-Orientation","altruism","context_candidate","relationship","friend","I find that spending an afternoon helping a friend move is more rewarding than spending it on my own pursuits."
"source_pool","data/question-pools/axis2-self-orientation.json","84","Self-Orientation","altruism","no_lexical_cue","","","I would sacrifice a personal milestone to attend to someone else's urgent need."
"source_pool","data/question-pools/axis2-self-orientation.json","85","Self-Orientation","altruism","no_lexical_cue","","","I believe the measure of my day is how much I gave, not how much I gained."
"source_pool","data/question-pools/axis2-self-orientation.json","86","Self-Orientation","altruism","conditional_only","conditional_only","if","I would choose a less prestigious school or job if the alternative let me stay close to people who need me."
"source_pool","data/question-pools/axis2-self-orientation.json","87","Self-Orientation","altruism","no_lexical_cue","","","I believe that the right response to abundance is to distribute it, not to hoard it."
"source_pool","data/question-pools/axis2-self-orientation.json","88","Self-Orientation","altruism","conditional_only","conditional_only","when","I feel most like myself when I am in the middle of helping someone."
"source_pool","data/question-pools/axis2-self-orientation.json","89","Self-Orientation","altruism","no_lexical_cue","","","I hold the view that generosity with my time is the highest form of generosity."
"source_pool","data/question-pools/axis2-self-orientation.json","90","Self-Orientation","altruism","no_lexical_cue","","","I routinely adjust my pace, my route, or my method to match what works best for others."
"source_pool","data/question-pools/axis2-self-orientation.json","91","Self-Orientation","self-focus","conditional_only","conditional_only","when","I tend to pick the option that strengthens my personal position, even when alternatives would benefit the group more."
"source_pool","data/question-pools/axis2-self-orientation.json","92","Self-Orientation","self-focus","no_lexical_cue","","","I tend to frame every major decision by asking: does this move me closer to where I want to be?"
"source_pool","data/question-pools/axis2-self-orientation.json","93","Self-Orientation","self-focus","no_lexical_cue","","","I tend to think of my career as the central project of my life."
"source_pool","data/question-pools/axis2-self-orientation.json","94","Self-Orientation","self-focus","no_lexical_cue","","","I tend to evaluate any group activity by asking what I personally stand to gain."
"source_pool","data/question-pools/axis2-self-orientation.json","95","Self-Orientation","self-focus","no_lexical_cue","","","I routinely take credit for my contributions because acknowledging my own work matters to me."
"source_pool","data/question-pools/axis2-self-orientation.json","96","Self-Orientation","self-focus","conditional_only","conditional_only","before","I tend to weigh how a decision affects me before considering how it affects others."
"source_pool","data/question-pools/axis2-self-orientation.json","97","Self-Orientation","self-focus","no_lexical_cue","","","I tend to view my personal bucket list as a binding contract with myself."
"source_pool","data/question-pools/axis2-self-orientation.json","98","Self-Orientation","self-focus","no_lexical_cue","","","I tend to view my savings as a tool for my own future, not a resource for others."
"source_pool","data/question-pools/axis2-self-orientation.json","99","Self-Orientation","self-focus","no_lexical_cue","","","I routinely set ambitious goals for myself and dedicate significant effort to reaching them."
"source_pool","data/question-pools/axis2-self-orientation.json","100","Self-Orientation","self-focus","no_lexical_cue","","","I tend to ask for the raise, the upgrade, or the better deal without hesitation."
"source_pool","data/question-pools/axis2-self-orientation.json","101","Self-Orientation","self-focus","conditional_only","conditional_only","before","I tend to schedule personal time before committing to obligations for others."
"source_pool","data/question-pools/axis2-self-orientation.json","102","Self-Orientation","self-focus","no_lexical_cue","","","I tend to pick vacations based on what I want to see and do, not on what others prefer."
"source_pool","data/question-pools/axis2-self-orientation.json","103","Self-Orientation","self-focus","no_lexical_cue","","","I routinely say no to requests that don't align with my personal objectives."
"source_pool","data/question-pools/axis2-self-orientation.json","104","Self-Orientation","self-focus","conditional_only","conditional_only","when","I tend to keep a running tally of my personal wins and review them when I need motivation."
"source_pool","data/question-pools/axis2-self-orientation.json","105","Self-Orientation","self-focus","conditional_only","conditional_only","before","I tend to make sure my own needs are fully met before turning my attention outward."
"source_pool","data/question-pools/axis2-self-orientation.json","106","Self-Orientation","self-focus","no_lexical_cue","","","I tend to measure a good day by how much progress I made on my own goals."
"source_pool","data/question-pools/axis2-self-orientation.json","107","Self-Orientation","self-focus","no_lexical_cue","","","I tend to frame career conversations around my own aspirations and what I need to get there."
"source_pool","data/question-pools/axis2-self-orientation.json","108","Self-Orientation","self-focus","no_lexical_cue","","","I routinely spend my free time on activities that benefit me personally."
"source_pool","data/question-pools/axis2-self-orientation.json","109","Self-Orientation","self-focus","no_lexical_cue","","","I tend to choose mentors and advisors based on how they can accelerate my personal growth."
"source_pool","data/question-pools/axis2-self-orientation.json","110","Self-Orientation","self-focus","no_lexical_cue","","","I tend to see networking as a way to build my own opportunities, first and foremost."
"source_pool","data/question-pools/axis2-self-orientation.json","111","Self-Orientation","self-focus","no_lexical_cue","","","I tend to accept praise graciously and use it as fuel for further personal achievement."
"source_pool","data/question-pools/axis2-self-orientation.json","112","Self-Orientation","self-focus","no_lexical_cue","","","I routinely choose personal development over group activities."
"source_pool","data/question-pools/axis2-self-orientation.json","113","Self-Orientation","self-focus","context_candidate","event","unexpected","I tend to use unexpected free time for personal projects rather than reaching out to see if someone needs help."
"source_pool","data/question-pools/axis2-self-orientation.json","114","Self-Orientation","self-focus","no_lexical_cue","","","I tend to exit commitments that no longer align with where I want to go personally."
"source_pool","data/question-pools/axis2-self-orientation.json","115","Self-Orientation","self-focus","no_lexical_cue","","","I routinely set aside time and money specifically for my own growth and enjoyment."
"source_pool","data/question-pools/axis2-self-orientation.json","116","Self-Orientation","self-focus","no_lexical_cue","","","I tend to seek out roles and projects that will look good on my own record."
"source_pool","data/question-pools/axis2-self-orientation.json","117","Self-Orientation","self-focus","no_lexical_cue","","","I tend to define success in terms of my own benchmarks, not in terms of what I did for others."
"source_pool","data/question-pools/axis2-self-orientation.json","118","Self-Orientation","self-focus","no_lexical_cue","","","I routinely invest in education and training that advances my own skills."
"source_pool","data/question-pools/axis2-self-orientation.json","119","Self-Orientation","self-focus","no_lexical_cue","","","I routinely turn down favors that would distract from my personal priorities."
"source_pool","data/question-pools/axis2-self-orientation.json","120","Self-Orientation","self-focus","no_lexical_cue","","","I tend to make major life decisions based primarily on what excites and fulfills me."
"source_pool","data/question-pools/axis2-self-orientation.json","121","Self-Orientation","self-focus","no_lexical_cue","","","I tend to measure my week by how much I advanced my own objectives."
"source_pool","data/question-pools/axis2-self-orientation.json","122","Self-Orientation","self-focus","no_lexical_cue","","","I routinely block off calendar time that belongs exclusively to me."
"source_pool","data/question-pools/axis2-self-orientation.json","123","Self-Orientation","self-focus","no_lexical_cue","","","I tend to structure group decisions around outcomes that benefit me most."
"source_pool","data/question-pools/axis2-self-orientation.json","124","Self-Orientation","self-focus","no_lexical_cue","","","I routinely optimize my schedule around my own peak performance."
"source_pool","data/question-pools/axis2-self-orientation.json","125","Self-Orientation","self-focus","conditional_only","conditional_only","if","I routinely choose the path of least resistance for myself, even if it requires more from others."
"source_pool","data/question-pools/axis2-self-orientation.json","126","Self-Orientation","self-focus","no_lexical_cue","","","I find that designing my ideal morning, without accommodation for anyone else, sets me up for success."
"source_pool","data/question-pools/axis2-self-orientation.json","127","Self-Orientation","self-focus","no_lexical_cue","","","I tend to choose the restaurant, the movie, or the activity that I most want."
"source_pool","data/question-pools/axis2-self-orientation.json","128","Self-Orientation","self-focus","no_lexical_cue","","","I routinely turn down invitations that do not serve my personal interests or growth."
"source_pool","data/question-pools/axis2-self-orientation.json","129","Self-Orientation","self-focus","no_lexical_cue","","","I routinely invest in courses, certifications, and credentials that advance my career."
"source_pool","data/question-pools/axis2-self-orientation.json","130","Self-Orientation","self-focus","no_lexical_cue","","","I hold the view that protecting my sleep schedule is more important than being available to others late at night."
"source_pool","data/question-pools/axis2-self-orientation.json","131","Self-Orientation","self-focus","no_lexical_cue","","","I feel that taking a solo trip to recharge is more valuable than a group vacation."
"source_pool","data/question-pools/axis2-self-orientation.json","132","Self-Orientation","self-focus","no_lexical_cue","","","I routinely track my personal progress and set benchmarks for my own improvement."
"source_pool","data/question-pools/axis2-self-orientation.json","133","Self-Orientation","self-focus","no_lexical_cue","","","I routinely surround myself with people and environments that elevate my personal trajectory."
"source_pool","data/question-pools/axis2-self-orientation.json","134","Self-Orientation","self-focus","no_lexical_cue","","","I feel that my creative projects deserve the same level of investment I would give to a professional obligation."
"source_pool","data/question-pools/axis2-self-orientation.json","135","Self-Orientation","self-focus","no_lexical_cue","","","I routinely update my personal goals and adjust my life to match them."
"source_pool","data/question-pools/axis2-self-orientation.json","136","Self-Orientation","self-focus","no_lexical_cue","","","I routinely make lifestyle choices that reflect my personal standards and aspirations."
"source_pool","data/question-pools/axis2-self-orientation.json","137","Self-Orientation","self-focus","no_lexical_cue","","","I feel that splurging on a personal passion project is money well spent."
"source_pool","data/question-pools/axis2-self-orientation.json","138","Self-Orientation","self-focus","no_lexical_cue","","","I feel that personal reading time is a non-negotiable part of my schedule."
"source_pool","data/question-pools/axis2-self-orientation.json","139","Self-Orientation","self-focus","no_lexical_cue","","","I tend to keep my most innovative ideas for my own ventures."
"source_pool","data/question-pools/axis2-self-orientation.json","140","Self-Orientation","self-focus","no_lexical_cue","","","I routinely evaluate friendships by whether they contribute to my personal development."
"source_pool","data/question-pools/axis2-self-orientation.json","141","Self-Orientation","self-focus","no_lexical_cue","","","I routinely rearrange my environment to maximize my own comfort and productivity."
"source_pool","data/question-pools/axis2-self-orientation.json","142","Self-Orientation","self-focus","no_lexical_cue","","","I routinely upgrade my personal environment—better lighting, better furniture, better technology."
"source_pool","data/question-pools/axis2-self-orientation.json","143","Self-Orientation","self-focus","no_lexical_cue","","","I routinely advocate for my own interests in negotiations and discussions."
"source_pool","data/question-pools/axis2-self-orientation.json","144","Self-Orientation","self-focus","no_lexical_cue","","","I find that eating alone at my favorite restaurant is a perfectly worthwhile way to spend an evening."
"source_pool","data/question-pools/axis2-self-orientation.json","145","Self-Orientation","self-focus","no_lexical_cue","","","I feel that healthy self-focus gives me the strength to show up fully in everything I do."
"source_pool","data/question-pools/axis2-self-orientation.json","146","Self-Orientation","self-focus","conditional_only","conditional_only","when","I feel that when I take care of my own needs, I am better equipped for everything else."
"source_pool","data/question-pools/axis2-self-orientation.json","147","Self-Orientation","self-focus","no_lexical_cue","","","I hold the view that every person's first responsibility is to themselves."
"source_pool","data/question-pools/axis2-self-orientation.json","148","Self-Orientation","self-focus","no_lexical_cue","","","I feel that enjoying the fruits of my own labor is exactly what hard work is for."
"source_pool","data/question-pools/axis2-self-orientation.json","149","Self-Orientation","self-focus","no_lexical_cue","","","I routinely choose quality-of-life improvements for myself over gifts for others."
"source_pool","data/question-pools/axis2-self-orientation.json","150","Self-Orientation","self-focus","no_lexical_cue","","","I routinely decline social events that don't advance my personal interests."
"source_pool","data/question-pools/axis2-self-orientation.json","151","Self-Orientation","self-focus","no_lexical_cue","","","I routinely keep a list of personal achievements and review it for motivation."
"source_pool","data/question-pools/axis2-self-orientation.json","152","Self-Orientation","self-focus","no_lexical_cue","","","I tend to choose my battles based on what matters most to my own goals."
"source_pool","data/question-pools/axis2-self-orientation.json","153","Self-Orientation","self-focus","no_lexical_cue","","","I routinely visualize my own future success and make decisions to bring that vision closer."
"source_pool","data/question-pools/axis2-self-orientation.json","154","Self-Orientation","self-focus","no_lexical_cue","","","I routinely research and pursue opportunities that specifically strengthen my resume or portfolio."
"source_pool","data/question-pools/axis2-self-orientation.json","155","Self-Orientation","self-focus","conditional_only","conditional_only","when","I feel most alive when I am working toward my own aspirations."
"source_pool","data/question-pools/axis2-self-orientation.json","156","Self-Orientation","self-focus","no_lexical_cue","","","I routinely opt for premium personal experiences—travel, dining, learning—because I believe I am worth it."
"source_pool","data/question-pools/axis2-self-orientation.json","157","Self-Orientation","self-focus","conditional_only","conditional_only","when","I routinely protect my focus time even when others express disappointment."
"source_pool","data/question-pools/axis2-self-orientation.json","158","Self-Orientation","self-focus","no_lexical_cue","","","I find that traveling alone to pursue my own interests is more fulfilling than compromising on a group itinerary."
"source_pool","data/question-pools/axis2-self-orientation.json","159","Self-Orientation","self-focus","no_lexical_cue","","","I routinely audit my commitments and drop those that no longer serve my personal direction."
"source_pool","data/question-pools/axis2-self-orientation.json","160","Self-Orientation","self-focus","no_lexical_cue","","","I routinely choose solitude for deep personal work over collaboration that dilutes my focus."
"source_pool","data/question-pools/axis2-self-orientation.json","161","Self-Orientation","self-focus","no_lexical_cue","","","I find that maintaining a wish list of things I want for myself keeps me motivated."
"source_pool","data/question-pools/axis2-self-orientation.json","162","Self-Orientation","self-focus","no_lexical_cue","","","I routinely assess whether my current role still serves my personal growth trajectory."
"source_pool","data/question-pools/axis2-self-orientation.json","163","Self-Orientation","self-focus","no_lexical_cue","","","I routinely document my own accomplishments so they are recognized and remembered."
"source_pool","data/question-pools/axis2-self-orientation.json","164","Self-Orientation","self-focus","no_lexical_cue","","","I routinely ensure that my personal brand is visible, polished, and intentionally cultivated."
"source_pool","data/question-pools/axis2-self-orientation.json","165","Self-Orientation","self-focus","no_lexical_cue","","","I routinely calculate the return on investment for my personal time and money."
"source_pool","data/question-pools/axis2-self-orientation.json","166","Self-Orientation","self-focus","context_candidate","event","deadlines","I routinely prioritize my own deadlines over requests that come from others."
"source_pool","data/question-pools/axis2-self-orientation.json","167","Self-Orientation","self-focus","no_lexical_cue","","","I find that decorating my space exactly to my taste improves my daily mood and output."
"source_pool","data/question-pools/axis2-self-orientation.json","168","Self-Orientation","self-focus","no_lexical_cue","","","I routinely upgrade my skills specifically to increase my market value."
"source_pool","data/question-pools/axis2-self-orientation.json","169","Self-Orientation","self-focus","no_lexical_cue","","","I routinely treat myself to experiences and products that bring me personal joy."
"source_pool","data/question-pools/axis2-self-orientation.json","170","Self-Orientation","self-focus","no_lexical_cue","","","I feel that pursuing mastery in my chosen field is worth more than diversifying my efforts for others."
"source_pool","data/question-pools/axis2-self-orientation.json","171","Self-Orientation","self-focus","no_lexical_cue","","","I hold the view that the person most responsible for my well-being is me."
"source_pool","data/question-pools/axis2-self-orientation.json","172","Self-Orientation","self-focus","no_lexical_cue","","","I find that saying no to requests that dilute my focus is one of my most valuable habits."
"source_pool","data/question-pools/axis2-self-orientation.json","173","Self-Orientation","self-focus","no_lexical_cue","","","I believe that the time I spend alone working on my goals is among my most valuable hours."
"source_pool","data/question-pools/axis2-self-orientation.json","174","Self-Orientation","self-focus","no_lexical_cue","","","I believe that my most important competition is with my past self, and I intend to keep winning."
"source_pool","data/question-pools/axis2-self-orientation.json","175","Self-Orientation","self-focus","no_lexical_cue","","","I believe that assembling a life that reflects my personal values and desires is the primary task of adulthood."
"source_pool","data/question-pools/axis2-self-orientation.json","176","Self-Orientation","self-focus","no_lexical_cue","","","I routinely stockpile resources—savings, knowledge, connections—for my own future use."
"source_pool","data/question-pools/axis2-self-orientation.json","177","Self-Orientation","self-focus","no_lexical_cue","","","I hold the view that personal ambition and drive are qualities to be proud of, not downplayed."
"source_pool","data/question-pools/axis2-self-orientation.json","178","Self-Orientation","self-focus","no_lexical_cue","","","I feel that refining my personal aesthetic—in everything from clothing to home design—is a worthy pursuit."
"source_pool","data/question-pools/axis2-self-orientation.json","179","Self-Orientation","self-focus","no_lexical_cue","","","I find that building a strong personal financial cushion gives me more confidence than anything else."
"source_pool","data/question-pools/axis2-self-orientation.json","180","Self-Orientation","self-focus","no_lexical_cue","","","I feel that it is healthy and right to put my own needs first in most situations."
"source_pool","data/question-pools/axis3-social-attunement.json","1","Social Attunement","hyper-attuned","conditional_only","conditional_only","when","I notice when someone is being left out of a conversation even when it is not obvious."
"source_pool","data/question-pools/axis3-social-attunement.json","2","Social Attunement","hyper-attuned","conditional_only","conditional_only","when","I pick up on the way someone's posture shifts when a particular person enters the room."
"source_pool","data/question-pools/axis3-social-attunement.json","3","Social Attunement","hyper-attuned","conditional_only","conditional_only","when","I can tell when a meeting is happening for show rather than for any real decision-making."
"source_pool","data/question-pools/axis3-social-attunement.json","4","Social Attunement","hyper-attuned","conditional_only","conditional_only","when","I notice when someone carefully chooses words to avoid offending a specific person in the room."
"source_pool","data/question-pools/axis3-social-attunement.json","5","Social Attunement","hyper-attuned","conditional_only","conditional_only","before","I am attuned to the silent negotiations that happen before a group makes a decision."
"source_pool","data/question-pools/axis3-social-attunement.json","6","Social Attunement","hyper-attuned","no_lexical_cue","","","I feel like I can sense what a group's unwritten rules are without being told."
"source_pool","data/question-pools/axis3-social-attunement.json","7","Social Attunement","hyper-attuned","context_candidate","setting","in conversation","I sense the difference between a comfortable lull in conversation and an awkward one."
"source_pool","data/question-pools/axis3-social-attunement.json","8","Social Attunement","hyper-attuned","context_candidate","setting","in a group","I pick up on the subtle cues that indicate someone feels out of place in a group."
"source_pool","data/question-pools/axis3-social-attunement.json","9","Social Attunement","hyper-attuned","no_lexical_cue","","","I can read the atmosphere of a meeting within seconds of walking in."
"source_pool","data/question-pools/axis3-social-attunement.json","10","Social Attunement","hyper-attuned","no_lexical_cue","","","I intuitively understand the unspoken hierarchy in any social group I enter."
"source_pool","data/question-pools/axis3-social-attunement.json","11","Social Attunement","hyper-attuned","no_lexical_cue","","","I find myself tracking the emotional trajectory of a conversation as it unfolds."
"source_pool","data/question-pools/axis3-social-attunement.json","12","Social Attunement","hyper-attuned","conditional_only","conditional_only","when","I notice when a group's laughter is directed at someone rather than shared with them."
"source_pool","data/question-pools/axis3-social-attunement.json","13","Social Attunement","hyper-attuned","conditional_only","conditional_only","when","I often catch the quick glance two people exchange when something significant is said."
"source_pool","data/question-pools/axis3-social-attunement.json","14","Social Attunement","hyper-attuned","conditional_only","conditional_only","before","I often know what someone is about to say before they say it based on context cues."
"source_pool","data/question-pools/axis3-social-attunement.json","15","Social Attunement","hyper-attuned","context_candidate","setting","in a conversation","I notice when the physical distance between two people in a conversation is slightly greater than normal and read the reason for it."
"source_pool","data/question-pools/axis3-social-attunement.json","16","Social Attunement","hyper-attuned","conditional_only","conditional_only","when","I notice the precise moment when a group conversation becomes dominated by one person."
"source_pool","data/question-pools/axis3-social-attunement.json","17","Social Attunement","hyper-attuned","no_lexical_cue","","","I am aware of the invisible alliances that form in any group setting."
"source_pool","data/question-pools/axis3-social-attunement.json","18","Social Attunement","hyper-attuned","no_lexical_cue","","","I notice the social signals that indicate someone is ready to end a conversation."
"source_pool","data/question-pools/axis3-social-attunement.json","19","Social Attunement","hyper-attuned","no_lexical_cue","","","I often sense that there is a conversation happening beneath the surface conversation."
"source_pool","data/question-pools/axis3-social-attunement.json","20","Social Attunement","hyper-attuned","conditional_only","conditional_only","when","I detect when a joke lands differently than the speaker intended."
"source_pool","data/question-pools/axis3-social-attunement.json","21","Social Attunement","hyper-attuned","conditional_only","conditional_only","when; before","I notice when someone is testing the waters with a comment before committing to an opinion."
"source_pool","data/question-pools/axis3-social-attunement.json","22","Social Attunement","hyper-attuned","conditional_only","conditional_only","when; if","I can usually tell when someone has been crying even if they have composed themselves."
"source_pool","data/question-pools/axis3-social-attunement.json","23","Social Attunement","hyper-attuned","conditional_only","conditional_only","when","I detect when a person uses physical touch, like a pat on the back, to establish a hierarchy rather than express warmth."
"source_pool","data/question-pools/axis3-social-attunement.json","24","Social Attunement","hyper-attuned","conditional_only","conditional_only","when","I detect when someone is subtly seeking validation in the way they tell a story."
"source_pool","data/question-pools/axis3-social-attunement.json","25","Social Attunement","hyper-attuned","conditional_only","conditional_only","when","I notice when someone positions a request as a suggestion to make it more palatable."
"source_pool","data/question-pools/axis3-social-attunement.json","26","Social Attunement","hyper-attuned","conditional_only","conditional_only","when","I detect when a group's energy shifts from casual to serious."
"source_pool","data/question-pools/axis3-social-attunement.json","27","Social Attunement","hyper-attuned","conditional_only","conditional_only","when","I can sense when two people are pretending to get along but actually dislike each other."
"source_pool","data/question-pools/axis3-social-attunement.json","28","Social Attunement","hyper-attuned","conditional_only","conditional_only","during","I notice micro-expressions that flash across someone's face during conversation."
"source_pool","data/question-pools/axis3-social-attunement.json","29","Social Attunement","hyper-attuned","context_candidate","setting","social situation","I feel like I have a sixth sense for when something is off in a social situation."
"source_pool","data/question-pools/axis3-social-attunement.json","30","Social Attunement","hyper-attuned","conditional_only","conditional_only","when","I notice when people adjust their vocabulary depending on who they are speaking to."
"source_pool","data/question-pools/axis3-social-attunement.json","31","Social Attunement","hyper-attuned","conditional_only","conditional_only","when","I pick up on when someone shortens their responses as a signal they want the conversation to end."
"source_pool","data/question-pools/axis3-social-attunement.json","32","Social Attunement","hyper-attuned","no_lexical_cue","","","I am attuned to the way social norms shift from one context to another within the same group."
"source_pool","data/question-pools/axis3-social-attunement.json","33","Social Attunement","hyper-attuned","context_candidate","setting","in a meeting","I sense when the real decision-maker in a meeting is not the person with the highest title."
"source_pool","data/question-pools/axis3-social-attunement.json","34","Social Attunement","hyper-attuned","conditional_only","conditional_only","when","I notice when someone matches the volume of the loudest person in the room to assert themselves."
"source_pool","data/question-pools/axis3-social-attunement.json","35","Social Attunement","hyper-attuned","conditional_only","conditional_only","when","I detect when someone answers a different question than the one that was asked to steer the conversation."
"source_pool","data/question-pools/axis3-social-attunement.json","36","Social Attunement","hyper-attuned","conditional_only","conditional_only","when; during","I notice when someone glances at the clock or door during a conversation, signaling they have mentally left."
"source_pool","data/question-pools/axis3-social-attunement.json","37","Social Attunement","hyper-attuned","context_candidate","setting","in a conversation","I can tell when someone is interested in a conversation topic versus enduring it out of courtesy."
"source_pool","data/question-pools/axis3-social-attunement.json","38","Social Attunement","hyper-attuned","context_candidate","relationship","friend","I detect when a friend group has a designated peacekeeper who steps in at predictable moments."
"source_pool","data/question-pools/axis3-social-attunement.json","39","Social Attunement","hyper-attuned","conditional_only","conditional_only","when","I sense when a group is tacitly agreeing to lower the emotional register of a conversation to keep things safe."
"source_pool","data/question-pools/axis3-social-attunement.json","40","Social Attunement","hyper-attuned","context_candidate","setting","team","I sense when a team member is withdrawing their investment in a project through subtle disengagement."
"source_pool","data/question-pools/axis3-social-attunement.json","41","Social Attunement","hyper-attuned","conditional_only","conditional_only","when","I sense when the energy of a room drops the moment a particular person starts speaking."
"source_pool","data/question-pools/axis3-social-attunement.json","42","Social Attunement","hyper-attuned","no_lexical_cue","","","I sense the social temperature of an email based on word choice, punctuation, and formatting."
"source_pool","data/question-pools/axis3-social-attunement.json","43","Social Attunement","hyper-attuned","no_lexical_cue","","","I find myself noticing the cadence and rhythm of a conversation, not just the words."
"source_pool","data/question-pools/axis3-social-attunement.json","44","Social Attunement","hyper-attuned","conditional_only","conditional_only","when","I notice when someone adopts a casual posture to deliberately lower the perceived stakes of a conversation."
"source_pool","data/question-pools/axis3-social-attunement.json","45","Social Attunement","hyper-attuned","conditional_only","conditional_only","when; before","I sense when a group has collectively decided on something before any formal vote or discussion."
"source_pool","data/question-pools/axis3-social-attunement.json","46","Social Attunement","hyper-attuned","conditional_only","conditional_only","when","I detect when someone is watching a conversation from the periphery with more interest than they are showing."
"source_pool","data/question-pools/axis3-social-attunement.json","47","Social Attunement","hyper-attuned","conditional_only","conditional_only","when; before","I can tell when two people have had a private conversation before a group meeting based on how they interact."
"source_pool","data/question-pools/axis3-social-attunement.json","48","Social Attunement","hyper-attuned","conditional_only","conditional_only","when","I notice when an email is bcc'd to someone based on the overly formal tone."
"source_pool","data/question-pools/axis3-social-attunement.json","49","Social Attunement","hyper-attuned","conditional_only","conditional_only","when","I detect when someone emphasizes a particular word to send a message that only certain listeners will catch."
"source_pool","data/question-pools/axis3-social-attunement.json","50","Social Attunement","hyper-attuned","no_lexical_cue","","","I pick up on the difference between someone who is quiet by nature and someone who has been silenced by the group."
"source_pool","data/question-pools/axis3-social-attunement.json","51","Social Attunement","hyper-attuned","conditional_only","conditional_only","when","I notice when someone repeats a phrase another person used earlier to build rapport or to mock them."
"source_pool","data/question-pools/axis3-social-attunement.json","52","Social Attunement","hyper-attuned","context_candidate","event","interrupted","I notice when someone speeds up their speech to get through a point before they can be interrupted."
"source_pool","data/question-pools/axis3-social-attunement.json","53","Social Attunement","hyper-attuned","conditional_only","conditional_only","when","I can tell when someone volunteers information to create an impression of transparency while still hiding the important parts."
"source_pool","data/question-pools/axis3-social-attunement.json","54","Social Attunement","hyper-attuned","context_candidate","setting","in a group","I notice the way certain people in a group look to one specific person before reacting."
"source_pool","data/question-pools/axis3-social-attunement.json","55","Social Attunement","hyper-attuned","conditional_only","conditional_only","when","I notice when a person brings up old information at a strategic moment to shift the dynamics of a conversation."
"source_pool","data/question-pools/axis3-social-attunement.json","56","Social Attunement","hyper-attuned","context_candidate","event","argument","I can tell when a couple is mid-argument even though they are being perfectly civil in public."
"source_pool","data/question-pools/axis3-social-attunement.json","57","Social Attunement","hyper-attuned","conditional_only","conditional_only","when","I sense when someone is listening with the intent to find a weakness in what is being said."
"source_pool","data/question-pools/axis3-social-attunement.json","58","Social Attunement","hyper-attuned","conditional_only","conditional_only","when","I detect when someone uses a nickname versus a full name to signal the current state of a relationship."
"source_pool","data/question-pools/axis3-social-attunement.json","59","Social Attunement","hyper-attuned","conditional_only","conditional_only","when; during","I notice when a person touches their face or neck during a conversation as a self-soothing gesture."
"source_pool","data/question-pools/axis3-social-attunement.json","60","Social Attunement","hyper-attuned","conditional_only","conditional_only","when","I sense when a person is choosing to sit in a specific seat because of who is already sitting where."
"source_pool","data/question-pools/axis3-social-attunement.json","61","Social Attunement","hyper-attuned","conditional_only","conditional_only","when","I detect when a group member's contribution is being quietly dismissed by the way others respond to it."
"source_pool","data/question-pools/axis3-social-attunement.json","62","Social Attunement","hyper-attuned","conditional_only","conditional_only","when","I notice when someone volunteers to leave a room to give others privacy they did not explicitly request."
"source_pool","data/question-pools/axis3-social-attunement.json","63","Social Attunement","hyper-attuned","no_lexical_cue","","","I am highly aware of who initiates conversation and who waits to be approached in social settings."
"source_pool","data/question-pools/axis3-social-attunement.json","64","Social Attunement","hyper-attuned","context_candidate","event","deadline","I pick up on when someone deliberately mentions a deadline or constraint to create urgency and shift the power balance."
"source_pool","data/question-pools/axis3-social-attunement.json","65","Social Attunement","hyper-attuned","context_candidate","setting","in the group","I notice when two people have developed private shorthand or inside references that exclude others in the group."
"source_pool","data/question-pools/axis3-social-attunement.json","66","Social Attunement","hyper-attuned","conditional_only","conditional_only","when","I can tell when someone is keeping a conversation going longer than natural because they are avoiding being alone."
"source_pool","data/question-pools/axis3-social-attunement.json","67","Social Attunement","hyper-attuned","conditional_only","conditional_only","when","I sense when a shared meal or coffee is actually a pretext for a conversation someone needs to have."
"source_pool","data/question-pools/axis3-social-attunement.json","68","Social Attunement","hyper-attuned","conditional_only","conditional_only","when","I notice when a person clenches or unclenches their hands in rhythm with the emotional intensity of a conversation."
"source_pool","data/question-pools/axis3-social-attunement.json","69","Social Attunement","hyper-attuned","no_lexical_cue","","","I sense the difference between a group that is comfortable with each other and a group that is performing comfort."
"source_pool","data/question-pools/axis3-social-attunement.json","70","Social Attunement","hyper-attuned","conditional_only","conditional_only","when","I notice when someone's reply to a group message is really only intended for one person in the thread."
"source_pool","data/question-pools/axis3-social-attunement.json","71","Social Attunement","hyper-attuned","context_candidate","relationship","partner","I notice when a conversation partner's pupils dilate or contract in response to what is being discussed."
"source_pool","data/question-pools/axis3-social-attunement.json","72","Social Attunement","hyper-attuned","no_lexical_cue","","","I detect the emotional residue in a room where something intense just happened."
"source_pool","data/question-pools/axis3-social-attunement.json","73","Social Attunement","hyper-attuned","conditional_only","conditional_only","when","I notice when a group instinctively leaves a chair empty next to someone they find socially difficult."
"source_pool","data/question-pools/axis3-social-attunement.json","74","Social Attunement","hyper-attuned","conditional_only","conditional_only","when","I can tell when a person adjusts their level of formality mid-conversation in response to a social cue they received."
"source_pool","data/question-pools/axis3-social-attunement.json","75","Social Attunement","hyper-attuned","conditional_only","conditional_only","when","I notice when the pitch of a room changes because one dominant personality entered or left."
"source_pool","data/question-pools/axis3-social-attunement.json","76","Social Attunement","hyper-attuned","context_candidate","relationship","partner","I sense when a conversation partner is mirroring my energy not out of genuine rapport but as a social technique."
"source_pool","data/question-pools/axis3-social-attunement.json","77","Social Attunement","hyper-attuned","context_candidate","setting","social gathering","I can feel when a social gathering has an invisible guest list that determines who was and was not expected."
"source_pool","data/question-pools/axis3-social-attunement.json","78","Social Attunement","hyper-attuned","conditional_only","conditional_only","when","I can tell when two people in a room are aware of each other even when they are not interacting."
"source_pool","data/question-pools/axis3-social-attunement.json","79","Social Attunement","hyper-attuned","conditional_only","conditional_only","when; after","I pick up on when a person lingers after a group disperses because they want a private word with someone specific."
"source_pool","data/question-pools/axis3-social-attunement.json","80","Social Attunement","hyper-attuned","conditional_only","conditional_only","when","I sense when an invitation was extended to one person but worded to include the group so it would not seem exclusive."
"source_pool","data/question-pools/axis3-social-attunement.json","81","Social Attunement","hyper-attuned","conditional_only","conditional_only","when","I sense when someone is being conspicuously silent to make their absence from the conversation felt."
"source_pool","data/question-pools/axis3-social-attunement.json","82","Social Attunement","hyper-attuned","conditional_only","conditional_only","when","I notice when a group conversation has an unacknowledged moderator who is guiding the flow without being explicit about it."
"source_pool","data/question-pools/axis3-social-attunement.json","83","Social Attunement","hyper-attuned","no_lexical_cue","","","I notice the way people edit their stories in real time based on the reactions they are getting."
"source_pool","data/question-pools/axis3-social-attunement.json","84","Social Attunement","hyper-attuned","conditional_only","conditional_only","when","I detect when someone uses vague language like 'some people think' to express their own opinion without owning it."
"source_pool","data/question-pools/axis3-social-attunement.json","85","Social Attunement","hyper-attuned","conditional_only","conditional_only","when","I can tell when someone is smiling with their mouth but not with the muscles around their eyes."
"source_pool","data/question-pools/axis3-social-attunement.json","86","Social Attunement","hyper-attuned","conditional_only","conditional_only","when","I can tell when a conversation's real audience is not the person being spoken to but someone who is overhearing."
"source_pool","data/question-pools/axis3-social-attunement.json","87","Social Attunement","hyper-attuned","conditional_only","conditional_only","when","I notice the micro-adjustments people make to their clothing or hair when someone they want to impress is nearby."
"source_pool","data/question-pools/axis3-social-attunement.json","88","Social Attunement","hyper-attuned","conditional_only","conditional_only","when","I notice when a person arranges their belongings on a table to claim space or establish boundaries."
"source_pool","data/question-pools/axis3-social-attunement.json","89","Social Attunement","hyper-attuned","conditional_only","conditional_only","when","I detect when someone positions themselves physically between two people to mediate or interrupt a connection."
"source_pool","data/question-pools/axis3-social-attunement.json","90","Social Attunement","hyper-attuned","no_lexical_cue","","","I sense the unspoken ranking of whose time is considered most valuable in a professional setting."
"source_pool","data/question-pools/axis3-social-attunement.json","91","Social Attunement","hypo-attuned","no_lexical_cue","","","I often do not realize that a conversation had multiple layers until someone explains it to me afterward."
"source_pool","data/question-pools/axis3-social-attunement.json","92","Social Attunement","hypo-attuned","context_candidate","setting","in group","I tend to be unaware of the subtle ways people express loyalty to each other in group settings."
"source_pool","data/question-pools/axis3-social-attunement.json","93","Social Attunement","hypo-attuned","no_lexical_cue","","","I focus on the explicit agenda of a meeting rather than the interpersonal dynamics."
"source_pool","data/question-pools/axis3-social-attunement.json","94","Social Attunement","hypo-attuned","no_lexical_cue","","","I am usually more aware of the logical flow of a conversation than its emotional currents."
"source_pool","data/question-pools/axis3-social-attunement.json","95","Social Attunement","hypo-attuned","context_candidate","setting","in a conversation","I tend to treat silence in a conversation as simply a pause rather than as communication."
"source_pool","data/question-pools/axis3-social-attunement.json","96","Social Attunement","hypo-attuned","conditional_only","conditional_only","when","I generally do not analyze why someone chose a particular word when a simpler one would do."
"source_pool","data/question-pools/axis3-social-attunement.json","97","Social Attunement","hypo-attuned","context_candidate","setting","in a group","I tend to miss the social implications of who gets credit for an idea in a group."
"source_pool","data/question-pools/axis3-social-attunement.json","98","Social Attunement","hypo-attuned","conditional_only","conditional_only","when; during","I do not usually notice when someone is nervous during a conversation unless they say so."
"source_pool","data/question-pools/axis3-social-attunement.json","99","Social Attunement","hypo-attuned","conditional_only","conditional_only","when","I often do not notice when someone feels excluded from a group."
"source_pool","data/question-pools/axis3-social-attunement.json","100","Social Attunement","hypo-attuned","conditional_only","conditional_only","when","I tend to miss when a conversation has a dual purpose beyond its surface topic."
"source_pool","data/question-pools/axis3-social-attunement.json","101","Social Attunement","hypo-attuned","conditional_only","conditional_only","when","I do not usually detect when a question is rhetorical versus when someone actually wants an answer."
"source_pool","data/question-pools/axis3-social-attunement.json","102","Social Attunement","hypo-attuned","no_lexical_cue","","","I do not usually pick up on whether someone is genuinely enthusiastic or just being polite."
"source_pool","data/question-pools/axis3-social-attunement.json","103","Social Attunement","hypo-attuned","no_lexical_cue","","","I tend to focus on whether an idea is good rather than on how it was received by the group."
"source_pool","data/question-pools/axis3-social-attunement.json","104","Social Attunement","hypo-attuned","conditional_only","conditional_only","when; after","I do not usually register when a person responds with slightly more distance after I said something they disagreed with."
"source_pool","data/question-pools/axis3-social-attunement.json","105","Social Attunement","hypo-attuned","conditional_only","conditional_only","if","I tend to accept invitations at face value without wondering if there is a subtext."
"source_pool","data/question-pools/axis3-social-attunement.json","106","Social Attunement","hypo-attuned","conditional_only","conditional_only","when","I tend to be surprised when someone tells me about interpersonal tension I had not noticed."
"source_pool","data/question-pools/axis3-social-attunement.json","107","Social Attunement","hypo-attuned","context_candidate","setting","in the group","I tend to miss when someone uses a particular anecdote to send a message to someone else in the group."
"source_pool","data/question-pools/axis3-social-attunement.json","108","Social Attunement","hypo-attuned","no_lexical_cue","","","I tend to assume people are in a neutral mood unless they tell me otherwise."
"source_pool","data/question-pools/axis3-social-attunement.json","109","Social Attunement","hypo-attuned","no_lexical_cue","","","I prefer straightforward conversations where everything is on the table."
"source_pool","data/question-pools/axis3-social-attunement.json","110","Social Attunement","hypo-attuned","conditional_only","conditional_only","during","I tend to be focused on my own train of thought during conversations rather than scanning for reactions."
"source_pool","data/question-pools/axis3-social-attunement.json","111","Social Attunement","hypo-attuned","conditional_only","conditional_only","when","I tend to take jokes and comments literally when others see layers of meaning."
"source_pool","data/question-pools/axis3-social-attunement.json","112","Social Attunement","hypo-attuned","conditional_only","conditional_only","after","I often need someone to explain the social dynamics of a situation after the fact."
"source_pool","data/question-pools/axis3-social-attunement.json","113","Social Attunement","hypo-attuned","conditional_only","conditional_only","when","I do not naturally sense when someone wants to be contradicted rather than agreed with."
"source_pool","data/question-pools/axis3-social-attunement.json","114","Social Attunement","hypo-attuned","conditional_only","conditional_only","when; after","I usually do not notice when someone adjusts their behavior after getting a social signal from someone else."
"source_pool","data/question-pools/axis3-social-attunement.json","115","Social Attunement","hypo-attuned","conditional_only","conditional_only","when","I do not usually notice when someone edits their story in real time based on audience reactions."
"source_pool","data/question-pools/axis3-social-attunement.json","116","Social Attunement","hypo-attuned","context_candidate","event","conflict","I tend to miss the warning signs that a conversation is heading toward conflict."
"source_pool","data/question-pools/axis3-social-attunement.json","117","Social Attunement","hypo-attuned","conditional_only","conditional_only","when","I tend to miss when someone includes me in a plan out of obligation rather than desire."
"source_pool","data/question-pools/axis3-social-attunement.json","118","Social Attunement","hypo-attuned","conditional_only","conditional_only","when","I tend to miss when a conversational pause is an invitation for me to share something personal."
"source_pool","data/question-pools/axis3-social-attunement.json","119","Social Attunement","hypo-attuned","no_lexical_cue","","","I prefer to deal with what is said rather than speculate about what was meant."
"source_pool","data/question-pools/axis3-social-attunement.json","120","Social Attunement","hypo-attuned","context_candidate","event","bad news","I tend to miss when someone frames bad news inside good news to soften the blow."
"source_pool","data/question-pools/axis3-social-attunement.json","121","Social Attunement","hypo-attuned","no_lexical_cue","","","I do not pick up on the nonverbal signals that indicate whether a group wants my input."
"source_pool","data/question-pools/axis3-social-attunement.json","122","Social Attunement","hypo-attuned","conditional_only","conditional_only","when; during","I tend not to notice when two people share a meaningful look during a conversation."
"source_pool","data/question-pools/axis3-social-attunement.json","123","Social Attunement","hypo-attuned","conditional_only","conditional_only","when","I do not usually sense when the mood of a text conversation shifts because of an emoji choice or its absence."
"source_pool","data/question-pools/axis3-social-attunement.json","124","Social Attunement","hypo-attuned","context_candidate","setting","in a group","I do not naturally notice who is comfortable and who is uncomfortable in a group."
"source_pool","data/question-pools/axis3-social-attunement.json","125","Social Attunement","hypo-attuned","no_lexical_cue","","","I rarely detect the difference between someone making small talk and someone trying to connect."
"source_pool","data/question-pools/axis3-social-attunement.json","126","Social Attunement","hypo-attuned","conditional_only","conditional_only","after","I rarely think about what someone left unsaid after a conversation."
"source_pool","data/question-pools/axis3-social-attunement.json","127","Social Attunement","hypo-attuned","no_lexical_cue","","","I do not naturally decode the layers of meaning in polite conversation."
"source_pool","data/question-pools/axis3-social-attunement.json","128","Social Attunement","hypo-attuned","conditional_only","conditional_only","when","I tend not to detect when a story is being told for the benefit of a specific listener."
"source_pool","data/question-pools/axis3-social-attunement.json","129","Social Attunement","hypo-attuned","conditional_only","conditional_only","when","I tend to be unaware of when someone is matching my energy level to put me at ease."
"source_pool","data/question-pools/axis3-social-attunement.json","130","Social Attunement","hypo-attuned","conditional_only","conditional_only","when","I find it puzzling when people say one thing but apparently mean another."
"source_pool","data/question-pools/axis3-social-attunement.json","131","Social Attunement","hypo-attuned","conditional_only","conditional_only","when","I tend to miss when a person's enthusiasm about a topic is meant to signal something about their values."
"source_pool","data/question-pools/axis3-social-attunement.json","132","Social Attunement","hypo-attuned","no_lexical_cue","","","I rarely pick up on the implicit rules of a new social group without being told."
"source_pool","data/question-pools/axis3-social-attunement.json","133","Social Attunement","hypo-attuned","conditional_only","conditional_only","when; before","I do not usually notice when a person glances at their companion for confirmation before committing to a plan."
"source_pool","data/question-pools/axis3-social-attunement.json","134","Social Attunement","hypo-attuned","conditional_only","conditional_only","when","I tend to be the last person to realize when a social event is winding down."
"source_pool","data/question-pools/axis3-social-attunement.json","135","Social Attunement","hypo-attuned","conditional_only","conditional_only","when","I do not naturally sense when a room is tense."
"source_pool","data/question-pools/axis3-social-attunement.json","136","Social Attunement","hypo-attuned","conditional_only","conditional_only","when","I do not usually detect when a social environment has an unspoken expectation about reciprocity."
"source_pool","data/question-pools/axis3-social-attunement.json","137","Social Attunement","hypo-attuned","conditional_only","conditional_only","when; during","I rarely notice when someone is posturing for an audience during a meeting."
"source_pool","data/question-pools/axis3-social-attunement.json","138","Social Attunement","hypo-attuned","context_candidate","setting","in a group","I rarely notice when someone is trying to impress a particular person in a group."
"source_pool","data/question-pools/axis3-social-attunement.json","139","Social Attunement","hypo-attuned","conditional_only","conditional_only","when","I do not usually notice when a text message carries emotional subtext that goes beyond the words."
"source_pool","data/question-pools/axis3-social-attunement.json","140","Social Attunement","hypo-attuned","context_candidate","event","conflict","I tend to miss the social significance of who reaches out to whom first after a conflict."
"source_pool","data/question-pools/axis3-social-attunement.json","141","Social Attunement","hypo-attuned","conditional_only","conditional_only","when","I find it hard to tell when someone is being sarcastic versus sincere."
"source_pool","data/question-pools/axis3-social-attunement.json","142","Social Attunement","hypo-attuned","no_lexical_cue","","","I do not usually pick up on the difference between a question that invites discussion and one that shuts it down."
"source_pool","data/question-pools/axis3-social-attunement.json","143","Social Attunement","hypo-attuned","conditional_only","conditional_only","when","I do not usually notice when someone answers a question for another person to control the narrative."
"source_pool","data/question-pools/axis3-social-attunement.json","144","Social Attunement","hypo-attuned","conditional_only","conditional_only","when","I rarely sense when someone is tailoring their message based on who is listening."
"source_pool","data/question-pools/axis3-social-attunement.json","145","Social Attunement","hypo-attuned","conditional_only","conditional_only","when","I tend to miss it when someone laughs at the wrong moment because they are uncomfortable."
"source_pool","data/question-pools/axis3-social-attunement.json","146","Social Attunement","hypo-attuned","no_lexical_cue","","","I do not automatically read into people's tone or body language."
"source_pool","data/question-pools/axis3-social-attunement.json","147","Social Attunement","hypo-attuned","conditional_only","conditional_only","before","I rarely pick up on the nonverbal negotiation that happens before a group makes a decision."
"source_pool","data/question-pools/axis3-social-attunement.json","148","Social Attunement","hypo-attuned","no_lexical_cue","","","I tend to be unaware of the unspoken rules about what topics are acceptable at a particular gathering."
"source_pool","data/question-pools/axis3-social-attunement.json","149","Social Attunement","hypo-attuned","conditional_only","conditional_only","when","I do not usually notice when someone is carefully not mentioning a person or topic that is obviously relevant."
"source_pool","data/question-pools/axis3-social-attunement.json","150","Social Attunement","hypo-attuned","conditional_only","conditional_only","when","I find that I generally miss when someone uses my name mid-conversation to increase intimacy or pressure."
"source_pool","data/question-pools/axis3-social-attunement.json","151","Social Attunement","hypo-attuned","conditional_only","conditional_only","when","I do not naturally notice when a conversation between two people nearby is meant for me to overhear."
"source_pool","data/question-pools/axis3-social-attunement.json","152","Social Attunement","hypo-attuned","conditional_only","conditional_only","when","I tend not to register when a group's dynamic shifts because of a new piece of information."
"source_pool","data/question-pools/axis3-social-attunement.json","153","Social Attunement","hypo-attuned","no_lexical_cue","","","I tend not to read meaning into someone choosing to communicate by text versus calling versus meeting in person."
"source_pool","data/question-pools/axis3-social-attunement.json","154","Social Attunement","hypo-attuned","conditional_only","conditional_only","when","I rarely sense when a group has an unspoken agreement about who the designated leader is."
"source_pool","data/question-pools/axis3-social-attunement.json","155","Social Attunement","hypo-attuned","context_candidate","setting","in a conversation","I rarely detect when a person's interest in a conversation suddenly spikes because of something specific that was said."
"source_pool","data/question-pools/axis3-social-attunement.json","156","Social Attunement","hypo-attuned","conditional_only","conditional_only","when","I do not naturally detect when someone uses a group's shared values or language to gain credibility."
"source_pool","data/question-pools/axis3-social-attunement.json","157","Social Attunement","hypo-attuned","context_candidate","setting","in a conversation","I tend not to register the social dynamics of who gets the last word in a conversation."
"source_pool","data/question-pools/axis3-social-attunement.json","158","Social Attunement","hypo-attuned","conditional_only","conditional_only","when; before","I do not pick up on when someone is testing my reaction before committing to a stance."
"source_pool","data/question-pools/axis3-social-attunement.json","159","Social Attunement","hypo-attuned","no_lexical_cue","","","I tend to miss the way people calibrate how much personal information to share based on their read of the room."
"source_pool","data/question-pools/axis3-social-attunement.json","160","Social Attunement","hypo-attuned","conditional_only","conditional_only","when","I rarely notice the implicit choreography of how a group arranges itself when it walks together."
"source_pool","data/question-pools/axis3-social-attunement.json","161","Social Attunement","hypo-attuned","conditional_only","conditional_only","when","I rarely notice when someone slows down a conversation to give a quieter person space to contribute."
"source_pool","data/question-pools/axis3-social-attunement.json","162","Social Attunement","hypo-attuned","context_candidate","event","disagreement","I find it difficult to tell whether a group's silence indicates contentment or suppressed disagreement."
"source_pool","data/question-pools/axis3-social-attunement.json","163","Social Attunement","hypo-attuned","context_candidate","relationship","friend","I do not naturally sense when a friend group has an inner circle and an outer circle."
"source_pool","data/question-pools/axis3-social-attunement.json","164","Social Attunement","hypo-attuned","context_candidate","setting","in a conversation","I tend not to notice when someone deliberately includes me in a conversation by directing a question my way."
"source_pool","data/question-pools/axis3-social-attunement.json","165","Social Attunement","hypo-attuned","conditional_only","conditional_only","when","I find it hard to tell when someone is genuinely asking for my opinion versus looking for validation."
"source_pool","data/question-pools/axis3-social-attunement.json","166","Social Attunement","hypo-attuned","conditional_only","conditional_only","when","I rarely sense when a person is anchoring a negotiation through seemingly casual conversation."
"source_pool","data/question-pools/axis3-social-attunement.json","167","Social Attunement","hypo-attuned","conditional_only","conditional_only","when","I find it hard to detect when someone is being supportive on the surface but competitive underneath."
"source_pool","data/question-pools/axis3-social-attunement.json","168","Social Attunement","hypo-attuned","conditional_only","conditional_only","when","I do not naturally sense when two people are having a power struggle disguised as polite conversation."
"source_pool","data/question-pools/axis3-social-attunement.json","169","Social Attunement","hypo-attuned","no_lexical_cue","","","I rarely consider whether the timing of a message carries meaning beyond its content."
"source_pool","data/question-pools/axis3-social-attunement.json","170","Social Attunement","hypo-attuned","conditional_only","conditional_only","when","I tend to miss it when a person's agreement comes with a subtle qualifier that changes its meaning entirely."
"source_pool","data/question-pools/axis3-social-attunement.json","171","Social Attunement","hypo-attuned","conditional_only","conditional_only","during","I do not naturally notice the way people position themselves during a photo to signal closeness or distance."
"source_pool","data/question-pools/axis3-social-attunement.json","172","Social Attunement","hypo-attuned","conditional_only","conditional_only","when","I rarely register when someone raises their eyebrows briefly to acknowledge a shared understanding."
"source_pool","data/question-pools/axis3-social-attunement.json","173","Social Attunement","hypo-attuned","no_lexical_cue","","","I tend not to think about why someone chose to sit where they sat."
"source_pool","data/question-pools/axis3-social-attunement.json","174","Social Attunement","hypo-attuned","conditional_only","conditional_only","when","I rarely notice when the formality of an interaction is mismatched with the actual closeness of the relationship."
"source_pool","data/question-pools/axis3-social-attunement.json","175","Social Attunement","hypo-attuned","conditional_only","conditional_only","when","I rarely notice when a person carefully positions a negative opinion as a question to soften the delivery."
"source_pool","data/question-pools/axis3-social-attunement.json","176","Social Attunement","hypo-attuned","conditional_only","conditional_only","when","I rarely sense when a social environment has an implicit dress code or behavioral code that I am violating."
"source_pool","data/question-pools/axis3-social-attunement.json","177","Social Attunement","hypo-attuned","conditional_only","conditional_only","when","I tend not to notice when someone shifts their gaze away to signal they are done with a topic."
"source_pool","data/question-pools/axis3-social-attunement.json","178","Social Attunement","hypo-attuned","context_candidate","setting","in a group","I rarely notice the social dynamics of who pays for what in a group."
"source_pool","data/question-pools/axis3-social-attunement.json","179","Social Attunement","hypo-attuned","conditional_only","conditional_only","when","I do not naturally sense when a group has collectively moved on from a topic that one person still wants to discuss."
"source_pool","data/question-pools/axis3-social-attunement.json","180","Social Attunement","hypo-attuned","conditional_only","conditional_only","when","I rarely sense when a person's choice of words reveals their stance on an issue they have not explicitly addressed."
"source_pool","data/question-pools/axis4-conscientiousness.json","1","Conscientiousness","conscientious","conditional_only","conditional_only","when","I feel uneasy when I don't have a clear plan for the week ahead."
"source_pool","data/question-pools/axis4-conscientiousness.json","2","Conscientiousness","conscientious","no_lexical_cue","","","I use tools like spreadsheets, project boards, or apps to keep my life organized."
"source_pool","data/question-pools/axis4-conscientiousness.json","3","Conscientiousness","conscientious","no_lexical_cue","","","I review my calendar at the start of each day to set my intentions."
"source_pool","data/question-pools/axis4-conscientiousness.json","4","Conscientiousness","conscientious","no_lexical_cue","","","I schedule specific times to check and respond to messages rather than staying reactive."
"source_pool","data/question-pools/axis4-conscientiousness.json","5","Conscientiousness","conscientious","context_candidate","event","deadline","I rarely miss a deadline because I build buffer time into my schedules."
"source_pool","data/question-pools/axis4-conscientiousness.json","6","Conscientiousness","conscientious","no_lexical_cue","","","I track my progress methodically to ensure I'm meeting my targets."
"source_pool","data/question-pools/axis4-conscientiousness.json","7","Conscientiousness","conscientious","no_lexical_cue","","","I feel uncomfortable starting a project without a clear outline of the steps involved."
"source_pool","data/question-pools/axis4-conscientiousness.json","8","Conscientiousness","conscientious","no_lexical_cue","","","I find deep satisfaction in checking items off a well-organized to-do list."
"source_pool","data/question-pools/axis4-conscientiousness.json","9","Conscientiousness","conscientious","no_lexical_cue","","","I review my goals regularly and adjust my plans to stay on track."
"source_pool","data/question-pools/axis4-conscientiousness.json","10","Conscientiousness","conscientious","no_lexical_cue","","","I proactively organize shared spaces and group projects because order enables progress."
"source_pool","data/question-pools/axis4-conscientiousness.json","11","Conscientiousness","conscientious","no_lexical_cue","","","I create backup plans because I know that primary plans sometimes fail."
"source_pool","data/question-pools/axis4-conscientiousness.json","12","Conscientiousness","conscientious","conditional_only","conditional_only","before","I am the kind of person who reads the manual before using a new device."
"source_pool","data/question-pools/axis4-conscientiousness.json","13","Conscientiousness","conscientious","no_lexical_cue","","","I schedule thinking time into my calendar rather than leaving reflection to chance."
"source_pool","data/question-pools/axis4-conscientiousness.json","14","Conscientiousness","conscientious","conditional_only","conditional_only","when; if","I feel more in control when I have a plan, even if it needs to be adjusted later."
"source_pool","data/question-pools/axis4-conscientiousness.json","15","Conscientiousness","conscientious","no_lexical_cue","","","I make it a point to arrive early to appointments and meetings."
"source_pool","data/question-pools/axis4-conscientiousness.json","16","Conscientiousness","conscientious","no_lexical_cue","","","I keep a detailed calendar and refer to it multiple times a day."
"source_pool","data/question-pools/axis4-conscientiousness.json","17","Conscientiousness","conscientious","no_lexical_cue","","","I approach important decisions by gathering information and analyzing options systematically."
"source_pool","data/question-pools/axis4-conscientiousness.json","18","Conscientiousness","conscientious","no_lexical_cue","","","I consistently set long-term goals and build step-by-step plans to reach them."
"source_pool","data/question-pools/axis4-conscientiousness.json","19","Conscientiousness","conscientious","no_lexical_cue","","","I maintain an archive of past work so I can reference and build on it."
"source_pool","data/question-pools/axis4-conscientiousness.json","20","Conscientiousness","conscientious","no_lexical_cue","","","I invest time in building habits that will pay dividends over months and years."
"source_pool","data/question-pools/axis4-conscientiousness.json","21","Conscientiousness","conscientious","conditional_only","conditional_only","before","I lay out my clothes, pack my bag, or prepare materials the night before."
"source_pool","data/question-pools/axis4-conscientiousness.json","22","Conscientiousness","conscientious","no_lexical_cue","","","I systematically review and update my plans as new information becomes available."
"source_pool","data/question-pools/axis4-conscientiousness.json","23","Conscientiousness","conscientious","no_lexical_cue","","","I take pride in my reputation for dependability and follow-through."
"source_pool","data/question-pools/axis4-conscientiousness.json","24","Conscientiousness","conscientious","conditional_only","conditional_only","when","I feel a genuine sense of accomplishment when I execute a plan exactly as designed."
"source_pool","data/question-pools/axis4-conscientiousness.json","25","Conscientiousness","conscientious","no_lexical_cue","","","I keep a journal or log to reflect on my progress and hold myself accountable."
"source_pool","data/question-pools/axis4-conscientiousness.json","26","Conscientiousness","conscientious","no_lexical_cue","","","I maintain an orderly queue of tasks rather than juggling them all at once."
"source_pool","data/question-pools/axis4-conscientiousness.json","27","Conscientiousness","conscientious","conditional_only","conditional_only","before","I sequence my tasks so that each one builds logically on the one before."
"source_pool","data/question-pools/axis4-conscientiousness.json","28","Conscientiousness","conscientious","no_lexical_cue","","","I think of my future self as someone I am actively building conditions for."
"source_pool","data/question-pools/axis4-conscientiousness.json","29","Conscientiousness","conscientious","no_lexical_cue","","","I find it satisfying to bring order to something that was previously disorganized."
"source_pool","data/question-pools/axis4-conscientiousness.json","30","Conscientiousness","conscientious","no_lexical_cue","","","I take a methodical approach to learning new skills, following a structured curriculum."
"source_pool","data/question-pools/axis4-conscientiousness.json","31","Conscientiousness","conscientious","no_lexical_cue","","","I protect focused work time by blocking it on my calendar so no one can interrupt it."
"source_pool","data/question-pools/axis4-conscientiousness.json","32","Conscientiousness","conscientious","no_lexical_cue","","","I keep a running list of things I need to remember and review it regularly."
"source_pool","data/question-pools/axis4-conscientiousness.json","33","Conscientiousness","conscientious","no_lexical_cue","","","I value knowing exactly where I stand on a project at all times."
"source_pool","data/question-pools/axis4-conscientiousness.json","34","Conscientiousness","conscientious","no_lexical_cue","","","I schedule regular maintenance for my car, home, and other possessions."
"source_pool","data/question-pools/axis4-conscientiousness.json","35","Conscientiousness","conscientious","conditional_only","conditional_only","before","I consider multiple possible outcomes before committing to a decision."
"source_pool","data/question-pools/axis4-conscientiousness.json","36","Conscientiousness","conscientious","conditional_only","conditional_only","before","I think about what tools or supplies I'll need before starting a project."
"source_pool","data/question-pools/axis4-conscientiousness.json","37","Conscientiousness","conscientious","no_lexical_cue","","","I write down lessons from each project so I can apply them to the next one."
"source_pool","data/question-pools/axis4-conscientiousness.json","38","Conscientiousness","conscientious","no_lexical_cue","","","I update my to-do list throughout the day as new tasks surface."
"source_pool","data/question-pools/axis4-conscientiousness.json","39","Conscientiousness","conscientious","no_lexical_cue","","","I schedule appointments with buffer time between them to avoid feeling rushed."
"source_pool","data/question-pools/axis4-conscientiousness.json","40","Conscientiousness","conscientious","no_lexical_cue","","","I think of my daily habits as investments that pay dividends in the years ahead."
"source_pool","data/question-pools/axis4-conscientiousness.json","41","Conscientiousness","conscientious","no_lexical_cue","","","I feel responsible for creating the conditions that will lead to my desired future."
"source_pool","data/question-pools/axis4-conscientiousness.json","42","Conscientiousness","conscientious","no_lexical_cue","","","I create project timelines with specific milestones and check-in points."
"source_pool","data/question-pools/axis4-conscientiousness.json","43","Conscientiousness","conscientious","conditional_only","conditional_only","before","I am careful to manage my energy across the day so I don't burn out before evening."
"source_pool","data/question-pools/axis4-conscientiousness.json","44","Conscientiousness","conscientious","no_lexical_cue","","","I maintain a reading list and work through it systematically."
"source_pool","data/question-pools/axis4-conscientiousness.json","45","Conscientiousness","conscientious","no_lexical_cue","","","I prepare for meetings by reviewing agendas and relevant materials in advance."
"source_pool","data/question-pools/axis4-conscientiousness.json","46","Conscientiousness","conscientious","no_lexical_cue","","","I keep a master list of all ongoing projects and their current statuses."
"source_pool","data/question-pools/axis4-conscientiousness.json","47","Conscientiousness","conscientious","no_lexical_cue","","","I keep a log of what I accomplish each day to maintain awareness of my productivity."
"source_pool","data/question-pools/axis4-conscientiousness.json","48","Conscientiousness","conscientious","context_candidate","event","conflict","I prioritize long-term wellbeing over short-term pleasure when the two conflict."
"source_pool","data/question-pools/axis4-conscientiousness.json","49","Conscientiousness","conscientious","no_lexical_cue","","","I return borrowed items promptly because outstanding obligations weigh on me."
"source_pool","data/question-pools/axis4-conscientiousness.json","50","Conscientiousness","conscientious","no_lexical_cue","","","I value predictability in my daily routine because it lets me focus on what matters."
"source_pool","data/question-pools/axis4-conscientiousness.json","51","Conscientiousness","conscientious","no_lexical_cue","","","I maintain separate spaces or systems for different areas of my life to avoid confusion."
"source_pool","data/question-pools/axis4-conscientiousness.json","52","Conscientiousness","conscientious","conditional_only","conditional_only","when","I account for travel time, transitions, and setup when planning my schedule."
"source_pool","data/question-pools/axis4-conscientiousness.json","53","Conscientiousness","conscientious","no_lexical_cue","","","I practice important skills repeatedly until they become second nature."
"source_pool","data/question-pools/axis4-conscientiousness.json","54","Conscientiousness","conscientious","no_lexical_cue","","","I design my workflows to minimize friction and maximize repeatability."
"source_pool","data/question-pools/axis4-conscientiousness.json","55","Conscientiousness","conscientious","conditional_only","conditional_only","when","I feel a strong pull to finish what I start, even when enthusiasm fades."
"source_pool","data/question-pools/axis4-conscientiousness.json","56","Conscientiousness","conscientious","no_lexical_cue","","","I establish naming conventions for my files so I can search for them easily."
"source_pool","data/question-pools/axis4-conscientiousness.json","57","Conscientiousness","conscientious","conditional_only","conditional_only","if","I maintain version histories of important documents so I can revert changes if needed."
"source_pool","data/question-pools/axis4-conscientiousness.json","58","Conscientiousness","conscientious","conditional_only","conditional_only","when","I feel uncomfortable when I leave things half-finished at the end of the day."
"source_pool","data/question-pools/axis4-conscientiousness.json","59","Conscientiousness","conscientious","no_lexical_cue","","","I use consistent formats and templates for recurring communications."
"source_pool","data/question-pools/axis4-conscientiousness.json","60","Conscientiousness","conscientious","no_lexical_cue","","","I keep a record of decisions and the reasoning behind them for future reference."
"source_pool","data/question-pools/axis4-conscientiousness.json","61","Conscientiousness","conscientious","conditional_only","conditional_only","when","I clean as I go when cooking or working on a project to avoid a big mess at the end."
"source_pool","data/question-pools/axis4-conscientiousness.json","62","Conscientiousness","conscientious","no_lexical_cue","","","I tackle administrative tasks on a regular schedule so they never pile up."
"source_pool","data/question-pools/axis4-conscientiousness.json","63","Conscientiousness","conscientious","no_lexical_cue","","","I use a decision journal to record significant choices and revisit them later."
"source_pool","data/question-pools/axis4-conscientiousness.json","64","Conscientiousness","conscientious","no_lexical_cue","","","I finalize plans early to give myself and others time to prepare."
"source_pool","data/question-pools/axis4-conscientiousness.json","65","Conscientiousness","conscientious","conditional_only","conditional_only","when","I leave detailed notes for my future self when pausing a project mid-stream."
"source_pool","data/question-pools/axis4-conscientiousness.json","66","Conscientiousness","conscientious","no_lexical_cue","","","I plan my week on Sunday evening so Monday morning starts with clarity."
"source_pool","data/question-pools/axis4-conscientiousness.json","67","Conscientiousness","conscientious","conditional_only","conditional_only","when","I develop contingency plans for critical tasks even when things are going well."
"source_pool","data/question-pools/axis4-conscientiousness.json","68","Conscientiousness","conscientious","no_lexical_cue","","","I rotate seasonal items in and out of storage on a predictable schedule."
"source_pool","data/question-pools/axis4-conscientiousness.json","69","Conscientiousness","conscientious","no_lexical_cue","","","I set recurring calendar events for tasks that need to happen regularly."
"source_pool","data/question-pools/axis4-conscientiousness.json","70","Conscientiousness","conscientious","no_lexical_cue","","","I compare my current progress to my original timeline to gauge whether I'm ahead or behind."
"source_pool","data/question-pools/axis4-conscientiousness.json","71","Conscientiousness","conscientious","no_lexical_cue","","","I calibrate my effort to the importance of each task, giving more attention to high-impact work."
"source_pool","data/question-pools/axis4-conscientiousness.json","72","Conscientiousness","conscientious","conditional_only","conditional_only","before","I weigh the trade-offs of a decision on paper before committing."
"source_pool","data/question-pools/axis4-conscientiousness.json","73","Conscientiousness","conscientious","no_lexical_cue","","","I keep a maintenance schedule for equipment, subscriptions, and recurring needs."
"source_pool","data/question-pools/axis4-conscientiousness.json","74","Conscientiousness","conscientious","conditional_only","conditional_only","when","I feel most confident when I have rehearsed or prepared thoroughly for an event."
"source_pool","data/question-pools/axis4-conscientiousness.json","75","Conscientiousness","conscientious","no_lexical_cue","","","I practice new skills in a structured, progressive way, building from simple to complex."
"source_pool","data/question-pools/axis4-conscientiousness.json","76","Conscientiousness","conscientious","no_lexical_cue","","","I devote a fixed portion of my income to savings regardless of circumstances."
"source_pool","data/question-pools/axis4-conscientiousness.json","77","Conscientiousness","conscientious","no_lexical_cue","","","I use project management frameworks to coordinate complex work."
"source_pool","data/question-pools/axis4-conscientiousness.json","78","Conscientiousness","conscientious","no_lexical_cue","","","I break vague goals into concrete next actions so I always know what to do next."
"source_pool","data/question-pools/axis4-conscientiousness.json","79","Conscientiousness","conscientious","conditional_only","conditional_only","if","I invest time creating systems that make future work easier even if setup takes a while."
"source_pool","data/question-pools/axis4-conscientiousness.json","80","Conscientiousness","conscientious","no_lexical_cue","","","I treat my calendar as a binding contract with myself."
"source_pool","data/question-pools/axis4-conscientiousness.json","81","Conscientiousness","conscientious","conditional_only","conditional_only","before","I prepare agendas before any meeting I'm responsible for."
"source_pool","data/question-pools/axis4-conscientiousness.json","82","Conscientiousness","conscientious","no_lexical_cue","","","I am the type of person who always has a five-year plan or long-range vision."
"source_pool","data/question-pools/axis4-conscientiousness.json","83","Conscientiousness","conscientious","no_lexical_cue","","","I establish personal policies for recurring decisions so I don't have to deliberate each time."
"source_pool","data/question-pools/axis4-conscientiousness.json","84","Conscientiousness","conscientious","no_lexical_cue","","","I build transition rituals between activities to stay grounded and focused."
"source_pool","data/question-pools/axis4-conscientiousness.json","85","Conscientiousness","conscientious","no_lexical_cue","","","I think about what skills I'll need in the future and start developing them now."
"source_pool","data/question-pools/axis4-conscientiousness.json","86","Conscientiousness","conscientious","no_lexical_cue","","","I resist starting new projects until current ones are at a natural stopping point."
"source_pool","data/question-pools/axis4-conscientiousness.json","87","Conscientiousness","conscientious","no_lexical_cue","","","I track the time I spend on different activities to understand where my hours go."
"source_pool","data/question-pools/axis4-conscientiousness.json","88","Conscientiousness","conscientious","no_lexical_cue","","","I verify that backups of important data are running correctly on a regular basis."
"source_pool","data/question-pools/axis4-conscientiousness.json","89","Conscientiousness","conscientious","conditional_only","conditional_only","before","I pre-read materials before classes, workshops, or events so I can engage more deeply."
"source_pool","data/question-pools/axis4-conscientiousness.json","90","Conscientiousness","conscientious","no_lexical_cue","","","I compare estimated time versus actual time on tasks to improve my planning accuracy."
"source_pool","data/question-pools/axis4-conscientiousness.json","91","Conscientiousness","spontaneous","conditional_only","conditional_only","When","When facing a decision, I often go with my first instinct rather than deliberating at length."
"source_pool","data/question-pools/axis4-conscientiousness.json","92","Conscientiousness","spontaneous","conditional_only","conditional_only","when","I eat when I'm hungry and exercise when I feel like it, without a fixed schedule."
"source_pool","data/question-pools/axis4-conscientiousness.json","93","Conscientiousness","spontaneous","no_lexical_cue","","","I shop and pack based on what occurs to me in the moment rather than from a list."
"source_pool","data/question-pools/axis4-conscientiousness.json","94","Conscientiousness","spontaneous","no_lexical_cue","","","I find budgets and financial plans too restrictive and prefer to manage money intuitively."
"source_pool","data/question-pools/axis4-conscientiousness.json","95","Conscientiousness","spontaneous","context_candidate","event","deadline","I tend to wait until the pressure of a deadline sharpens my focus."
"source_pool","data/question-pools/axis4-conscientiousness.json","96","Conscientiousness","spontaneous","no_lexical_cue","","","I prefer to let my day unfold naturally rather than follow a rigid schedule."
"source_pool","data/question-pools/axis4-conscientiousness.json","97","Conscientiousness","spontaneous","conditional_only","conditional_only","when","I do regular tasks when I remember them rather than relying on calendar prompts."
"source_pool","data/question-pools/axis4-conscientiousness.json","98","Conscientiousness","spontaneous","no_lexical_cue","","","A messy desk doesn't bother me; I know where everything is in my own way."
"source_pool","data/question-pools/axis4-conscientiousness.json","99","Conscientiousness","spontaneous","no_lexical_cue","","","I run errands as they occur to me, sometimes doubling back, and that's fine by me."
"source_pool","data/question-pools/axis4-conscientiousness.json","100","Conscientiousness","spontaneous","no_lexical_cue","","","I tend to work on whatever grabs my attention rather than following a priority list."
"source_pool","data/question-pools/axis4-conscientiousness.json","101","Conscientiousness","spontaneous","conditional_only","conditional_only","when","I deal with maintenance needs when they become apparent rather than on a schedule."
"source_pool","data/question-pools/axis4-conscientiousness.json","102","Conscientiousness","spontaneous","no_lexical_cue","","","I prefer to dive into a project and let the structure emerge organically."
"source_pool","data/question-pools/axis4-conscientiousness.json","103","Conscientiousness","spontaneous","no_lexical_cue","","","I trust my gut instincts more than any amount of advance preparation."
"source_pool","data/question-pools/axis4-conscientiousness.json","104","Conscientiousness","spontaneous","no_lexical_cue","","","I redesign my approach each time I encounter a new problem rather than applying a formula."
"source_pool","data/question-pools/axis4-conscientiousness.json","105","Conscientiousness","spontaneous","no_lexical_cue","","","I often start projects without a clear plan, trusting that the path will reveal itself."
"source_pool","data/question-pools/axis4-conscientiousness.json","106","Conscientiousness","spontaneous","no_lexical_cue","","","I'd rather commit quickly to a direction and learn from the results than test endlessly."
"source_pool","data/question-pools/axis4-conscientiousness.json","107","Conscientiousness","spontaneous","conditional_only","conditional_only","when","I pay bills and handle obligations when I notice them rather than setting up automation."
"source_pool","data/question-pools/axis4-conscientiousness.json","108","Conscientiousness","spontaneous","no_lexical_cue","","","I focus all my energy on the primary plan rather than diverting effort to contingencies."
"source_pool","data/question-pools/axis4-conscientiousness.json","109","Conscientiousness","spontaneous","conditional_only","conditional_only","when","I swap seasonal items when the weather actually changes rather than on a set date."
"source_pool","data/question-pools/axis4-conscientiousness.json","110","Conscientiousness","spontaneous","no_lexical_cue","","","I throw things together at the last minute and it usually works out fine."
"source_pool","data/question-pools/axis4-conscientiousness.json","111","Conscientiousness","spontaneous","no_lexical_cue","","","I prefer trips where I can wander freely and discover things without an itinerary."
"source_pool","data/question-pools/axis4-conscientiousness.json","112","Conscientiousness","spontaneous","no_lexical_cue","","","I prefer to speak off the cuff because rehearsed delivery feels stiff to me."
"source_pool","data/question-pools/axis4-conscientiousness.json","113","Conscientiousness","spontaneous","no_lexical_cue","","","I blend research, creation, and revision together fluidly rather than working in distinct phases."
"source_pool","data/question-pools/axis4-conscientiousness.json","114","Conscientiousness","spontaneous","conditional_only","conditional_only","when","I reconnect with people when the impulse strikes rather than tracking our last contact."
"source_pool","data/question-pools/axis4-conscientiousness.json","115","Conscientiousness","spontaneous","no_lexical_cue","","","I prefer to keep my options open rather than lock myself into a specific course of action."
"source_pool","data/question-pools/axis4-conscientiousness.json","116","Conscientiousness","spontaneous","conditional_only","conditional_only","when","I feel more in control when I'm free to react to what's actually happening rather than following a script."
"source_pool","data/question-pools/axis4-conscientiousness.json","117","Conscientiousness","spontaneous","no_lexical_cue","","","I think of each day as its own self-contained experience rather than an investment in the future."
"source_pool","data/question-pools/axis4-conscientiousness.json","118","Conscientiousness","spontaneous","conditional_only","conditional_only","when","I thrive when I can respond to whatever the moment presents rather than sticking to a predetermined path."
"source_pool","data/question-pools/axis4-conscientiousness.json","119","Conscientiousness","spontaneous","no_lexical_cue","","","I let the scope of a task reveal itself as I work rather than defining it upfront."
"source_pool","data/question-pools/axis4-conscientiousness.json","120","Conscientiousness","spontaneous","no_lexical_cue","","","I often have multiple projects going at once and move between them as my interest dictates."
"source_pool","data/question-pools/axis4-conscientiousness.json","121","Conscientiousness","spontaneous","no_lexical_cue","","","I trust that I can handle whatever comes up, so I don't waste time on contingency plans."
"source_pool","data/question-pools/axis4-conscientiousness.json","122","Conscientiousness","spontaneous","conditional_only","conditional_only","when","I respond to messages when the timing feels right, not according to a self-imposed schedule."
"source_pool","data/question-pools/axis4-conscientiousness.json","123","Conscientiousness","spontaneous","conditional_only","conditional_only","when","I feel comfortable dropping a project when my interest shifts to something more compelling."
"source_pool","data/question-pools/axis4-conscientiousness.json","124","Conscientiousness","spontaneous","no_lexical_cue","","","I negotiate and make requests without scripted fallbacks, adapting to the flow of conversation."
"source_pool","data/question-pools/axis4-conscientiousness.json","125","Conscientiousness","spontaneous","no_lexical_cue","","","I trust that the things that truly matter will stay in my mind without a list."
"source_pool","data/question-pools/axis4-conscientiousness.json","126","Conscientiousness","spontaneous","conditional_only","conditional_only","if","I rarely make backup plans because I trust my ability to improvise if things go sideways."
"source_pool","data/question-pools/axis4-conscientiousness.json","127","Conscientiousness","spontaneous","no_lexical_cue","","","I focus on creating the conditions for a great present and let the future emerge from that."
"source_pool","data/question-pools/axis4-conscientiousness.json","128","Conscientiousness","spontaneous","no_lexical_cue","","","I learn what I want to achieve by starting to act, not by planning in advance."
"source_pool","data/question-pools/axis4-conscientiousness.json","129","Conscientiousness","spontaneous","no_lexical_cue","","","I send emails as soon as I write them, trusting my first phrasing is good enough."
"source_pool","data/question-pools/axis4-conscientiousness.json","130","Conscientiousness","spontaneous","no_lexical_cue","","","I gauge my productivity by how energized I feel, not by a tally of completed items."
"source_pool","data/question-pools/axis4-conscientiousness.json","131","Conscientiousness","spontaneous","context_candidate","setting","in conversation","I share information as I learn it, refining my understanding in conversation."
"source_pool","data/question-pools/axis4-conscientiousness.json","132","Conscientiousness","spontaneous","conditional_only","conditional_only","when","I prefer to move fast and fix errors when they surface rather than reviewing obsessively."
"source_pool","data/question-pools/axis4-conscientiousness.json","133","Conscientiousness","spontaneous","no_lexical_cue","","","I start my day open to whatever feels most compelling rather than consulting a schedule."
"source_pool","data/question-pools/axis4-conscientiousness.json","134","Conscientiousness","spontaneous","conditional_only","conditional_only","when","I feel a genuine sense of accomplishment when I navigate an unplanned situation successfully."
"source_pool","data/question-pools/axis4-conscientiousness.json","135","Conscientiousness","spontaneous","no_lexical_cue","","","I value speed and momentum over precision in the early stages of any effort."
"source_pool","data/question-pools/axis4-conscientiousness.json","136","Conscientiousness","spontaneous","conditional_only","conditional_only","when","I get bored when a process becomes too routine and look for ways to shake things up."
"source_pool","data/question-pools/axis4-conscientiousness.json","137","Conscientiousness","spontaneous","no_lexical_cue","","","I avoid detailed project timelines because they rarely survive contact with reality."
"source_pool","data/question-pools/axis4-conscientiousness.json","138","Conscientiousness","spontaneous","no_lexical_cue","","","I hold my commitments loosely, knowing that priorities shift and flexibility matters."
"source_pool","data/question-pools/axis4-conscientiousness.json","139","Conscientiousness","spontaneous","conditional_only","conditional_only","if","I like to try a different approach each time, even if the old way worked."
"source_pool","data/question-pools/axis4-conscientiousness.json","140","Conscientiousness","spontaneous","no_lexical_cue","","","My sleep schedule shifts depending on what I'm engaged with; I follow my energy."
"source_pool","data/question-pools/axis4-conscientiousness.json","141","Conscientiousness","spontaneous","context_candidate","event","unexpected","I take pride in my ability to think on my feet and handle the unexpected."
"source_pool","data/question-pools/axis4-conscientiousness.json","142","Conscientiousness","spontaneous","no_lexical_cue","","","I value variety in my daily routine because it keeps me mentally sharp and engaged."
"source_pool","data/question-pools/axis4-conscientiousness.json","143","Conscientiousness","spontaneous","conditional_only","conditional_only","when","I'm comfortable leaving things unfinished, trusting I'll return to them when the time is right."
"source_pool","data/question-pools/axis4-conscientiousness.json","144","Conscientiousness","spontaneous","context_candidate","setting","in group","I'm comfortable with ambiguity in group projects and trust things will sort themselves out."
"source_pool","data/question-pools/axis4-conscientiousness.json","145","Conscientiousness","spontaneous","no_lexical_cue","","","I start projects with what I have and acquire tools as the need becomes clear."
"source_pool","data/question-pools/axis4-conscientiousness.json","146","Conscientiousness","spontaneous","no_lexical_cue","","","I show up to learning experiences fresh, without preparation, to keep my perspective unbiased."
"source_pool","data/question-pools/axis4-conscientiousness.json","147","Conscientiousness","spontaneous","conditional_only","conditional_only","when","I reschedule plans without guilt when something more important or interesting comes up."
"source_pool","data/question-pools/axis4-conscientiousness.json","148","Conscientiousness","spontaneous","no_lexical_cue","","","I work in intense bursts of energy rather than at a steady, measured pace."
"source_pool","data/question-pools/axis4-conscientiousness.json","149","Conscientiousness","spontaneous","no_lexical_cue","","","What some call procrastination, I experience as waiting for the right moment of clarity."
"source_pool","data/question-pools/axis4-conscientiousness.json","150","Conscientiousness","spontaneous","no_lexical_cue","","","I head out the door and figure out what I forgot along the way."
"source_pool","data/question-pools/axis4-conscientiousness.json","151","Conscientiousness","spontaneous","conditional_only","conditional_only","when","I keep working when I'm energized regardless of what my schedule says, and rest when the energy fades."
"source_pool","data/question-pools/axis4-conscientiousness.json","152","Conscientiousness","spontaneous","conditional_only","conditional_only","when","I know a project is done when it feels complete, not when it meets predefined criteria."
"source_pool","data/question-pools/axis4-conscientiousness.json","153","Conscientiousness","spontaneous","no_lexical_cue","","","Five-year plans seem pointless to me because so much changes that they quickly become irrelevant."
"source_pool","data/question-pools/axis4-conscientiousness.json","154","Conscientiousness","spontaneous","no_lexical_cue","","","I treat my calendar as a rough suggestion that I adjust throughout the day."
"source_pool","data/question-pools/axis4-conscientiousness.json","155","Conscientiousness","spontaneous","conditional_only","conditional_only","during","I focus on the conversation during meetings and trust the key points will stick."
"source_pool","data/question-pools/axis4-conscientiousness.json","156","Conscientiousness","spontaneous","no_lexical_cue","","","I let each morning develop its own rhythm instead of front-loading priority tasks."
"source_pool","data/question-pools/axis4-conscientiousness.json","157","Conscientiousness","spontaneous","conditional_only","conditional_only","when","I notice expired items when I happen to come across them, not on a set schedule."
"source_pool","data/question-pools/axis4-conscientiousness.json","158","Conscientiousness","spontaneous","no_lexical_cue","","","I ramp up effort as a project progresses, letting early stages stay loose and exploratory."
"source_pool","data/question-pools/axis4-conscientiousness.json","159","Conscientiousness","spontaneous","conditional_only","conditional_only","if","I commit to a decision and adjust quickly if the outcome isn't what I expected."
"source_pool","data/question-pools/axis4-conscientiousness.json","160","Conscientiousness","spontaneous","no_lexical_cue","","","I read whatever catches my interest without following a list."
"source_pool","data/question-pools/axis4-conscientiousness.json","161","Conscientiousness","spontaneous","no_lexical_cue","","","I handle commitments as they surface throughout the week without a formal review."
"source_pool","data/question-pools/axis4-conscientiousness.json","162","Conscientiousness","spontaneous","no_lexical_cue","","","I'd rather try something immediately and learn from the result than spend time planning it out."
"source_pool","data/question-pools/axis4-conscientiousness.json","163","Conscientiousness","spontaneous","no_lexical_cue","","","I'm comfortable with ambiguity about where a project stands as long as progress feels real."
"source_pool","data/question-pools/axis4-conscientiousness.json","164","Conscientiousness","spontaneous","conditional_only","conditional_only","when","I feel most productive when I have the freedom to shift direction at any moment."
"source_pool","data/question-pools/axis4-conscientiousness.json","165","Conscientiousness","spontaneous","conditional_only","conditional_only","whenever","I check and respond to messages whenever they arrive, staying in the flow of communication."
"source_pool","data/question-pools/axis4-conscientiousness.json","166","Conscientiousness","spontaneous","no_lexical_cue","","","I jump into the deep end with new skills and piece together understanding through experience."
"source_pool","data/question-pools/axis4-conscientiousness.json","167","Conscientiousness","spontaneous","no_lexical_cue","","","I make choices based on present circumstances and adapt to downstream effects as they appear."
"source_pool","data/question-pools/axis4-conscientiousness.json","168","Conscientiousness","spontaneous","no_lexical_cue","","","I give my full attention to what's happening now and prepare for future obligations closer to the time."
"source_pool","data/question-pools/axis4-conscientiousness.json","169","Conscientiousness","spontaneous","no_lexical_cue","","","I let the day's most important task reveal itself through my engagement rather than deciding it in advance."
"source_pool","data/question-pools/axis4-conscientiousness.json","170","Conscientiousness","spontaneous","no_lexical_cue","","","I focus entirely on the task at hand and clean up everything at the end in one pass."
"source_pool","data/question-pools/axis4-conscientiousness.json","171","Conscientiousness","spontaneous","conditional_only","conditional_only","if","I schedule things back-to-back and adjust on the fly if something runs over."
"source_pool","data/question-pools/axis4-conscientiousness.json","172","Conscientiousness","spontaneous","no_lexical_cue","","","I give others a quick overview and trust them to figure out the details their own way."
"source_pool","data/question-pools/axis4-conscientiousness.json","173","Conscientiousness","spontaneous","no_lexical_cue","","","I finalize plans late because earlier decisions might need changing anyway."
"source_pool","data/question-pools/axis4-conscientiousness.json","174","Conscientiousness","spontaneous","no_lexical_cue","","","I can work effectively in chaotic environments that would distract most people."
"source_pool","data/question-pools/axis4-conscientiousness.json","175","Conscientiousness","spontaneous","no_lexical_cue","","","I let Monday morning unfold and see what the week brings."
"source_pool","data/question-pools/axis4-conscientiousness.json","176","Conscientiousness","spontaneous","conditional_only","conditional_only","before","I sit with vague goals and let clarity emerge before forcing them into action steps."
"source_pool","data/question-pools/axis4-conscientiousness.json","177","Conscientiousness","spontaneous","no_lexical_cue","","","I work on whatever pulls me in, whether it's hard or easy, based on the moment."
"source_pool","data/question-pools/axis4-conscientiousness.json","178","Conscientiousness","spontaneous","conditional_only","conditional_only","if","I handle errands and tasks as they come up, even if that means extra trips."
"source_pool","data/question-pools/axis4-conscientiousness.json","179","Conscientiousness","spontaneous","conditional_only","conditional_only","when","I think about backups only when something goes wrong and I wish I had one."
"source_pool","data/question-pools/axis4-conscientiousness.json","180","Conscientiousness","spontaneous","conditional_only","conditional_only","if","I act on my initial understanding and ask for clarification only if I get stuck."
"source_pool","data/question-pools/axis5-agency.json","1","Agency","agentic","conditional_only","conditional_only","When","When there is a vacuum of leadership, I fill it without thinking twice."
"source_pool","data/question-pools/axis5-agency.json","2","Agency","agentic","context_candidate","setting","team","I am the type who builds the team around my vision rather than the other way around."
"source_pool","data/question-pools/axis5-agency.json","3","Agency","agentic","conditional_only","conditional_only","When","When I see an opportunity, I move quickly to claim it."
"source_pool","data/question-pools/axis5-agency.json","4","Agency","agentic","context_candidate","event","disagreements","I often take it upon myself to resolve group disagreements by choosing a path."
"source_pool","data/question-pools/axis5-agency.json","5","Agency","agentic","no_lexical_cue","","","I tend to be the voice that names the elephant in the room."
"source_pool","data/question-pools/axis5-agency.json","6","Agency","agentic","no_lexical_cue","","","I tend to be the one who says the meeting is over and assigns next steps."
"source_pool","data/question-pools/axis5-agency.json","7","Agency","agentic","no_lexical_cue","","","I often reshape a project's scope based on my own assessment of what matters."
"source_pool","data/question-pools/axis5-agency.json","8","Agency","agentic","no_lexical_cue","","","I prefer to own the outcome of a decision rather than share that ownership."
"source_pool","data/question-pools/axis5-agency.json","9","Agency","agentic","no_lexical_cue","","","I tend to assert boundaries for the group about what is and isn't acceptable."
"source_pool","data/question-pools/axis5-agency.json","10","Agency","agentic","no_lexical_cue","","","I would rather lead a small group than follow in a large one."
"source_pool","data/question-pools/axis5-agency.json","11","Agency","agentic","conditional_only","conditional_only","before","I prefer to set the ground rules before any group activity begins."
"source_pool","data/question-pools/axis5-agency.json","12","Agency","agentic","context_candidate","setting","team","I find it energizing to direct a team through a challenging situation."
"source_pool","data/question-pools/axis5-agency.json","13","Agency","agentic","context_candidate","setting","in a group","I am the person who usually decides how resources get distributed in a group project."
"source_pool","data/question-pools/axis5-agency.json","14","Agency","agentic","no_lexical_cue","","","I tend to direct the flow of conversation toward outcomes I envision."
"source_pool","data/question-pools/axis5-agency.json","15","Agency","agentic","context_candidate","setting","team","I would rather make a controversial call than let the team drift without direction."
"source_pool","data/question-pools/axis5-agency.json","16","Agency","agentic","conditional_only","conditional_only","when","I find myself correcting course when I think a group is going the wrong way."
"source_pool","data/question-pools/axis5-agency.json","17","Agency","agentic","no_lexical_cue","","","I take pride in being the driving force behind a project's success."
"source_pool","data/question-pools/axis5-agency.json","18","Agency","agentic","no_lexical_cue","","","I feel confident making decisions on behalf of a group."
"source_pool","data/question-pools/axis5-agency.json","19","Agency","agentic","context_candidate","setting; event","team; bad news","I prefer to be the one who communicates bad news to the team."
"source_pool","data/question-pools/axis5-agency.json","20","Agency","agentic","context_candidate","setting","in group","I often end up as the de facto leader in group projects."
"source_pool","data/question-pools/axis5-agency.json","21","Agency","agentic","context_candidate","setting","team","I prefer to own the relationship with external partners on behalf of the team."
"source_pool","data/question-pools/axis5-agency.json","22","Agency","agentic","conditional_only","conditional_only","when","I tend to unilaterally escalate issues when I think a group is underreacting."
"source_pool","data/question-pools/axis5-agency.json","23","Agency","agentic","no_lexical_cue","","","I have been told that I have a commanding presence."
"source_pool","data/question-pools/axis5-agency.json","24","Agency","agentic","no_lexical_cue","","","I frequently volunteer to be the spokesperson or point person."
"source_pool","data/question-pools/axis5-agency.json","25","Agency","agentic","no_lexical_cue","","","I enjoy the weight of responsibility that comes with leading."
"source_pool","data/question-pools/axis5-agency.json","26","Agency","agentic","no_lexical_cue","","","I tend to make executive decisions about scope changes mid-project."
"source_pool","data/question-pools/axis5-agency.json","27","Agency","agentic","no_lexical_cue","","","I naturally claim authority in informal group settings."
"source_pool","data/question-pools/axis5-agency.json","28","Agency","agentic","no_lexical_cue","","","I often proactively define the criteria for who gets to participate in key discussions."
"source_pool","data/question-pools/axis5-agency.json","29","Agency","agentic","no_lexical_cue","","","I often speak with an air of finality that signals the discussion is over."
"source_pool","data/question-pools/axis5-agency.json","30","Agency","agentic","no_lexical_cue","","","I prefer to control the narrative around a project's progress."
"source_pool","data/question-pools/axis5-agency.json","31","Agency","agentic","conditional_only","conditional_only","When","When a conversation stalls, I push it forward with a concrete proposal."
"source_pool","data/question-pools/axis5-agency.json","32","Agency","agentic","conditional_only","conditional_only","When","When I have a vision, I pursue it whether or not others initially agree."
"source_pool","data/question-pools/axis5-agency.json","33","Agency","agentic","conditional_only","conditional_only","when","I am the first to speak up when a group needs someone to take ownership of a problem."
"source_pool","data/question-pools/axis5-agency.json","34","Agency","agentic","context_candidate","setting","team","I feel a surge of energy when I declare a new direction for a team."
"source_pool","data/question-pools/axis5-agency.json","35","Agency","agentic","no_lexical_cue","","","I want to be the one who shapes how a project unfolds."
"source_pool","data/question-pools/axis5-agency.json","36","Agency","agentic","conditional_only","conditional_only","when","I find it hard to stay quiet when I disagree with the group's direction."
"source_pool","data/question-pools/axis5-agency.json","37","Agency","agentic","context_candidate","setting","team","I am attracted to opportunities where I can set the tone for a team."
"source_pool","data/question-pools/axis5-agency.json","38","Agency","agentic","no_lexical_cue","","","I feel responsible for keeping a group on track toward its goals."
"source_pool","data/question-pools/axis5-agency.json","39","Agency","agentic","no_lexical_cue","","","I have a strong desire to leave my mark on the things I work on."
"source_pool","data/question-pools/axis5-agency.json","40","Agency","agentic","context_candidate","setting","team","I frequently take on captain or leadership roles in team settings."
"source_pool","data/question-pools/axis5-agency.json","41","Agency","agentic","no_lexical_cue","","","I am the one who typically opens a meeting by framing the key question."
"source_pool","data/question-pools/axis5-agency.json","42","Agency","agentic","no_lexical_cue","","","I enjoy being the public face of a group effort."
"source_pool","data/question-pools/axis5-agency.json","43","Agency","agentic","no_lexical_cue","","","I think it is important to make a stand and defend it."
"source_pool","data/question-pools/axis5-agency.json","44","Agency","agentic","no_lexical_cue","","","I think of authority as something to be exercised, not just held."
"source_pool","data/question-pools/axis5-agency.json","45","Agency","agentic","no_lexical_cue","","","I find it natural to tell others what I expect from them."
"source_pool","data/question-pools/axis5-agency.json","46","Agency","agentic","context_candidate","setting","in a discussion","I find it rewarding to have the final word in a discussion."
"source_pool","data/question-pools/axis5-agency.json","47","Agency","agentic","no_lexical_cue","","","I am the type who creates the rules of engagement for a group."
"source_pool","data/question-pools/axis5-agency.json","48","Agency","agentic","no_lexical_cue","","","I readily step in to mediate disputes by imposing a resolution."
"source_pool","data/question-pools/axis5-agency.json","49","Agency","agentic","no_lexical_cue","","","I view taking charge as a service to the group."
"source_pool","data/question-pools/axis5-agency.json","50","Agency","agentic","conditional_only","conditional_only","when","I am quick to declare a path forward when the group is circling."
"source_pool","data/question-pools/axis5-agency.json","51","Agency","agentic","no_lexical_cue","","","I naturally assume the authority to speak on behalf of a group."
"source_pool","data/question-pools/axis5-agency.json","52","Agency","agentic","no_lexical_cue","","","I volunteer to chair committees or working groups without hesitation."
"source_pool","data/question-pools/axis5-agency.json","53","Agency","agentic","conditional_only","conditional_only","when","I am comfortable overruling a group decision when I believe I am right."
"source_pool","data/question-pools/axis5-agency.json","54","Agency","agentic","no_lexical_cue","","","I naturally gravitate toward being the person who introduces people and assigns them roles."
"source_pool","data/question-pools/axis5-agency.json","55","Agency","agentic","no_lexical_cue","","","I would describe my influence style as directive."
"source_pool","data/question-pools/axis5-agency.json","56","Agency","agentic","conditional_only","conditional_only","when","I have a hard time following when I think I could lead better."
"source_pool","data/question-pools/axis5-agency.json","57","Agency","agentic","no_lexical_cue","","","I proactively recruit people to my initiatives."
"source_pool","data/question-pools/axis5-agency.json","58","Agency","agentic","conditional_only","conditional_only","when","I feel compelled to act when I see inefficiency or lack of direction."
"source_pool","data/question-pools/axis5-agency.json","59","Agency","agentic","conditional_only","conditional_only","when","I frequently redefine objectives when I think the current ones are wrong."
"source_pool","data/question-pools/axis5-agency.json","60","Agency","agentic","no_lexical_cue","","","I trust my own judgment more than the group's consensus."
"source_pool","data/question-pools/axis5-agency.json","61","Agency","agentic","conditional_only","conditional_only","When","When entering a new group, I quickly establish my role as a leader."
"source_pool","data/question-pools/axis5-agency.json","62","Agency","agentic","context_candidate","setting","team","I like to be the one who determines the scope of what the team works on."
"source_pool","data/question-pools/axis5-agency.json","63","Agency","agentic","no_lexical_cue","","","I am energized by standing at the front of the room and guiding the discussion."
"source_pool","data/question-pools/axis5-agency.json","64","Agency","agentic","conditional_only","conditional_only","before","I make a point of having the last say before a group commits to a course of action."
"source_pool","data/question-pools/axis5-agency.json","65","Agency","agentic","conditional_only","conditional_only","when","I am inclined to enforce standards even when the group has not explicitly agreed to them."
"source_pool","data/question-pools/axis5-agency.json","66","Agency","agentic","no_lexical_cue","","","I see my job as pointing the group in the right direction and clearing the path."
"source_pool","data/question-pools/axis5-agency.json","67","Agency","agentic","context_candidate","setting","in a group","I notice that people look to me to set the standard of effort in a group."
"source_pool","data/question-pools/axis5-agency.json","68","Agency","agentic","context_candidate","setting","at home","I feel at home being the primary representative of a group to the outside world."
"source_pool","data/question-pools/axis5-agency.json","69","Agency","agentic","context_candidate","setting","team","I am comfortable making commitments on behalf of my team without consulting them first."
"source_pool","data/question-pools/axis5-agency.json","70","Agency","agentic","no_lexical_cue","","","I enjoy naming the problem and telling the group how we will solve it."
"source_pool","data/question-pools/axis5-agency.json","71","Agency","agentic","conditional_only","conditional_only","when","I feel most alive when I am steering the course of a project."
"source_pool","data/question-pools/axis5-agency.json","72","Agency","agentic","no_lexical_cue","","","I feel a strong pull to shape the agenda of any group I am part of."
"source_pool","data/question-pools/axis5-agency.json","73","Agency","agentic","conditional_only","conditional_only","when","I feel uncomfortable when someone challenges my authority in front of the group."
"source_pool","data/question-pools/axis5-agency.json","74","Agency","agentic","no_lexical_cue","","","I am drawn to moments where one person's decision changes everything."
"source_pool","data/question-pools/axis5-agency.json","75","Agency","agentic","no_lexical_cue","","","I am the one who cuts off brainstorming to move the group into execution."
"source_pool","data/question-pools/axis5-agency.json","76","Agency","agentic","no_lexical_cue","","","I have a tendency to take over tasks that others are doing too slowly."
"source_pool","data/question-pools/axis5-agency.json","77","Agency","agentic","no_lexical_cue","","","I find it satisfying to have direct reports and be responsible for their output."
"source_pool","data/question-pools/axis5-agency.json","78","Agency","agentic","no_lexical_cue","","","I naturally position myself at the center of decision-making networks."
"source_pool","data/question-pools/axis5-agency.json","79","Agency","agentic","no_lexical_cue","","","I enjoy the sense of being indispensable to a project's direction."
"source_pool","data/question-pools/axis5-agency.json","80","Agency","agentic","no_lexical_cue","","","I frequently reorganize a group's workflow to align with my approach."
"source_pool","data/question-pools/axis5-agency.json","81","Agency","agentic","context_candidate","setting","team","I am the person who reframes a problem so the team can act on it."
"source_pool","data/question-pools/axis5-agency.json","82","Agency","agentic","context_candidate","setting","team","I enjoy shaping the culture of any team I join."
"source_pool","data/question-pools/axis5-agency.json","83","Agency","agentic","conditional_only","conditional_only","when","I instinctively create a chain of command when I work with others."
"source_pool","data/question-pools/axis5-agency.json","84","Agency","agentic","conditional_only","conditional_only","before","I typically introduce structure to group work before anyone else does."
"source_pool","data/question-pools/axis5-agency.json","85","Agency","agentic","conditional_only","conditional_only","when","I consider it a compliment when people describe me as commanding."
"source_pool","data/question-pools/axis5-agency.json","86","Agency","agentic","no_lexical_cue","","","I am comfortable unilaterally canceling plans that I think are not working."
"source_pool","data/question-pools/axis5-agency.json","87","Agency","agentic","conditional_only","conditional_only","before","I actively lobby for my perspective before a group makes a decision."
"source_pool","data/question-pools/axis5-agency.json","88","Agency","agentic","no_lexical_cue","","","I commonly find myself the one editing and finalizing group deliverables."
"source_pool","data/question-pools/axis5-agency.json","89","Agency","agentic","context_candidate","setting","in group","I frequently take on the role of gatekeeper for quality in group work."
"source_pool","data/question-pools/axis5-agency.json","90","Agency","agentic","conditional_only","conditional_only","when","I am quick to assert my expertise when a topic I know well comes up."
"source_pool","data/question-pools/axis5-agency.json","91","Agency","yielding","conditional_only","conditional_only","When","When there is a vacuum of leadership, I look around to see who else might step in."
"source_pool","data/question-pools/axis5-agency.json","92","Agency","yielding","conditional_only","conditional_only","when","I tend to let the group decide when the meeting wraps and what the next steps are."
"source_pool","data/question-pools/axis5-agency.json","93","Agency","yielding","conditional_only","conditional_only","When","When things go sideways, I look for a collective response rather than taking personal charge."
"source_pool","data/question-pools/axis5-agency.json","94","Agency","yielding","context_candidate","setting","team","I find it energizing to be part of a team that navigates challenges together."
"source_pool","data/question-pools/axis5-agency.json","95","Agency","yielding","context_candidate","setting","team","I would rather let the team take extra time than force a call that divides people."
"source_pool","data/question-pools/axis5-agency.json","96","Agency","yielding","conditional_only","conditional_only","before","I am usually the first to check in with the group before anyone takes charge."
"source_pool","data/question-pools/axis5-agency.json","97","Agency","yielding","no_lexical_cue","","","I prefer that group deliverables be finalized by whoever the group entrusts with that task."
"source_pool","data/question-pools/axis5-agency.json","98","Agency","yielding","conditional_only","conditional_only","if","I tend to wait and see if the group will name the elephant in the room on its own."
"source_pool","data/question-pools/axis5-agency.json","99","Agency","yielding","no_lexical_cue","","","I bring concerns about a plan to the group rather than canceling it myself."
"source_pool","data/question-pools/axis5-agency.json","100","Agency","yielding","no_lexical_cue","","","I often help synthesize multiple perspectives into a direction the group can support."
"source_pool","data/question-pools/axis5-agency.json","101","Agency","yielding","context_candidate","setting","team","I tend to consult the team before making any scope changes mid-project."
"source_pool","data/question-pools/axis5-agency.json","102","Agency","yielding","no_lexical_cue","","","I would rather be an integral part of a large group than lead a small one."
"source_pool","data/question-pools/axis5-agency.json","103","Agency","yielding","context_candidate","setting","team","I have been told that I am a great team player."
"source_pool","data/question-pools/axis5-agency.json","104","Agency","yielding","conditional_only","conditional_only","if","I often yield to the group's preferred approach, even if mine differs."
"source_pool","data/question-pools/axis5-agency.json","105","Agency","yielding","context_candidate","setting","team","I prefer that the team shares relationships with external partners."
"source_pool","data/question-pools/axis5-agency.json","106","Agency","yielding","conditional_only","conditional_only","when","I prefer that the group collectively decides when a meeting has run its course."
"source_pool","data/question-pools/axis5-agency.json","107","Agency","yielding","no_lexical_cue","","","I tend to share my work in progress early so others can shape it with me."
"source_pool","data/question-pools/axis5-agency.json","108","Agency","yielding","context_candidate","setting","in a group","I often adapt to the norms and expectations already present in a group."
"source_pool","data/question-pools/axis5-agency.json","109","Agency","yielding","no_lexical_cue","","","I prefer to ask questions that help someone see for themselves whether their approach is working."
"source_pool","data/question-pools/axis5-agency.json","110","Agency","yielding","no_lexical_cue","","","I generally negotiate the terms of a collaboration with all parties."
"source_pool","data/question-pools/axis5-agency.json","111","Agency","yielding","conditional_only","conditional_only","before","I prefer that ground rules emerge from group discussion before activity begins."
"source_pool","data/question-pools/axis5-agency.json","112","Agency","yielding","no_lexical_cue","","","I trust that the group will find its way forward without one person driving."
"source_pool","data/question-pools/axis5-agency.json","113","Agency","yielding","conditional_only","conditional_only","when","I prefer the group to decide together when a project is truly complete."
"source_pool","data/question-pools/axis5-agency.json","114","Agency","yielding","conditional_only","conditional_only","before","I often wait for the group to signal readiness before pursuing change."
"source_pool","data/question-pools/axis5-agency.json","115","Agency","yielding","context_candidate","setting","team","I prefer that new team members be selected by the whole team together."
"source_pool","data/question-pools/axis5-agency.json","116","Agency","yielding","no_lexical_cue","","","I often find that I help the group define what success looks like together."
"source_pool","data/question-pools/axis5-agency.json","117","Agency","yielding","conditional_only","conditional_only","before","I prefer that big bets be discussed thoroughly with the group before anyone commits."
"source_pool","data/question-pools/axis5-agency.json","118","Agency","yielding","context_candidate","event","disagreements","I prefer to resolve disagreements through dialogue rather than any form of rank."
"source_pool","data/question-pools/axis5-agency.json","119","Agency","yielding","context_candidate","setting","in group","I often end up as the reliable supporter in group projects."
"source_pool","data/question-pools/axis5-agency.json","120","Agency","yielding","no_lexical_cue","","","I tend to let multiple people contribute to important documents without one person holding the pen."
"source_pool","data/question-pools/axis5-agency.json","121","Agency","yielding","conditional_only","conditional_only","When; before","When a conversation stalls, I invite quieter voices to share before proposing anything."
"source_pool","data/question-pools/axis5-agency.json","122","Agency","yielding","no_lexical_cue","","","I find it important to stay aligned with the group, even at the cost of my personal preference."
"source_pool","data/question-pools/axis5-agency.json","123","Agency","yielding","context_candidate","setting","team","I feel a surge of energy when a team collectively discovers its new direction."
"source_pool","data/question-pools/axis5-agency.json","124","Agency","yielding","no_lexical_cue","","","I want to be part of shaping how a project unfolds, alongside others."
"source_pool","data/question-pools/axis5-agency.json","125","Agency","yielding","conditional_only","conditional_only","When; if; before","When I have a vision, I wait to see if others share it before moving forward."
"source_pool","data/question-pools/axis5-agency.json","126","Agency","yielding","no_lexical_cue","","","I am the one who typically helps the group settle on the key question together."
"source_pool","data/question-pools/axis5-agency.json","127","Agency","yielding","conditional_only","conditional_only","before","I like to take time and let the group deliberate before a decision is made."
"source_pool","data/question-pools/axis5-agency.json","128","Agency","yielding","context_candidate","setting","team","I am attracted to opportunities where I can blend into a well-functioning team."
"source_pool","data/question-pools/axis5-agency.json","129","Agency","yielding","no_lexical_cue","","","I trust that the group will eventually resolve its own circular discussions."
"source_pool","data/question-pools/axis5-agency.json","130","Agency","yielding","no_lexical_cue","","","I look for ways to distribute ownership of problems across the group."
"source_pool","data/question-pools/axis5-agency.json","131","Agency","yielding","no_lexical_cue","","","I take pride in the behind-the-scenes work that makes a project succeed."
"source_pool","data/question-pools/axis5-agency.json","132","Agency","yielding","conditional_only","conditional_only","when","I find it easy to go along with the group's direction, even when I have reservations."
"source_pool","data/question-pools/axis5-agency.json","133","Agency","yielding","no_lexical_cue","","","I find it natural to sit back and let the group work through its process."
"source_pool","data/question-pools/axis5-agency.json","134","Agency","yielding","conditional_only","conditional_only","when","I feel empowered when the group trusts me enough to share power."
"source_pool","data/question-pools/axis5-agency.json","135","Agency","yielding","context_candidate","setting","team","I frequently take on supporting or facilitating roles in team settings."
"source_pool","data/question-pools/axis5-agency.json","136","Agency","yielding","no_lexical_cue","","","I find it satisfying to maintain cohesion as the group moves forward."
"source_pool","data/question-pools/axis5-agency.json","137","Agency","yielding","conditional_only","conditional_only","when","I rarely overrule a group decision, even when I think there is a better option."
"source_pool","data/question-pools/axis5-agency.json","138","Agency","yielding","no_lexical_cue","","","I think it is important to remain open and willing to shift with the group."
"source_pool","data/question-pools/axis5-agency.json","139","Agency","yielding","no_lexical_cue","","","I enjoy the freedom that comes with not being the person in charge."
"source_pool","data/question-pools/axis5-agency.json","140","Agency","yielding","no_lexical_cue","","","I instinctively adapt to whatever structure the group has established."
"source_pool","data/question-pools/axis5-agency.json","141","Agency","yielding","conditional_only","conditional_only","after","I naturally listen first and speak after others have shared their thoughts."
"source_pool","data/question-pools/axis5-agency.json","142","Agency","yielding","conditional_only","conditional_only","when","I feel energized when a group reaches a genuine consensus."
"source_pool","data/question-pools/axis5-agency.json","143","Agency","yielding","no_lexical_cue","","","I feel responsible for keeping a group connected and cohesive."
"source_pool","data/question-pools/axis5-agency.json","144","Agency","yielding","conditional_only","conditional_only","if","I let the group find its own course, even if I see a different path."
"source_pool","data/question-pools/axis5-agency.json","145","Agency","yielding","no_lexical_cue","","","I gravitate toward letting discussions continue until the group is satisfied."
"source_pool","data/question-pools/axis5-agency.json","146","Agency","yielding","no_lexical_cue","","","I am inclined to keep options open until the group has weighed in."
"source_pool","data/question-pools/axis5-agency.json","147","Agency","yielding","conditional_only","conditional_only","when","I thrive when I have the trust of a group that works together."
"source_pool","data/question-pools/axis5-agency.json","148","Agency","yielding","no_lexical_cue","","","I naturally defer to others in informal group settings."
"source_pool","data/question-pools/axis5-agency.json","149","Agency","yielding","no_lexical_cue","","","I am energized by the process of building a decision together."
"source_pool","data/question-pools/axis5-agency.json","150","Agency","yielding","no_lexical_cue","","","I view deferring to others as a service to the group."
"source_pool","data/question-pools/axis5-agency.json","151","Agency","yielding","conditional_only","conditional_only","When; before","When entering a new group, I observe how things work before settling into a role."
"source_pool","data/question-pools/axis5-agency.json","152","Agency","yielding","no_lexical_cue","","","I enjoy knowing that a project can succeed regardless of whether I am personally driving it."
"source_pool","data/question-pools/axis5-agency.json","153","Agency","yielding","context_candidate","setting","team","I feel most capable when authority is shared across team members in a domain."
"source_pool","data/question-pools/axis5-agency.json","154","Agency","yielding","conditional_only","conditional_only","when","I raise concerns when collaboration gets off track but leave it to the group to set boundaries."
"source_pool","data/question-pools/axis5-agency.json","155","Agency","yielding","conditional_only","conditional_only","when","I feel most in my element when the go or no-go call is a genuine group decision."
"source_pool","data/question-pools/axis5-agency.json","156","Agency","yielding","no_lexical_cue","","","I am typically the one who helps the group keep deliberating until a tie resolves itself."
"source_pool","data/question-pools/axis5-agency.json","157","Agency","yielding","conditional_only","conditional_only","when","I offer feedback only when asked or when the group has a feedback culture in place."
"source_pool","data/question-pools/axis5-agency.json","158","Agency","yielding","no_lexical_cue","","","I am wired to flag what seems broken and let the group decide how to address it."
"source_pool","data/question-pools/axis5-agency.json","159","Agency","yielding","no_lexical_cue","","","I enjoy being part of a group that evaluates ideas together without veto power."
"source_pool","data/question-pools/axis5-agency.json","160","Agency","yielding","context_candidate","setting","team","I like when the scope of work is something the whole team defines together."
"source_pool","data/question-pools/axis5-agency.json","161","Agency","yielding","no_lexical_cue","","","I see my job as walking the path alongside the group, wherever it leads."
"source_pool","data/question-pools/axis5-agency.json","162","Agency","yielding","context_candidate","setting","team","I enjoy adapting to and reinforcing the culture that already exists on a team."
"source_pool","data/question-pools/axis5-agency.json","163","Agency","yielding","no_lexical_cue","","","I feel a strong pull to be deeply involved in important initiatives, though not necessarily in charge."
"source_pool","data/question-pools/axis5-agency.json","164","Agency","yielding","conditional_only","conditional_only","when","I find it difficult to overrule suggestions, even when they do not align with my own thinking."
"source_pool","data/question-pools/axis5-agency.json","165","Agency","yielding","no_lexical_cue","","","I feel comfortable contributing to something that bears the group's stamp, not mine."
"source_pool","data/question-pools/axis5-agency.json","166","Agency","yielding","no_lexical_cue","","","I am recognized for my ability to weave diverse viewpoints into a cohesive group effort."
"source_pool","data/question-pools/axis5-agency.json","167","Agency","yielding","context_candidate","setting","team","I am the person who asks the team how they would like to frame a problem."
"source_pool","data/question-pools/axis5-agency.json","168","Agency","yielding","context_candidate","setting","team","I always consult with my team before making commitments that involve them."
"source_pool","data/question-pools/axis5-agency.json","169","Agency","yielding","no_lexical_cue","","","I speak in a way that signals the discussion remains open for others to shape."
"source_pool","data/question-pools/axis5-agency.json","170","Agency","yielding","no_lexical_cue","","","I share my perspective and then genuinely let the group weigh all viewpoints equally."
"source_pool","data/question-pools/axis5-agency.json","171","Agency","yielding","no_lexical_cue","","","I am content letting the group commit without needing to add my final word."
"source_pool","data/question-pools/axis5-agency.json","172","Agency","yielding","context_candidate","setting","team","I want to support whoever launches new ventures within my team."
"source_pool","data/question-pools/axis5-agency.json","173","Agency","yielding","conditional_only","conditional_only","before","I ask the group to define what done looks like before we begin."
"source_pool","data/question-pools/axis5-agency.json","174","Agency","yielding","conditional_only","conditional_only","when","I feel energized when the group collectively turns a situation around."
"source_pool","data/question-pools/axis5-agency.json","175","Agency","yielding","no_lexical_cue","","","I naturally distribute decision-making power more broadly as projects progress."
"source_pool","data/question-pools/axis5-agency.json","176","Agency","yielding","context_candidate","setting","at home","I feel at home rotating representation duties among group members."
"source_pool","data/question-pools/axis5-agency.json","177","Agency","yielding","no_lexical_cue","","","I resist pecking orders and advocate for egalitarian group dynamics."
"source_pool","data/question-pools/axis5-agency.json","178","Agency","yielding","conditional_only","conditional_only","if","I am open to revisiting any decision if the group raises new concerns."
"source_pool","data/question-pools/axis5-agency.json","179","Agency","yielding","no_lexical_cue","","","I notice that I calibrate my effort to match the group's established rhythm."
"source_pool","data/question-pools/axis5-agency.json","180","Agency","yielding","no_lexical_cue","","","I am energized by helping a group articulate its shared vision to stakeholders."
"source_pool","data/question-pools/axis6-reactivity.json","1","Reactivity","high-reactive","conditional_only","conditional_only","After; if","After an emotionally charged event, I feel like I need to recover as if from physical exertion."
"source_pool","data/question-pools/axis6-reactivity.json","2","Reactivity","high-reactive","context_candidate","event","unexpected","When I hear unexpected good news, the rush of feeling is so strong I sometimes have to sit down."
"source_pool","data/question-pools/axis6-reactivity.json","3","Reactivity","high-reactive","conditional_only","conditional_only","When","When I'm excited about something, I feel it in every cell of my body."
"source_pool","data/question-pools/axis6-reactivity.json","4","Reactivity","high-reactive","conditional_only","conditional_only","When","When I feel gratitude, it swells inside me until I can barely contain it."
"source_pool","data/question-pools/axis6-reactivity.json","5","Reactivity","high-reactive","conditional_only","conditional_only","When","When someone raises their voice near me, my whole system goes on high alert."
"source_pool","data/question-pools/axis6-reactivity.json","6","Reactivity","high-reactive","conditional_only","conditional_only","When","When I get frustrated, the frustration escalates rapidly to a peak."
"source_pool","data/question-pools/axis6-reactivity.json","7","Reactivity","high-reactive","context_candidate","event","bad news","After receiving bad news, I can feel the shock reverberating through my body for hours."
"source_pool","data/question-pools/axis6-reactivity.json","8","Reactivity","high-reactive","no_lexical_cue","","","I am easily swept up in the emotional energy of a crowd or a room."
"source_pool","data/question-pools/axis6-reactivity.json","9","Reactivity","high-reactive","context_candidate","event","stressful","After a stressful event, it takes me a long time to return to my emotional baseline."
"source_pool","data/question-pools/axis6-reactivity.json","10","Reactivity","high-reactive","conditional_only","conditional_only","When","When I'm in a beautiful place, the experience can feel almost painfully vivid."
"source_pool","data/question-pools/axis6-reactivity.json","11","Reactivity","high-reactive","no_lexical_cue","","","I tend to be the first person in a room to react emotionally to what's happening."
"source_pool","data/question-pools/axis6-reactivity.json","12","Reactivity","high-reactive","conditional_only","conditional_only","When","When something wonderful happens, my elation is so strong it can feel almost manic."
"source_pool","data/question-pools/axis6-reactivity.json","13","Reactivity","high-reactive","conditional_only","conditional_only","When","When I'm moved by something, the feeling washes over me like a wave."
"source_pool","data/question-pools/axis6-reactivity.json","14","Reactivity","high-reactive","conditional_only","conditional_only","When","When I get good news, the euphoria can last for days."
"source_pool","data/question-pools/axis6-reactivity.json","15","Reactivity","high-reactive","no_lexical_cue","","","I notice that my emotional intensity ebbs and flows like weather systems rather than following a predictable pattern."
"source_pool","data/question-pools/axis6-reactivity.json","16","Reactivity","high-reactive","conditional_only","conditional_only","When","When something excites me, the rush of energy is almost overwhelming."
"source_pool","data/question-pools/axis6-reactivity.json","17","Reactivity","high-reactive","no_lexical_cue","","","I tend to feel the full weight of an experience rather than experiencing it at a distance."
"source_pool","data/question-pools/axis6-reactivity.json","18","Reactivity","high-reactive","no_lexical_cue","","","I notice that even subtle shifts in atmosphere — a room going quiet, a change in tone — hit me with force."
"source_pool","data/question-pools/axis6-reactivity.json","19","Reactivity","high-reactive","no_lexical_cue","","","I go from calm to fully activated in a matter of seconds."
"source_pool","data/question-pools/axis6-reactivity.json","20","Reactivity","high-reactive","no_lexical_cue","","","I often feel like my emotional responses are running at double speed compared to the people around me."
"source_pool","data/question-pools/axis6-reactivity.json","21","Reactivity","high-reactive","no_lexical_cue","","","Loud noises, bright lights, or sudden changes can trigger an outsized emotional response in me."
"source_pool","data/question-pools/axis6-reactivity.json","22","Reactivity","high-reactive","conditional_only","conditional_only","When","When I'm upset, the feeling saturates my entire body."
"source_pool","data/question-pools/axis6-reactivity.json","23","Reactivity","high-reactive","context_candidate","event","argument","I can still feel the emotional residue of an argument hours or even days later."
"source_pool","data/question-pools/axis6-reactivity.json","24","Reactivity","high-reactive","no_lexical_cue","","","I am the kind of person who can be brought to tears by a commercial."
"source_pool","data/question-pools/axis6-reactivity.json","25","Reactivity","high-reactive","conditional_only","conditional_only","before","I experience the onset of emotion as a sudden physical sensation before I can even name what I'm feeling."
"source_pool","data/question-pools/axis6-reactivity.json","26","Reactivity","high-reactive","no_lexical_cue","","","I can feel adrenaline surge through me in response to relatively minor provocations."
"source_pool","data/question-pools/axis6-reactivity.json","27","Reactivity","high-reactive","no_lexical_cue","","","I carry the emotional tone of a dream well into my waking day."
"source_pool","data/question-pools/axis6-reactivity.json","28","Reactivity","high-reactive","conditional_only","conditional_only","when","I notice that when I feel passionate about something, it becomes all-consuming rather than a background interest."
"source_pool","data/question-pools/axis6-reactivity.json","29","Reactivity","high-reactive","no_lexical_cue","","","I experience boredom not as a quiet absence but as an agitating restlessness."
"source_pool","data/question-pools/axis6-reactivity.json","30","Reactivity","high-reactive","conditional_only","conditional_only","when","I tend to re-feel past emotional experiences at nearly their original intensity when I remember them."
"source_pool","data/question-pools/axis6-reactivity.json","31","Reactivity","high-reactive","conditional_only","conditional_only","When; before","When I witness something moving, my eyes well up before I've even decided how I feel about it."
"source_pool","data/question-pools/axis6-reactivity.json","32","Reactivity","high-reactive","conditional_only","conditional_only","When","When I feel truly heard and understood, the relief is so profound it can make me cry."
"source_pool","data/question-pools/axis6-reactivity.json","33","Reactivity","high-reactive","conditional_only","conditional_only","After; after","After a heated exchange, my body stays in fight-or-flight mode long after the words have stopped."
"source_pool","data/question-pools/axis6-reactivity.json","34","Reactivity","high-reactive","conditional_only","conditional_only","When","When something embarrassing happens, I can feel the heat in my face and neck for minutes afterward."
"source_pool","data/question-pools/axis6-reactivity.json","35","Reactivity","high-reactive","conditional_only","conditional_only","When","When someone shares good news, my own excitement can rival theirs in intensity."
"source_pool","data/question-pools/axis6-reactivity.json","36","Reactivity","high-reactive","conditional_only","conditional_only","When","When I'm emotionally activated, my peripheral vision narrows and everything feels urgent."
"source_pool","data/question-pools/axis6-reactivity.json","37","Reactivity","high-reactive","context_candidate","event","rejected","When I feel rejected, the pain is immediate, physical, and consuming."
"source_pool","data/question-pools/axis6-reactivity.json","38","Reactivity","high-reactive","conditional_only","conditional_only","When","When I'm excited about a future event, the excitement builds to a pitch that makes it hard to concentrate on anything else."
"source_pool","data/question-pools/axis6-reactivity.json","39","Reactivity","high-reactive","context_candidate","event","stressful","My body seems to store emotional charge that I can feel building over the course of a stressful week."
"source_pool","data/question-pools/axis6-reactivity.json","40","Reactivity","high-reactive","no_lexical_cue","","","I notice that even anticipating a difficult conversation makes my palms sweat and my heart race."
"source_pool","data/question-pools/axis6-reactivity.json","41","Reactivity","high-reactive","conditional_only","conditional_only","When","When I encounter injustice, my entire body lights up with agitation."
"source_pool","data/question-pools/axis6-reactivity.json","42","Reactivity","high-reactive","no_lexical_cue","","","A photograph from the past can plunge me back into the feelings of that era with startling force."
"source_pool","data/question-pools/axis6-reactivity.json","43","Reactivity","high-reactive","no_lexical_cue","","","I experience the surprise of being startled not as a brief jolt but as a lingering rush of adrenaline."
"source_pool","data/question-pools/axis6-reactivity.json","44","Reactivity","high-reactive","conditional_only","conditional_only","before","I experience the arrival of strong emotion as a wave that crests before I can brace for it."
"source_pool","data/question-pools/axis6-reactivity.json","45","Reactivity","high-reactive","conditional_only","conditional_only","When","When I feel overwhelmed, it's not just emotional — my body feels like it's short-circuiting."
"source_pool","data/question-pools/axis6-reactivity.json","46","Reactivity","high-reactive","no_lexical_cue","","","I notice that my jaw clenches and my shoulders tense the instant I feel threatened or upset."
"source_pool","data/question-pools/axis6-reactivity.json","47","Reactivity","high-reactive","conditional_only","conditional_only","if","I notice that I feel the emotional weight of news stories as if they were happening to me personally."
"source_pool","data/question-pools/axis6-reactivity.json","48","Reactivity","high-reactive","no_lexical_cue","","","I am easily brought to goosebumps by music, words, or images that strike the right chord."
"source_pool","data/question-pools/axis6-reactivity.json","49","Reactivity","high-reactive","no_lexical_cue","","","I have cried from the sheer intensity of a sunset, a piece of art, or an act of kindness."
"source_pool","data/question-pools/axis6-reactivity.json","50","Reactivity","high-reactive","no_lexical_cue","","","I tend to feel the emotional stakes of a situation far more intensely than the practical stakes."
"source_pool","data/question-pools/axis6-reactivity.json","51","Reactivity","high-reactive","no_lexical_cue","","","I notice that my skin flushes or goes pale in direct response to what I'm feeling."
"source_pool","data/question-pools/axis6-reactivity.json","52","Reactivity","high-reactive","no_lexical_cue","","","Even a mildly critical tone of voice can set off alarm bells throughout my system."
"source_pool","data/question-pools/axis6-reactivity.json","53","Reactivity","high-reactive","no_lexical_cue","","","I experience the end of a vacation or a visit with someone I love as a sharp, almost physical loss."
"source_pool","data/question-pools/axis6-reactivity.json","54","Reactivity","high-reactive","no_lexical_cue","","","I experience a new environment as a barrage of stimulation that takes time to process."
"source_pool","data/question-pools/axis6-reactivity.json","55","Reactivity","high-reactive","no_lexical_cue","","","I experience the buildup to an important event as a nearly unbearable crescendo of feeling."
"source_pool","data/question-pools/axis6-reactivity.json","56","Reactivity","high-reactive","no_lexical_cue","","","I experience guilt as a heavy, nauseating weight that settles in my gut and stays."
"source_pool","data/question-pools/axis6-reactivity.json","57","Reactivity","high-reactive","conditional_only","conditional_only","after","I wake from nightmares with my heart pounding and the fear persisting long after I'm fully awake."
"source_pool","data/question-pools/axis6-reactivity.json","58","Reactivity","high-reactive","no_lexical_cue","","","I experience moments of tenderness with such intensity that they can bring me to tears."
"source_pool","data/question-pools/axis6-reactivity.json","59","Reactivity","high-reactive","context_candidate","event","stressful","I can feel the residue of a stressful phone call still buzzing in my body an hour later."
"source_pool","data/question-pools/axis6-reactivity.json","60","Reactivity","high-reactive","no_lexical_cue","","","I notice that even reading a particularly moving paragraph in a book can make my throat tighten."
"source_pool","data/question-pools/axis6-reactivity.json","61","Reactivity","high-reactive","conditional_only","conditional_only","When","When I feel wronged, the indignation is so intense it can keep me awake at night."
"source_pool","data/question-pools/axis6-reactivity.json","62","Reactivity","high-reactive","conditional_only","conditional_only","When","When I connect deeply with someone, the intensity of that bond registers as a physical sensation."
"source_pool","data/question-pools/axis6-reactivity.json","63","Reactivity","high-reactive","conditional_only","conditional_only","When","When I'm in the grip of a strong emotion, the world outside of it seems to temporarily cease to exist."
"source_pool","data/question-pools/axis6-reactivity.json","64","Reactivity","high-reactive","context_candidate","event","unexpected","When I receive unexpected praise, the flush of pleasure is so strong it makes me lightheaded."
"source_pool","data/question-pools/axis6-reactivity.json","65","Reactivity","high-reactive","conditional_only","conditional_only","When","When I feel betrayed, the shock and hurt land in my body like a physical blow."
"source_pool","data/question-pools/axis6-reactivity.json","66","Reactivity","high-reactive","conditional_only","conditional_only","When","When I feel content, the contentment saturates me completely — it's not a background hum, it's the whole song."
"source_pool","data/question-pools/axis6-reactivity.json","67","Reactivity","high-reactive","conditional_only","conditional_only","When","When something touches me deeply, I can feel it reverberating in my chest for hours."
"source_pool","data/question-pools/axis6-reactivity.json","68","Reactivity","high-reactive","context_candidate","event","deadline","I experience the pressure of a deadline not just mentally but as a tightening sensation throughout my body."
"source_pool","data/question-pools/axis6-reactivity.json","69","Reactivity","high-reactive","conditional_only","conditional_only","When","When I feel at peace, the sensation is so vivid and complete that it's almost sacred."
"source_pool","data/question-pools/axis6-reactivity.json","70","Reactivity","high-reactive","no_lexical_cue","","","I feel the emotional atmosphere of a room the moment I walk in, and it lands in my body immediately."
"source_pool","data/question-pools/axis6-reactivity.json","71","Reactivity","high-reactive","context_candidate","setting","in a conversation","A tense silence in a conversation produces a physical knot in my stomach almost instantly."
"source_pool","data/question-pools/axis6-reactivity.json","72","Reactivity","high-reactive","conditional_only","conditional_only","When; if","When my expectations are violated, my system reacts as if to a physical shock."
"source_pool","data/question-pools/axis6-reactivity.json","73","Reactivity","high-reactive","conditional_only","conditional_only","When","When something delights me, the delight fills me completely."
"source_pool","data/question-pools/axis6-reactivity.json","74","Reactivity","high-reactive","no_lexical_cue","","","I notice that my emotional sensitivity means I am deeply affected by the tone of a room, a text, or a glance."
"source_pool","data/question-pools/axis6-reactivity.json","75","Reactivity","high-reactive","conditional_only","conditional_only","if","I notice that strong emotions make me hyper-aware of my heartbeat, as if my body is broadcasting its state."
"source_pool","data/question-pools/axis6-reactivity.json","76","Reactivity","high-reactive","no_lexical_cue","","","I experience the world as though my emotional volume knob is permanently set several notches above average."
"source_pool","data/question-pools/axis6-reactivity.json","77","Reactivity","high-reactive","no_lexical_cue","","","I notice that the anticipation of seeing someone I've missed builds to a physical crescendo in my chest."
"source_pool","data/question-pools/axis6-reactivity.json","78","Reactivity","high-reactive","conditional_only","conditional_only","before","My body is always the first to tell me how I'm feeling, often before I have words for it."
"source_pool","data/question-pools/axis6-reactivity.json","79","Reactivity","high-reactive","no_lexical_cue","","","I have been told that I feel things more intensely than most people."
"source_pool","data/question-pools/axis6-reactivity.json","80","Reactivity","high-reactive","no_lexical_cue","","","I experience the ending of a meaningful chapter — a project, a season, a relationship — as a kind of small death."
"source_pool","data/question-pools/axis6-reactivity.json","81","Reactivity","high-reactive","conditional_only","conditional_only","before","I experience the tension before a performance or presentation as an almost intolerable buildup of energy."
"source_pool","data/question-pools/axis6-reactivity.json","82","Reactivity","high-reactive","context_candidate","event","conflict","I find it hard to be around conflict because my body reacts so strongly to tension."
"source_pool","data/question-pools/axis6-reactivity.json","83","Reactivity","high-reactive","conditional_only","conditional_only","after","I notice that my system takes much longer than others' to recalibrate after a disruptive event."
"source_pool","data/question-pools/axis6-reactivity.json","84","Reactivity","high-reactive","conditional_only","conditional_only","after","I experience the first moments of waking up after a bad dream as indistinguishable from the terror of the dream itself."
"source_pool","data/question-pools/axis6-reactivity.json","85","Reactivity","high-reactive","conditional_only","conditional_only","When","When something touches me, the feeling doesn't just visit — it moves in and stays."
"source_pool","data/question-pools/axis6-reactivity.json","86","Reactivity","high-reactive","no_lexical_cue","","","A smell connected to a past experience can instantly transport me into the full emotional state of that time."
"source_pool","data/question-pools/axis6-reactivity.json","87","Reactivity","high-reactive","context_candidate","event","argument","I notice that witnessing an argument between other people activates my own nervous system as if I'm involved."
"source_pool","data/question-pools/axis6-reactivity.json","88","Reactivity","high-reactive","no_lexical_cue","","","Even reading about an intense event can produce a strong physical reaction in me."
"source_pool","data/question-pools/axis6-reactivity.json","89","Reactivity","high-reactive","conditional_only","conditional_only","when","I notice that when I feel vulnerable, every nerve ending seems to be exposed."
"source_pool","data/question-pools/axis6-reactivity.json","90","Reactivity","high-reactive","conditional_only","conditional_only","when","I notice that when multiple emotions arrive at once, the overload can feel physically paralyzing."
"source_pool","data/question-pools/axis6-reactivity.json","91","Reactivity","low-reactive","context_candidate","event","stress","I experience the stress of a tight schedule as a practical reality rather than a source of internal turmoil."
"source_pool","data/question-pools/axis6-reactivity.json","92","Reactivity","low-reactive","no_lexical_cue","","","I tend to absorb the emotional content of a conversation without it altering my physiological state."
"source_pool","data/question-pools/axis6-reactivity.json","93","Reactivity","low-reactive","no_lexical_cue","","","I rarely cry, not because I suppress emotions but because they simply don't reach that intensity."
"source_pool","data/question-pools/axis6-reactivity.json","94","Reactivity","low-reactive","no_lexical_cue","","","I notice that my body stays relaxed in situations that make other people tense."
"source_pool","data/question-pools/axis6-reactivity.json","95","Reactivity","low-reactive","no_lexical_cue","","","My baseline state is one of such stability that disruptions feel like small departures rather than upheavals."
"source_pool","data/question-pools/axis6-reactivity.json","96","Reactivity","low-reactive","no_lexical_cue","","","I tend to process grief in a measured, gradual way rather than in sudden, overwhelming waves."
"source_pool","data/question-pools/axis6-reactivity.json","97","Reactivity","low-reactive","no_lexical_cue","","","My emotional spectrum is real and present but it operates in pastel tones rather than neon."
"source_pool","data/question-pools/axis6-reactivity.json","98","Reactivity","low-reactive","no_lexical_cue","","","My emotional baseline is so stable that people often describe me as having a calming presence."
"source_pool","data/question-pools/axis6-reactivity.json","99","Reactivity","low-reactive","conditional_only","conditional_only","if","I notice that people sometimes wonder if I'm affected by things, but I simply process them at a lower volume."
"source_pool","data/question-pools/axis6-reactivity.json","100","Reactivity","low-reactive","no_lexical_cue","","","I tend to notice my emotional reactions in retrospect rather than being gripped by them in the moment."
"source_pool","data/question-pools/axis6-reactivity.json","101","Reactivity","low-reactive","context_candidate","setting","at home","I tend to feel the same emotional temperature whether I'm at home or in a novel situation."
"source_pool","data/question-pools/axis6-reactivity.json","102","Reactivity","low-reactive","no_lexical_cue","","","I tend to move through emotionally charged moments with a sense of groundedness."
"source_pool","data/question-pools/axis6-reactivity.json","103","Reactivity","low-reactive","no_lexical_cue","","","I tend to view emotional intensity in others with a kind of curiosity because my own experience is different."
"source_pool","data/question-pools/axis6-reactivity.json","104","Reactivity","low-reactive","no_lexical_cue","","","I experience the end of a meaningful period — a trip, a project, a visit — with quiet acceptance rather than anguish."
"source_pool","data/question-pools/axis6-reactivity.json","105","Reactivity","low-reactive","conditional_only","conditional_only","when","I tend to feel settled even when circumstances around me are in flux."
"source_pool","data/question-pools/axis6-reactivity.json","106","Reactivity","low-reactive","no_lexical_cue","","","I notice that excitement in me feels like a pleasant warmth rather than a roaring fire."
"source_pool","data/question-pools/axis6-reactivity.json","107","Reactivity","low-reactive","context_candidate","event","bad news","I can receive bad news without my body going into alarm mode."
"source_pool","data/question-pools/axis6-reactivity.json","108","Reactivity","low-reactive","no_lexical_cue","","","I experience the ups and downs of life as gentle undulations rather than dramatic swings."
"source_pool","data/question-pools/axis6-reactivity.json","109","Reactivity","low-reactive","no_lexical_cue","","","I tend to receive compliments and praise with a sense of quiet satisfaction rather than elation."
"source_pool","data/question-pools/axis6-reactivity.json","110","Reactivity","low-reactive","no_lexical_cue","","","I don't tend to carry the emotional residue of one event into the next."
"source_pool","data/question-pools/axis6-reactivity.json","111","Reactivity","low-reactive","no_lexical_cue","","","I experience change as something to be navigated calmly rather than something that triggers alarm."
"source_pool","data/question-pools/axis6-reactivity.json","112","Reactivity","low-reactive","no_lexical_cue","","","I tend to feel emotionally prepared for whatever comes, because my system doesn't overreact."
"source_pool","data/question-pools/axis6-reactivity.json","113","Reactivity","low-reactive","conditional_only","conditional_only","during","I rarely feel emotionally overwhelmed, even during genuinely difficult times."
"source_pool","data/question-pools/axis6-reactivity.json","114","Reactivity","low-reactive","context_candidate","event","stressful","I tend to emerge from stressful periods without the accumulated tension that others describe."
"source_pool","data/question-pools/axis6-reactivity.json","115","Reactivity","low-reactive","no_lexical_cue","","","I can remain focused and clearheaded even in high-pressure situations."
"source_pool","data/question-pools/axis6-reactivity.json","116","Reactivity","low-reactive","no_lexical_cue","","","I tend to process emotional experiences in the background while staying functionally engaged."
"source_pool","data/question-pools/axis6-reactivity.json","117","Reactivity","low-reactive","no_lexical_cue","","","I tend to respond to emotional provocations with a measured internal response rather than a visceral one."
"source_pool","data/question-pools/axis6-reactivity.json","118","Reactivity","low-reactive","no_lexical_cue","","","I tend to feel emotions at a manageable intensity rather than at their extremes."
"source_pool","data/question-pools/axis6-reactivity.json","119","Reactivity","low-reactive","no_lexical_cue","","","My inner emotional life is relatively smooth and consistent."
"source_pool","data/question-pools/axis6-reactivity.json","120","Reactivity","low-reactive","conditional_only","conditional_only","during","I notice that my heart rate stays fairly constant even during heated discussions."
"source_pool","data/question-pools/axis6-reactivity.json","121","Reactivity","low-reactive","no_lexical_cue","","","My inner life has a quality of spaciousness — there's room for emotions without them crowding everything out."
"source_pool","data/question-pools/axis6-reactivity.json","122","Reactivity","low-reactive","no_lexical_cue","","","I notice that my hands stay steady and my voice stays even in situations that rattle other people."
"source_pool","data/question-pools/axis6-reactivity.json","123","Reactivity","low-reactive","conditional_only","conditional_only","before","I experience the anticipation before a big moment as a mild heightening of attention, not a surge of adrenaline."
"source_pool","data/question-pools/axis6-reactivity.json","124","Reactivity","low-reactive","no_lexical_cue","","","My internal state has a steadiness that I've come to recognize as simply the way I'm built."
"source_pool","data/question-pools/axis6-reactivity.json","125","Reactivity","low-reactive","context_candidate","event","crisis","I can be in the middle of a crisis and still feel internally composed."
"source_pool","data/question-pools/axis6-reactivity.json","126","Reactivity","low-reactive","no_lexical_cue","","","My emotional responses are proportional and consistent, which gives me a sense of reliability."
"source_pool","data/question-pools/axis6-reactivity.json","127","Reactivity","low-reactive","no_lexical_cue","","","I notice that I don't get swept up in the emotional energy of crowds or groups."
"source_pool","data/question-pools/axis6-reactivity.json","128","Reactivity","low-reactive","no_lexical_cue","","","I notice that I can hold space for difficult conversations without my own equilibrium being disrupted."
"source_pool","data/question-pools/axis6-reactivity.json","129","Reactivity","low-reactive","conditional_only","conditional_only","after","I rarely feel the need to decompress emotionally after social interactions."
"source_pool","data/question-pools/axis6-reactivity.json","130","Reactivity","low-reactive","no_lexical_cue","","","I experience emotional pain as a dull awareness that fades predictably over time."
"source_pool","data/question-pools/axis6-reactivity.json","131","Reactivity","low-reactive","no_lexical_cue","","","I notice that other people sometimes need to tell me a situation was intense because I didn't register it that way."
"source_pool","data/question-pools/axis6-reactivity.json","132","Reactivity","low-reactive","context_candidate","event","criticism","I can receive criticism without it sending a jolt through my system."
"source_pool","data/question-pools/axis6-reactivity.json","133","Reactivity","low-reactive","no_lexical_cue","","","I notice that major life events produce a proportionate, not outsized, emotional response in me."
"source_pool","data/question-pools/axis6-reactivity.json","134","Reactivity","low-reactive","no_lexical_cue","","","I notice that I can be fully engaged in a situation without my emotional volume increasing."
"source_pool","data/question-pools/axis6-reactivity.json","135","Reactivity","low-reactive","no_lexical_cue","","","I rarely feel the kind of emotional urgency that demands immediate action."
"source_pool","data/question-pools/axis6-reactivity.json","136","Reactivity","low-reactive","no_lexical_cue","","","I experience the space between stimulus and response as comfortably wide."
"source_pool","data/question-pools/axis6-reactivity.json","137","Reactivity","low-reactive","no_lexical_cue","","","I can be in the midst of uncertainty and still feel fundamentally okay."
"source_pool","data/question-pools/axis6-reactivity.json","138","Reactivity","low-reactive","no_lexical_cue","","","My emotional life has a consistent, predictable quality that I've come to rely on."
"source_pool","data/question-pools/axis6-reactivity.json","139","Reactivity","low-reactive","no_lexical_cue","","","I notice that I can sit with ambiguity and uncertainty without my nervous system escalating."
"source_pool","data/question-pools/axis6-reactivity.json","140","Reactivity","low-reactive","no_lexical_cue","","","I tend to navigate most situations without noticeable shifts in my internal state."
"source_pool","data/question-pools/axis6-reactivity.json","141","Reactivity","low-reactive","no_lexical_cue","","","I notice that I can shift my attention away from emotional stimuli relatively easily."
"source_pool","data/question-pools/axis6-reactivity.json","142","Reactivity","low-reactive","context_candidate","event","stressors","I can handle multiple stressors simultaneously without feeling destabilized."
"source_pool","data/question-pools/axis6-reactivity.json","143","Reactivity","low-reactive","no_lexical_cue","","","My emotional responses have a muted quality compared to what I observe in others."
"source_pool","data/question-pools/axis6-reactivity.json","144","Reactivity","low-reactive","no_lexical_cue","","","I rarely wake up from a dream still gripped by its emotional content."
"source_pool","data/question-pools/axis6-reactivity.json","145","Reactivity","low-reactive","no_lexical_cue","","","My baseline emotional state is one of calm readiness."
"source_pool","data/question-pools/axis6-reactivity.json","146","Reactivity","low-reactive","context_candidate","event","stress; stressful","I rarely experience the physiological markers of stress even in stressful situations."
"source_pool","data/question-pools/axis6-reactivity.json","147","Reactivity","low-reactive","no_lexical_cue","","","I can look back on difficult periods without re-experiencing the emotional intensity."
"source_pool","data/question-pools/axis6-reactivity.json","148","Reactivity","low-reactive","no_lexical_cue","","","I notice that confrontations, while unpleasant, don't leave a physiological residue in my body."
"source_pool","data/question-pools/axis6-reactivity.json","149","Reactivity","low-reactive","no_lexical_cue","","","I notice that my emotional reactions rarely interfere with my ability to function."
"source_pool","data/question-pools/axis6-reactivity.json","150","Reactivity","low-reactive","conditional_only","conditional_only","during","I notice that my pulse and breathing remain steady even during emotionally charged discussions."
"source_pool","data/question-pools/axis6-reactivity.json","151","Reactivity","low-reactive","no_lexical_cue","","","I experience reunion with people I care about as warm and welcome without it being an emotional avalanche."
"source_pool","data/question-pools/axis6-reactivity.json","152","Reactivity","low-reactive","no_lexical_cue","","","I notice that I rarely feel the need to talk through my emotions to reduce their intensity."
"source_pool","data/question-pools/axis6-reactivity.json","153","Reactivity","low-reactive","no_lexical_cue","","","My nervous system seems to have a wide comfort zone that few experiences push me out of."
"source_pool","data/question-pools/axis6-reactivity.json","154","Reactivity","low-reactive","no_lexical_cue","","","I notice that my emotional reactions to the same type of event are remarkably consistent over time."
"source_pool","data/question-pools/axis6-reactivity.json","155","Reactivity","low-reactive","context_candidate","event","stressful; stress","I notice that I can re-enter a stressful situation after a break without the stress having compounded."
"source_pool","data/question-pools/axis6-reactivity.json","156","Reactivity","low-reactive","no_lexical_cue","","","I experience the ebb and flow of life at a volume that never requires me to adjust."
"source_pool","data/question-pools/axis6-reactivity.json","157","Reactivity","low-reactive","no_lexical_cue","","","I experience the sensation of calm not as something I achieve but as something I simply inhabit."
"source_pool","data/question-pools/axis6-reactivity.json","158","Reactivity","low-reactive","no_lexical_cue","","","My body stays in a state of relaxed readiness regardless of the emotional temperature around me."
"source_pool","data/question-pools/axis6-reactivity.json","159","Reactivity","low-reactive","context_candidate","event","interruptions","I notice that surprises, interruptions, and disruptions produce only a small ripple in my internal state."
"source_pool","data/question-pools/axis6-reactivity.json","160","Reactivity","low-reactive","no_lexical_cue","","","I notice that music, films, and stories move me intellectually more than they move me physically."
"source_pool","data/question-pools/axis6-reactivity.json","161","Reactivity","low-reactive","no_lexical_cue","","","My emotional system operates with a kind of quiet competence that I've come to trust."
"source_pool","data/question-pools/axis6-reactivity.json","162","Reactivity","low-reactive","no_lexical_cue","","","I notice that emotional content in conversations registers with me but doesn't alter my breathing or posture."
"source_pool","data/question-pools/axis6-reactivity.json","163","Reactivity","low-reactive","no_lexical_cue","","","I notice that I can compartmentalize emotional events and return to whatever I was doing without difficulty."
"source_pool","data/question-pools/axis6-reactivity.json","164","Reactivity","low-reactive","context_candidate","event","stress","I notice that I don't carry the physical tension patterns that many people associate with stress."
"source_pool","data/question-pools/axis6-reactivity.json","165","Reactivity","low-reactive","no_lexical_cue","","","I notice that waiting for important outcomes produces alertness in me, not agitation."
"source_pool","data/question-pools/axis6-reactivity.json","166","Reactivity","low-reactive","no_lexical_cue","","","I experience the feeling of being startled as a brief flash that dissipates almost immediately."
"source_pool","data/question-pools/axis6-reactivity.json","167","Reactivity","low-reactive","conditional_only","conditional_only","when","I notice that I can attend to multiple tasks even when something emotional is unresolved."
"source_pool","data/question-pools/axis6-reactivity.json","168","Reactivity","low-reactive","no_lexical_cue","","","I notice that I can be in the presence of someone who is deeply distressed without my own system mirroring their state."
"source_pool","data/question-pools/axis6-reactivity.json","169","Reactivity","low-reactive","no_lexical_cue","","","I notice that I can move from a difficult situation to a normal one without needing a transition period."
"source_pool","data/question-pools/axis6-reactivity.json","170","Reactivity","low-reactive","context_candidate","event","stress","I experience daily frustrations — traffic, delays, minor inconveniences — without a noticeable rise in my stress level."
"source_pool","data/question-pools/axis6-reactivity.json","171","Reactivity","low-reactive","no_lexical_cue","","","My emotional responses have a brevity to them — they arise, deliver their message, and recede."
"source_pool","data/question-pools/axis6-reactivity.json","172","Reactivity","low-reactive","no_lexical_cue","","","I experience the act of letting go of something as a natural, uncomplicated process."
"source_pool","data/question-pools/axis6-reactivity.json","173","Reactivity","low-reactive","no_lexical_cue","","","My internal state resembles a deep, slow river — there is movement, but it is steady and unhurried."
"source_pool","data/question-pools/axis6-reactivity.json","174","Reactivity","low-reactive","no_lexical_cue","","","My emotions feel like background music — always present, but never drowning out the rest of my experience."
"source_pool","data/question-pools/axis6-reactivity.json","175","Reactivity","low-reactive","no_lexical_cue","","","I experience the quiet moments of life — a still morning, a warm drink — with a gentle appreciation that never tips into intensity."
"source_pool","data/question-pools/axis6-reactivity.json","176","Reactivity","low-reactive","no_lexical_cue","","","I experience the conclusion of something I care about with a sense of readiness to move on."
"source_pool","data/question-pools/axis6-reactivity.json","177","Reactivity","low-reactive","no_lexical_cue","","","I notice that my sleep quality is rarely affected by emotional events from the preceding day."
"source_pool","data/question-pools/axis6-reactivity.json","178","Reactivity","low-reactive","conditional_only","conditional_only","after","I notice that I don't experience the emotional hangovers that others describe after intense days."
"source_pool","data/question-pools/axis6-reactivity.json","179","Reactivity","low-reactive","no_lexical_cue","","","My system seems to auto-regulate emotional intensity without requiring conscious effort."
"source_pool","data/question-pools/axis6-reactivity.json","180","Reactivity","low-reactive","no_lexical_cue","","","I notice that my emotional life, while not dramatic, is dependable and clear."
"live_questionnaire","data/questionnaires/q001.json","1","Social Attunement","hypo-attuned","context_candidate","setting","in a group","I rarely notice when someone is trying to impress a particular person in a group."
"live_questionnaire","data/questionnaires/q001.json","2","Agency","agentic","no_lexical_cue","","","I readily step in to mediate disputes by imposing a resolution."
"live_questionnaire","data/questionnaires/q001.json","3","Conscientiousness","spontaneous","conditional_only","conditional_only","when","I reschedule plans without guilt when something more important or interesting comes up."
"live_questionnaire","data/questionnaires/q001.json","4","Empathy","empathy","context_candidate","event","suffering","When I learn about suffering in a place I have never visited, the people affected matter to me."
"live_questionnaire","data/questionnaires/q001.json","5","Agency","yielding","context_candidate","setting","team","I am attracted to opportunities where I can blend into a well-functioning team."
"live_questionnaire","data/questionnaires/q001.json","6","Agency","yielding","conditional_only","conditional_only","when","I feel energized when the group collectively turns a situation around."
"live_questionnaire","data/questionnaires/q001.json","7","Reactivity","low-reactive","conditional_only","conditional_only","when","I tend to feel settled even when circumstances around me are in flux."
"live_questionnaire","data/questionnaires/q001.json","8","Conscientiousness","conscientious","no_lexical_cue","","","I tackle administrative tasks on a regular schedule so they never pile up."
"live_questionnaire","data/questionnaires/q001.json","9","Reactivity","high-reactive","no_lexical_cue","","","I notice that my emotional intensity ebbs and flows like weather systems rather than following a predictable pattern."
"live_questionnaire","data/questionnaires/q001.json","10","Self-Orientation","self-focus","no_lexical_cue","","","I feel that refining my personal aesthetic—in everything from clothing to home design—is a worthy pursuit."
"live_questionnaire","data/questionnaires/q001.json","11","Empathy","empathy","conditional_only","conditional_only","after","The felt weight of another person's hardship stays with me long after the encounter."
"live_questionnaire","data/questionnaires/q001.json","12","Reactivity","high-reactive","conditional_only","conditional_only","When","When I feel betrayed, the shock and hurt land in my body like a physical blow."
"live_questionnaire","data/questionnaires/q001.json","13","Self-Orientation","self-focus","conditional_only","conditional_only","if","I routinely choose the path of least resistance for myself, even if it requires more from others."
"live_questionnaire","data/questionnaires/q001.json","14","Agency","agentic","no_lexical_cue","","","I feel confident making decisions on behalf of a group."
"live_questionnaire","data/questionnaires/q001.json","15","Conscientiousness","conscientious","no_lexical_cue","","","I value knowing exactly where I stand on a project at all times."
"live_questionnaire","data/questionnaires/q001.json","16","Social Attunement","hyper-attuned","conditional_only","conditional_only","when","I notice when the pitch of a room changes because one dominant personality entered or left."
"live_questionnaire","data/questionnaires/q001.json","17","Reactivity","low-reactive","no_lexical_cue","","","I experience emotional pain as a dull awareness that fades predictably over time."
"live_questionnaire","data/questionnaires/q001.json","18","Empathy","detachment","no_lexical_cue","","","Someone's continuing hardship rarely matters to me once the news is old."
"live_questionnaire","data/questionnaires/q001.json","19","Reactivity","low-reactive","conditional_only","conditional_only","after","I notice that I don't experience the emotional hangovers that others describe after intense days."
"live_questionnaire","data/questionnaires/q001.json","20","Reactivity","high-reactive","conditional_only","conditional_only","When","When someone shares good news, my own excitement can rival theirs in intensity."
"live_questionnaire","data/questionnaires/q001.json","21","Agency","agentic","context_candidate","setting","in a group","I notice that people look to me to set the standard of effort in a group."
"live_questionnaire","data/questionnaires/q001.json","22","Social Attunement","hyper-attuned","conditional_only","conditional_only","when","I sense when someone is listening with the intent to find a weakness in what is being said."
"live_questionnaire","data/questionnaires/q001.json","23","Social Attunement","hypo-attuned","context_candidate","setting","in a group","I rarely notice the social dynamics of who pays for what in a group."
"live_questionnaire","data/questionnaires/q001.json","24","Conscientiousness","spontaneous","no_lexical_cue","","","I focus entirely on the task at hand and clean up everything at the end in one pass."
"live_questionnaire","data/questionnaires/q001.json","25","Conscientiousness","spontaneous","conditional_only","conditional_only","when","I thrive when I can respond to whatever the moment presents rather than sticking to a predetermined path."
"live_questionnaire","data/questionnaires/q001.json","26","Self-Orientation","altruism","no_lexical_cue","","","I find deep satisfaction in making personal sacrifices for the benefit of my community."
"live_questionnaire","data/questionnaires/q001.json","27","Empathy","empathy","no_lexical_cue","","","The more I learn about what someone is going through, the stronger my wish to help them."
"live_questionnaire","data/questionnaires/q001.json","28","Empathy","detachment","no_lexical_cue","","","Others' hardships sometimes leave me without much wish to help."
"live_questionnaire","data/questionnaires/q001.json","29","Empathy","detachment","no_lexical_cue","","","Someone else's grief rarely makes me want to comfort them."
"live_questionnaire","data/questionnaires/q001.json","30","Self-Orientation","altruism","no_lexical_cue","","","I tend to measure my worth by how much I've contributed to others, not by what I've accumulated."
"live_questionnaire","data/questionnaires/q001.json","31","Self-Orientation","altruism","no_lexical_cue","","","I routinely offer to handle the least glamorous tasks in any group effort."
"live_questionnaire","data/questionnaires/q001.json","32","Self-Orientation","self-focus","conditional_only","conditional_only","when","I tend to keep a running tally of my personal wins and review them when I need motivation."
"live_questionnaire","data/questionnaires/q001.json","33","Conscientiousness","conscientious","no_lexical_cue","","","I find it satisfying to bring order to something that was previously disorganized."
"live_questionnaire","data/questionnaires/q001.json","34","Agency","yielding","no_lexical_cue","","","I often find that I help the group define what success looks like together."
"live_questionnaire","data/questionnaires/q001.json","35","Social Attunement","hypo-attuned","conditional_only","conditional_only","when","I tend to be surprised when someone tells me about interpersonal tension I had not noticed."
"live_questionnaire","data/questionnaires/q001.json","36","Social Attunement","hyper-attuned","conditional_only","conditional_only","when","I notice when someone carefully chooses words to avoid offending a specific person in the room."
"live_questionnaire","data/questionnaires/q002.json","1","Agency","yielding","no_lexical_cue","","","I find it satisfying to maintain cohesion as the group moves forward."
"live_questionnaire","data/questionnaires/q002.json","2","Social Attunement","hyper-attuned","context_candidate","setting","in a conversation","I notice when the physical distance between two people in a conversation is slightly greater than normal and read the reason for it."
"live_questionnaire","data/questionnaires/q002.json","3","Conscientiousness","conscientious","no_lexical_cue","","","I schedule appointments with buffer time between them to avoid feeling rushed."
"live_questionnaire","data/questionnaires/q002.json","4","Conscientiousness","conscientious","no_lexical_cue","","","I consistently set long-term goals and build step-by-step plans to reach them."
"live_questionnaire","data/questionnaires/q002.json","5","Empathy","empathy","no_lexical_cue","","","Other people's hardships tend to matter to me."
"live_questionnaire","data/questionnaires/q002.json","6","Self-Orientation","self-focus","no_lexical_cue","","","I tend to pick vacations based on what I want to see and do, not on what others prefer."
"live_questionnaire","data/questionnaires/q002.json","7","Conscientiousness","spontaneous","no_lexical_cue","","","I redesign my approach each time I encounter a new problem rather than applying a formula."
"live_questionnaire","data/questionnaires/q002.json","8","Reactivity","high-reactive","conditional_only","conditional_only","when","I notice that when I feel passionate about something, it becomes all-consuming rather than a background interest."
"live_questionnaire","data/questionnaires/q002.json","9","Empathy","empathy","context_candidate","event","suffering","When suffering is described in abstract terms, I still want something to improve for those affected."
"live_questionnaire","data/questionnaires/q002.json","10","Reactivity","low-reactive","context_candidate","event","interruptions","I notice that surprises, interruptions, and disruptions produce only a small ripple in my internal state."
"live_questionnaire","data/questionnaires/q002.json","11","Empathy","detachment","no_lexical_cue","","","Small hardships in other people's lives rarely matter to me."
"live_questionnaire","data/questionnaires/q002.json","12","Agency","yielding","no_lexical_cue","","","I bring concerns about a plan to the group rather than canceling it myself."
"live_questionnaire","data/questionnaires/q002.json","13","Social Attunement","hyper-attuned","conditional_only","conditional_only","when","I sense when someone is being conspicuously silent to make their absence from the conversation felt."
"live_questionnaire","data/questionnaires/q002.json","14","Self-Orientation","self-focus","no_lexical_cue","","","I routinely evaluate friendships by whether they contribute to my personal development."
"live_questionnaire","data/questionnaires/q002.json","15","Agency","agentic","conditional_only","conditional_only","when","I am inclined to enforce standards even when the group has not explicitly agreed to them."
"live_questionnaire","data/questionnaires/q002.json","16","Self-Orientation","altruism","context_candidate","relationship; event","loved one; emergency; crisis","I would deplete my emergency fund to help a loved one avoid a crisis."
"live_questionnaire","data/questionnaires/q002.json","17","Agency","agentic","context_candidate","setting","team","I feel a surge of energy when I declare a new direction for a team."
"live_questionnaire","data/questionnaires/q002.json","18","Conscientiousness","spontaneous","context_candidate","event","unexpected","I take pride in my ability to think on my feet and handle the unexpected."
"live_questionnaire","data/questionnaires/q002.json","19","Reactivity","low-reactive","no_lexical_cue","","","I notice that my body stays relaxed in situations that make other people tense."
"live_questionnaire","data/questionnaires/q002.json","20","Social Attunement","hyper-attuned","conditional_only","conditional_only","when","I notice when someone adopts a casual posture to deliberately lower the perceived stakes of a conversation."
"live_questionnaire","data/questionnaires/q002.json","21","Social Attunement","hypo-attuned","no_lexical_cue","","","I prefer straightforward conversations where everything is on the table."
"live_questionnaire","data/questionnaires/q002.json","22","Agency","agentic","context_candidate","setting","team","I prefer to own the relationship with external partners on behalf of the team."
"live_questionnaire","data/questionnaires/q002.json","23","Reactivity","low-reactive","no_lexical_cue","","","I notice that I don't get swept up in the emotional energy of crowds or groups."
"live_questionnaire","data/questionnaires/q002.json","24","Empathy","empathy","context_candidate","event","suffering","It is hard for me to stop thinking about someone who is suffering."
"live_questionnaire","data/questionnaires/q002.json","25","Social Attunement","hypo-attuned","conditional_only","conditional_only","when","I tend not to register when a group's dynamic shifts because of a new piece of information."
"live_questionnaire","data/questionnaires/q002.json","26","Self-Orientation","self-focus","no_lexical_cue","","","I routinely keep a list of personal achievements and review it for motivation."
"live_questionnaire","data/questionnaires/q002.json","27","Empathy","detachment","conditional_only","conditional_only","When","When several people need help, none of their situations weighs on me much."
"live_questionnaire","data/questionnaires/q002.json","28","Reactivity","high-reactive","conditional_only","conditional_only","When","When something touches me, the feeling doesn't just visit — it moves in and stays."
"live_questionnaire","data/questionnaires/q002.json","29","Empathy","detachment","no_lexical_cue","","","Hearing that someone has died or been badly hurt leaves me with little wish to reach out."
"live_questionnaire","data/questionnaires/q002.json","30","Conscientiousness","spontaneous","no_lexical_cue","","","Five-year plans seem pointless to me because so much changes that they quickly become irrelevant."
"live_questionnaire","data/questionnaires/q002.json","31","Agency","yielding","context_candidate","setting","team","I like when the scope of work is something the whole team defines together."
"live_questionnaire","data/questionnaires/q002.json","32","Reactivity","high-reactive","conditional_only","conditional_only","before","I experience the arrival of strong emotion as a wave that crests before I can brace for it."
"live_questionnaire","data/questionnaires/q002.json","33","Self-Orientation","altruism","context_candidate","relationship","close to me","I would postpone my own goals indefinitely if someone close to me needed my help."
"live_questionnaire","data/questionnaires/q002.json","34","Conscientiousness","conscientious","conditional_only","conditional_only","when","I leave detailed notes for my future self when pausing a project mid-stream."
"live_questionnaire","data/questionnaires/q002.json","35","Social Attunement","hypo-attuned","no_lexical_cue","","","I rarely detect the difference between someone making small talk and someone trying to connect."
"live_questionnaire","data/questionnaires/q002.json","36","Self-Orientation","altruism","no_lexical_cue","","","I instinctively offer my seat, my place in line, or my turn to someone else."
"live_questionnaire","data/questionnaires/q003.json","1","Empathy","empathy","no_lexical_cue","","","Other people's small hardships often matter to me too."
"live_questionnaire","data/questionnaires/q003.json","2","Reactivity","high-reactive","no_lexical_cue","","","I experience guilt as a heavy, nauseating weight that settles in my gut and stays."
"live_questionnaire","data/questionnaires/q003.json","3","Self-Orientation","self-focus","no_lexical_cue","","","I routinely set ambitious goals for myself and dedicate significant effort to reaching them."
"live_questionnaire","data/questionnaires/q003.json","4","Self-Orientation","altruism","conditional_only","conditional_only","when","I prefer to let others take credit even when I did most of the work."
"live_questionnaire","data/questionnaires/q003.json","5","Empathy","detachment","context_candidate","relationship","friend","When a friend is hurting, my wish to help is often weaker than I expect it to be."
"live_questionnaire","data/questionnaires/q003.json","6","Empathy","empathy","conditional_only","conditional_only","When","When someone tells me about a painful loss, I want to comfort them."
"live_questionnaire","data/questionnaires/q003.json","7","Conscientiousness","spontaneous","conditional_only","conditional_only","if","I schedule things back-to-back and adjust on the fly if something runs over."
"live_questionnaire","data/questionnaires/q003.json","8","Empathy","detachment","conditional_only","conditional_only","when","I feel little concern when I hear that someone has been badly hurt."
"live_questionnaire","data/questionnaires/q003.json","9","Social Attunement","hyper-attuned","conditional_only","conditional_only","when","I notice when a person clenches or unclenches their hands in rhythm with the emotional intensity of a conversation."
"live_questionnaire","data/questionnaires/q003.json","10","Conscientiousness","conscientious","no_lexical_cue","","","I use a decision journal to record significant choices and revisit them later."
"live_questionnaire","data/questionnaires/q003.json","11","Social Attunement","hypo-attuned","context_candidate","setting","in a conversation","I tend not to register the social dynamics of who gets the last word in a conversation."
"live_questionnaire","data/questionnaires/q003.json","12","Social Attunement","hyper-attuned","conditional_only","conditional_only","before","I am attuned to the silent negotiations that happen before a group makes a decision."
"live_questionnaire","data/questionnaires/q003.json","13","Social Attunement","hypo-attuned","conditional_only","conditional_only","when; before","I do not usually notice when a person glances at their companion for confirmation before committing to a plan."
"live_questionnaire","data/questionnaires/q003.json","14","Agency","yielding","context_candidate","setting","team","I prefer that new team members be selected by the whole team together."
"live_questionnaire","data/questionnaires/q003.json","15","Agency","agentic","conditional_only","conditional_only","when","I feel compelled to act when I see inefficiency or lack of direction."
"live_questionnaire","data/questionnaires/q003.json","16","Social Attunement","hyper-attuned","conditional_only","conditional_only","when","I notice when someone repeats a phrase another person used earlier to build rapport or to mock them."
"live_questionnaire","data/questionnaires/q003.json","17","Reactivity","low-reactive","no_lexical_cue","","","I experience the sensation of calm not as something I achieve but as something I simply inhabit."
"live_questionnaire","data/questionnaires/q003.json","18","Conscientiousness","spontaneous","no_lexical_cue","","","I gauge my productivity by how energized I feel, not by a tally of completed items."
"live_questionnaire","data/questionnaires/q003.json","19","Empathy","detachment","no_lexical_cue","","","Once a hard moment for someone has passed, I rarely give their wellbeing another thought."
"live_questionnaire","data/questionnaires/q003.json","20","Conscientiousness","conscientious","context_candidate","event","deadline","I rarely miss a deadline because I build buffer time into my schedules."
"live_questionnaire","data/questionnaires/q003.json","21","Agency","yielding","no_lexical_cue","","","I find it natural to sit back and let the group work through its process."
"live_questionnaire","data/questionnaires/q003.json","22","Self-Orientation","self-focus","no_lexical_cue","","","I find that eating alone at my favorite restaurant is a perfectly worthwhile way to spend an evening."
"live_questionnaire","data/questionnaires/q003.json","23","Conscientiousness","conscientious","no_lexical_cue","","","I update my to-do list throughout the day as new tasks surface."
"live_questionnaire","data/questionnaires/q003.json","24","Reactivity","low-reactive","no_lexical_cue","","","I experience the ups and downs of life as gentle undulations rather than dramatic swings."
"live_questionnaire","data/questionnaires/q003.json","25","Reactivity","low-reactive","context_candidate","event","stress; stressful","I rarely experience the physiological markers of stress even in stressful situations."
"live_questionnaire","data/questionnaires/q003.json","26","Agency","agentic","no_lexical_cue","","","I enjoy the sense of being indispensable to a project's direction."
"live_questionnaire","data/questionnaires/q003.json","27","Agency","yielding","no_lexical_cue","","","I share my perspective and then genuinely let the group weigh all viewpoints equally."
"live_questionnaire","data/questionnaires/q003.json","28","Reactivity","high-reactive","no_lexical_cue","","","Even reading about an intense event can produce a strong physical reaction in me."
"live_questionnaire","data/questionnaires/q003.json","29","Reactivity","high-reactive","no_lexical_cue","","","I am the kind of person who can be brought to tears by a commercial."
"live_questionnaire","data/questionnaires/q003.json","30","Self-Orientation","self-focus","no_lexical_cue","","","I feel that it is healthy and right to put my own needs first in most situations."
"live_questionnaire","data/questionnaires/q003.json","31","Social Attunement","hypo-attuned","no_lexical_cue","","","I do not usually pick up on whether someone is genuinely enthusiastic or just being polite."
"live_questionnaire","data/questionnaires/q003.json","32","Self-Orientation","altruism","conditional_only","conditional_only","if","I would happily take a pay cut if it meant funding a cause I care about."
"live_questionnaire","data/questionnaires/q003.json","33","Conscientiousness","spontaneous","no_lexical_cue","","","I trust my gut instincts more than any amount of advance preparation."
"live_questionnaire","data/questionnaires/q003.json","34","Agency","agentic","conditional_only","conditional_only","when","I find myself correcting course when I think a group is going the wrong way."
"live_questionnaire","data/questionnaires/q003.json","35","Self-Orientation","altruism","no_lexical_cue","","","I routinely reduce my own workload expectations so I can pitch in where others are struggling."
"live_questionnaire","data/questionnaires/q003.json","36","Empathy","empathy","context_candidate","event","suffering","Knowing that people are still suffering keeps their wellbeing important to me after public attention has moved on."
"live_questionnaire","data/questionnaires/q004.json","1","Reactivity","high-reactive","context_candidate","event","stressful","My body seems to store emotional charge that I can feel building over the course of a stressful week."
"live_questionnaire","data/questionnaires/q004.json","2","Conscientiousness","conscientious","context_candidate","event","conflict","I prioritize long-term wellbeing over short-term pleasure when the two conflict."
"live_questionnaire","data/questionnaires/q004.json","3","Empathy","detachment","context_candidate","event","suffering","When I understand why someone is suffering, I still rarely want their situation to change."
"live_questionnaire","data/questionnaires/q004.json","4","Social Attunement","hypo-attuned","conditional_only","conditional_only","when","I find it hard to tell when someone is genuinely asking for my opinion versus looking for validation."
"live_questionnaire","data/questionnaires/q004.json","5","Agency","yielding","no_lexical_cue","","","I see my job as walking the path alongside the group, wherever it leads."
"live_questionnaire","data/questionnaires/q004.json","6","Social Attunement","hyper-attuned","conditional_only","conditional_only","when","I detect when someone uses vague language like 'some people think' to express their own opinion without owning it."
"live_questionnaire","data/questionnaires/q004.json","7","Conscientiousness","conscientious","no_lexical_cue","","","I maintain an archive of past work so I can reference and build on it."
"live_questionnaire","data/questionnaires/q004.json","8","Reactivity","low-reactive","no_lexical_cue","","","My emotional system operates with a kind of quiet competence that I've come to trust."
"live_questionnaire","data/questionnaires/q004.json","9","Self-Orientation","self-focus","no_lexical_cue","","","I routinely visualize my own future success and make decisions to bring that vision closer."
"live_questionnaire","data/questionnaires/q004.json","10","Self-Orientation","altruism","conditional_only","conditional_only","when","I feel most fulfilled when I have given away more than I have kept."
"live_questionnaire","data/questionnaires/q004.json","11","Empathy","empathy","conditional_only","conditional_only","When","When I think again about a hardship someone faces, I still want them to find relief."
"live_questionnaire","data/questionnaires/q004.json","12","Agency","yielding","no_lexical_cue","","","I view deferring to others as a service to the group."
"live_questionnaire","data/questionnaires/q004.json","13","Social Attunement","hypo-attuned","conditional_only","conditional_only","when","I find it hard to tell when someone is being sarcastic versus sincere."
"live_questionnaire","data/questionnaires/q004.json","14","Empathy","empathy","context_candidate","event","suffering","Others' suffering matters to me whatever mood I am in."
"live_questionnaire","data/questionnaires/q004.json","15","Conscientiousness","spontaneous","no_lexical_cue","","","I often have multiple projects going at once and move between them as my interest dictates."
"live_questionnaire","data/questionnaires/q004.json","16","Social Attunement","hyper-attuned","context_candidate","setting","in a meeting","I sense when the real decision-maker in a meeting is not the person with the highest title."
"live_questionnaire","data/questionnaires/q004.json","17","Conscientiousness","conscientious","no_lexical_cue","","","I compare my current progress to my original timeline to gauge whether I'm ahead or behind."
"live_questionnaire","data/questionnaires/q004.json","18","Empathy","empathy","no_lexical_cue","","","Hearing that someone has been badly hurt leaves me wanting to reach out to them."
"live_questionnaire","data/questionnaires/q004.json","19","Social Attunement","hypo-attuned","no_lexical_cue","","","I focus on the explicit agenda of a meeting rather than the interpersonal dynamics."
"live_questionnaire","data/questionnaires/q004.json","20","Empathy","detachment","conditional_only","conditional_only","when","Even when I know I could easily help someone in pain, I feel little wish to."
"live_questionnaire","data/questionnaires/q004.json","21","Self-Orientation","self-focus","no_lexical_cue","","","I tend to ask for the raise, the upgrade, or the better deal without hesitation."
"live_questionnaire","data/questionnaires/q004.json","22","Empathy","detachment","no_lexical_cue","","","Someone's ongoing hardship rarely stays on my mind once I am no longer with them."
"live_questionnaire","data/questionnaires/q004.json","23","Reactivity","high-reactive","conditional_only","conditional_only","before","My body is always the first to tell me how I'm feeling, often before I have words for it."
"live_questionnaire","data/questionnaires/q004.json","24","Conscientiousness","spontaneous","conditional_only","conditional_only","during","I focus on the conversation during meetings and trust the key points will stick."
"live_questionnaire","data/questionnaires/q004.json","25","Self-Orientation","altruism","conditional_only","conditional_only","if","I would give up a cherished personal goal if doing so served a greater collective need."
"live_questionnaire","data/questionnaires/q004.json","26","Self-Orientation","altruism","conditional_only","conditional_only","before","I tend to donate or share resources before setting aside savings for myself."
"live_questionnaire","data/questionnaires/q004.json","27","Reactivity","high-reactive","conditional_only","conditional_only","When","When I'm in a beautiful place, the experience can feel almost painfully vivid."
"live_questionnaire","data/questionnaires/q004.json","28","Agency","agentic","no_lexical_cue","","","I feel a strong pull to shape the agenda of any group I am part of."
"live_questionnaire","data/questionnaires/q004.json","29","Reactivity","low-reactive","no_lexical_cue","","","My emotional spectrum is real and present but it operates in pastel tones rather than neon."
"live_questionnaire","data/questionnaires/q004.json","30","Conscientiousness","spontaneous","no_lexical_cue","","","I negotiate and make requests without scripted fallbacks, adapting to the flow of conversation."
"live_questionnaire","data/questionnaires/q004.json","31","Agency","yielding","conditional_only","conditional_only","before","I prefer that ground rules emerge from group discussion before activity begins."
"live_questionnaire","data/questionnaires/q004.json","32","Reactivity","low-reactive","conditional_only","conditional_only","before","I experience the anticipation before a big moment as a mild heightening of attention, not a surge of adrenaline."
"live_questionnaire","data/questionnaires/q004.json","33","Agency","agentic","no_lexical_cue","","","I tend to make executive decisions about scope changes mid-project."
"live_questionnaire","data/questionnaires/q004.json","34","Social Attunement","hyper-attuned","conditional_only","conditional_only","when","I detect when someone is subtly seeking validation in the way they tell a story."
"live_questionnaire","data/questionnaires/q004.json","35","Self-Orientation","self-focus","no_lexical_cue","","","I feel that taking a solo trip to recharge is more valuable than a group vacation."
"live_questionnaire","data/questionnaires/q004.json","36","Agency","agentic","no_lexical_cue","","","I enjoy being the public face of a group effort."
"live_questionnaire","data/questionnaires/q005.json","1","Conscientiousness","conscientious","no_lexical_cue","","","I schedule regular maintenance for my car, home, and other possessions."
"live_questionnaire","data/questionnaires/q005.json","2","Self-Orientation","self-focus","no_lexical_cue","","","I tend to accept praise graciously and use it as fuel for further personal achievement."
"live_questionnaire","data/questionnaires/q005.json","3","Self-Orientation","altruism","context_candidate","relationship","family","I would take on a second job to support a family member's dream."
"live_questionnaire","data/questionnaires/q005.json","4","Self-Orientation","altruism","context_candidate","relationship","friend","I find that spending an afternoon helping a friend move is more rewarding than spending it on my own pursuits."
"live_questionnaire","data/questionnaires/q005.json","5","Social Attunement","hypo-attuned","conditional_only","conditional_only","when; during","I do not usually notice when someone is nervous during a conversation unless they say so."
"live_questionnaire","data/questionnaires/q005.json","6","Social Attunement","hypo-attuned","conditional_only","conditional_only","when","I find it hard to detect when someone is being supportive on the surface but competitive underneath."
"live_questionnaire","data/questionnaires/q005.json","7","Social Attunement","hyper-attuned","conditional_only","conditional_only","when","I notice when an email is bcc'd to someone based on the overly formal tone."
"live_questionnaire","data/questionnaires/q005.json","8","Self-Orientation","self-focus","no_lexical_cue","","","I routinely turn down invitations that do not serve my personal interests or growth."
"live_questionnaire","data/questionnaires/q005.json","9","Empathy","empathy","conditional_only","conditional_only","When","When I recognize that someone could be seriously hurt, preventing that harm matters to me personally."
"live_questionnaire","data/questionnaires/q005.json","10","Empathy","empathy","context_candidate","event","suffering","When someone is suffering, its claim on me is immediate; I don't need a further reason."
"live_questionnaire","data/questionnaires/q005.json","11","Reactivity","high-reactive","conditional_only","conditional_only","When","When I connect deeply with someone, the intensity of that bond registers as a physical sensation."
"live_questionnaire","data/questionnaires/q005.json","12","Agency","agentic","conditional_only","conditional_only","before","I prefer to set the ground rules before any group activity begins."
"live_questionnaire","data/questionnaires/q005.json","13","Reactivity","high-reactive","context_candidate","event","stressful","I can feel the residue of a stressful phone call still buzzing in my body an hour later."
"live_questionnaire","data/questionnaires/q005.json","14","Social Attunement","hyper-attuned","conditional_only","conditional_only","when","I can sense when two people are pretending to get along but actually dislike each other."
"live_questionnaire","data/questionnaires/q005.json","15","Empathy","detachment","conditional_only","conditional_only","When","When I hear about a group of people in serious trouble, I seldom feel any concern for them."
"live_questionnaire","data/questionnaires/q005.json","16","Conscientiousness","conscientious","no_lexical_cue","","","I resist starting new projects until current ones are at a natural stopping point."
"live_questionnaire","data/questionnaires/q005.json","17","Reactivity","low-reactive","no_lexical_cue","","","I experience the ebb and flow of life at a volume that never requires me to adjust."
"live_questionnaire","data/questionnaires/q005.json","18","Reactivity","high-reactive","conditional_only","conditional_only","when","I tend to re-feel past emotional experiences at nearly their original intensity when I remember them."
"live_questionnaire","data/questionnaires/q005.json","19","Empathy","detachment","no_lexical_cue","","","Someone's tears or visible distress rarely change what I want to do."
"live_questionnaire","data/questionnaires/q005.json","20","Empathy","empathy","conditional_only","conditional_only","When","When I hear that someone is having a hard time, I usually wish things would go better for them."
"live_questionnaire","data/questionnaires/q005.json","21","Social Attunement","hypo-attuned","no_lexical_cue","","","I do not naturally decode the layers of meaning in polite conversation."
"live_questionnaire","data/questionnaires/q005.json","22","Agency","agentic","no_lexical_cue","","","I naturally position myself at the center of decision-making networks."
"live_questionnaire","data/questionnaires/q005.json","23","Agency","yielding","context_candidate","setting","team","I always consult with my team before making commitments that involve them."
"live_questionnaire","data/questionnaires/q005.json","24","Agency","yielding","conditional_only","conditional_only","When; if; before","When I have a vision, I wait to see if others share it before moving forward."
"live_questionnaire","data/questionnaires/q005.json","25","Conscientiousness","spontaneous","no_lexical_cue","","","I give my full attention to what's happening now and prepare for future obligations closer to the time."
"live_questionnaire","data/questionnaires/q005.json","26","Self-Orientation","self-focus","no_lexical_cue","","","I find that saying no to requests that dilute my focus is one of my most valuable habits."
"live_questionnaire","data/questionnaires/q005.json","27","Self-Orientation","altruism","no_lexical_cue","","","I feel a responsibility to contribute more than my fair share."
"live_questionnaire","data/questionnaires/q005.json","28","Conscientiousness","spontaneous","no_lexical_cue","","","I prefer to let my day unfold naturally rather than follow a rigid schedule."
"live_questionnaire","data/questionnaires/q005.json","29","Agency","yielding","conditional_only","conditional_only","if","I tend to wait and see if the group will name the elephant in the room on its own."
"live_questionnaire","data/questionnaires/q005.json","30","Social Attunement","hyper-attuned","conditional_only","conditional_only","when","I can tell when two people in a room are aware of each other even when they are not interacting."
"live_questionnaire","data/questionnaires/q005.json","31","Conscientiousness","conscientious","no_lexical_cue","","","I approach important decisions by gathering information and analyzing options systematically."
"live_questionnaire","data/questionnaires/q005.json","32","Conscientiousness","spontaneous","conditional_only","conditional_only","if","I rarely make backup plans because I trust my ability to improvise if things go sideways."
"live_questionnaire","data/questionnaires/q005.json","33","Reactivity","low-reactive","no_lexical_cue","","","I notice that excitement in me feels like a pleasant warmth rather than a roaring fire."
"live_questionnaire","data/questionnaires/q005.json","34","Agency","agentic","conditional_only","conditional_only","when","I find it hard to stay quiet when I disagree with the group's direction."
"live_questionnaire","data/questionnaires/q005.json","35","Reactivity","low-reactive","context_candidate","event","crisis","I can be in the middle of a crisis and still feel internally composed."
"live_questionnaire","data/questionnaires/q005.json","36","Empathy","detachment","no_lexical_cue","","","Learning about serious harm to people far away leaves me with little wish to see it end."
"live_questionnaire","data/questionnaires/q006.json","1","Agency","agentic","context_candidate","setting","team","I find it energizing to direct a team through a challenging situation."
"live_questionnaire","data/questionnaires/q006.json","2","Reactivity","high-reactive","no_lexical_cue","","","I have cried from the sheer intensity of a sunset, a piece of art, or an act of kindness."
"live_questionnaire","data/questionnaires/q006.json","3","Social Attunement","hyper-attuned","no_lexical_cue","","","I sense the unspoken ranking of whose time is considered most valuable in a professional setting."
"live_questionnaire","data/questionnaires/q006.json","4","Empathy","detachment","context_candidate","relationship","coworker","When a coworker or neighbor is struggling, I feel little wish to help them."
"live_questionnaire","data/questionnaires/q006.json","5","Conscientiousness","conscientious","no_lexical_cue","","","I verify that backups of important data are running correctly on a regular basis."
"live_questionnaire","data/questionnaires/q006.json","6","Self-Orientation","altruism","no_lexical_cue","","","I feel a deep sense of duty to use everything I have in service of others."
"live_questionnaire","data/questionnaires/q006.json","7","Reactivity","low-reactive","no_lexical_cue","","","I notice that emotional content in conversations registers with me but doesn't alter my breathing or posture."
"live_questionnaire","data/questionnaires/q006.json","8","Conscientiousness","conscientious","no_lexical_cue","","","I write down lessons from each project so I can apply them to the next one."
"live_questionnaire","data/questionnaires/q006.json","9","Agency","yielding","conditional_only","conditional_only","when","I find it difficult to overrule suggestions, even when they do not align with my own thinking."
"live_questionnaire","data/questionnaires/q006.json","10","Empathy","empathy","no_lexical_cue","","","Feeling the weight of others' hardship keeps me from becoming complacent about it."
"live_questionnaire","data/questionnaires/q006.json","11","Conscientiousness","conscientious","conditional_only","conditional_only","before","I lay out my clothes, pack my bag, or prepare materials the night before."
"live_questionnaire","data/questionnaires/q006.json","12","Conscientiousness","spontaneous","no_lexical_cue","","","What some call procrastination, I experience as waiting for the right moment of clarity."
"live_questionnaire","data/questionnaires/q006.json","13","Social Attunement","hypo-attuned","conditional_only","conditional_only","when","I rarely sense when a group has an unspoken agreement about who the designated leader is."
"live_questionnaire","data/questionnaires/q006.json","14","Conscientiousness","spontaneous","no_lexical_cue","","","I often start projects without a clear plan, trusting that the path will reveal itself."
"live_questionnaire","data/questionnaires/q006.json","15","Empathy","empathy","context_candidate","relationship","stranger","A stranger's visible distress makes me want to step in."
"live_questionnaire","data/questionnaires/q006.json","16","Social Attunement","hypo-attuned","no_lexical_cue","","","I am usually more aware of the logical flow of a conversation than its emotional currents."
"live_questionnaire","data/questionnaires/q006.json","17","Agency","agentic","no_lexical_cue","","","I am the one who cuts off brainstorming to move the group into execution."
"live_questionnaire","data/questionnaires/q006.json","18","Conscientiousness","spontaneous","conditional_only","conditional_only","when","I keep working when I'm energized regardless of what my schedule says, and rest when the energy fades."
"live_questionnaire","data/questionnaires/q006.json","19","Empathy","empathy","context_candidate","event","suffering","I feel a genuine pull to act when I encounter suffering, not just to notice it."
"live_questionnaire","data/questionnaires/q006.json","20","Self-Orientation","self-focus","no_lexical_cue","","","I believe that assembling a life that reflects my personal values and desires is the primary task of adulthood."
"live_questionnaire","data/questionnaires/q006.json","21","Agency","agentic","conditional_only","conditional_only","when","I am comfortable overruling a group decision when I believe I am right."
"live_questionnaire","data/questionnaires/q006.json","22","Reactivity","high-reactive","conditional_only","conditional_only","When","When I'm moved by something, the feeling washes over me like a wave."
"live_questionnaire","data/questionnaires/q006.json","23","Reactivity","low-reactive","context_candidate","event","bad news","I can receive bad news without my body going into alarm mode."
"live_questionnaire","data/questionnaires/q006.json","24","Social Attunement","hyper-attuned","conditional_only","conditional_only","when; during","I notice when a person touches their face or neck during a conversation as a self-soothing gesture."
"live_questionnaire","data/questionnaires/q006.json","25","Social Attunement","hyper-attuned","no_lexical_cue","","","I intuitively understand the unspoken hierarchy in any social group I enter."
"live_questionnaire","data/questionnaires/q006.json","26","Agency","yielding","conditional_only","conditional_only","if","I let the group find its own course, even if I see a different path."
"live_questionnaire","data/questionnaires/q006.json","27","Empathy","detachment","no_lexical_cue","","","Knowing that a person is struggling seldom makes me want to do anything about it."
"live_questionnaire","data/questionnaires/q006.json","28","Self-Orientation","altruism","no_lexical_cue","","","I find purpose in being the one who shoulders the burden so others don't have to."
"live_questionnaire","data/questionnaires/q006.json","29","Self-Orientation","self-focus","no_lexical_cue","","","I routinely rearrange my environment to maximize my own comfort and productivity."
"live_questionnaire","data/questionnaires/q006.json","30","Empathy","detachment","context_candidate","event","suffering","When I see that someone is suffering, it usually makes no difference to what I want to do next."
"live_questionnaire","data/questionnaires/q006.json","31","Reactivity","high-reactive","conditional_only","conditional_only","When","When I feel at peace, the sensation is so vivid and complete that it's almost sacred."
"live_questionnaire","data/questionnaires/q006.json","32","Social Attunement","hypo-attuned","conditional_only","conditional_only","when","I tend to be the last person to realize when a social event is winding down."
"live_questionnaire","data/questionnaires/q006.json","33","Reactivity","low-reactive","no_lexical_cue","","","I notice that my emotional reactions rarely interfere with my ability to function."
"live_questionnaire","data/questionnaires/q006.json","34","Self-Orientation","altruism","context_candidate","relationship","stranger","I would give up a front-row seat so a stranger could have a better experience."
"live_questionnaire","data/questionnaires/q006.json","35","Self-Orientation","self-focus","no_lexical_cue","","","I tend to see networking as a way to build my own opportunities, first and foremost."
"live_questionnaire","data/questionnaires/q006.json","36","Agency","yielding","no_lexical_cue","","","I prefer to ask questions that help someone see for themselves whether their approach is working."
"live_questionnaire","data/questionnaires/q007.json","1","Agency","yielding","no_lexical_cue","","","I resist pecking orders and advocate for egalitarian group dynamics."
"live_questionnaire","data/questionnaires/q007.json","2","Social Attunement","hypo-attuned","conditional_only","conditional_only","when","I tend not to notice when someone shifts their gaze away to signal they are done with a topic."
"live_questionnaire","data/questionnaires/q007.json","3","Reactivity","high-reactive","no_lexical_cue","","","I experience a new environment as a barrage of stimulation that takes time to process."
"live_questionnaire","data/questionnaires/q007.json","4","Agency","yielding","no_lexical_cue","","","I generally negotiate the terms of a collaboration with all parties."
"live_questionnaire","data/questionnaires/q007.json","5","Empathy","detachment","context_candidate","relationship","stranger","When a stranger is in visible distress, I feel little wish to help."
"live_questionnaire","data/questionnaires/q007.json","6","Empathy","empathy","no_lexical_cue","","","I often wish I could do something for people who are having a hard time."
"live_questionnaire","data/questionnaires/q007.json","7","Agency","yielding","context_candidate","setting","team","I feel a surge of energy when a team collectively discovers its new direction."
"live_questionnaire","data/questionnaires/q007.json","8","Reactivity","low-reactive","no_lexical_cue","","","I don't tend to carry the emotional residue of one event into the next."
"live_questionnaire","data/questionnaires/q007.json","9","Social Attunement","hyper-attuned","no_lexical_cue","","","I sense the social temperature of an email based on word choice, punctuation, and formatting."
"live_questionnaire","data/questionnaires/q007.json","10","Empathy","detachment","no_lexical_cue","","","Reflecting on someone's difficulties rarely makes me feel any wish to ease them."
"live_questionnaire","data/questionnaires/q007.json","11","Empathy","empathy","conditional_only","conditional_only","When","When I think through someone's problem, I care about the pain it is causing them."
"live_questionnaire","data/questionnaires/q007.json","12","Social Attunement","hyper-attuned","context_candidate","event","deadline","I pick up on when someone deliberately mentions a deadline or constraint to create urgency and shift the power balance."
"live_questionnaire","data/questionnaires/q007.json","13","Empathy","detachment","context_candidate","event","suffering","Learning that people are suffering somewhere else seldom makes me care what happens to them."
"live_questionnaire","data/questionnaires/q007.json","14","Social Attunement","hyper-attuned","conditional_only","conditional_only","when","I detect when a joke lands differently than the speaker intended."
"live_questionnaire","data/questionnaires/q007.json","15","Conscientiousness","spontaneous","conditional_only","conditional_only","when","I respond to messages when the timing feels right, not according to a self-imposed schedule."
"live_questionnaire","data/questionnaires/q007.json","16","Self-Orientation","altruism","no_lexical_cue","","","I would choose a lower-paying role that lets me serve my community over a higher-paying one that does not."
"live_questionnaire","data/questionnaires/q007.json","17","Conscientiousness","conscientious","no_lexical_cue","","","I practice important skills repeatedly until they become second nature."
"live_questionnaire","data/questionnaires/q007.json","18","Reactivity","high-reactive","no_lexical_cue","","","I tend to feel the full weight of an experience rather than experiencing it at a distance."
"live_questionnaire","data/questionnaires/q007.json","19","Empathy","empathy","conditional_only","conditional_only","when","I feel a strong wish to help when someone I know is struggling."
"live_questionnaire","data/questionnaires/q007.json","20","Self-Orientation","altruism","conditional_only","conditional_only","if","I tend to choose the harder path if it clears the way for someone else."
"live_questionnaire","data/questionnaires/q007.json","21","Self-Orientation","self-focus","no_lexical_cue","","","I tend to structure group decisions around outcomes that benefit me most."
"live_questionnaire","data/questionnaires/q007.json","22","Agency","agentic","conditional_only","conditional_only","when","I am quick to assert my expertise when a topic I know well comes up."
"live_questionnaire","data/questionnaires/q007.json","23","Agency","agentic","conditional_only","conditional_only","When","When there is a vacuum of leadership, I fill it without thinking twice."
"live_questionnaire","data/questionnaires/q007.json","24","Agency","agentic","no_lexical_cue","","","I trust my own judgment more than the group's consensus."
"live_questionnaire","data/questionnaires/q007.json","25","Conscientiousness","conscientious","no_lexical_cue","","","I find deep satisfaction in checking items off a well-organized to-do list."
"live_questionnaire","data/questionnaires/q007.json","26","Conscientiousness","conscientious","conditional_only","conditional_only","if","I invest time creating systems that make future work easier even if setup takes a while."
"live_questionnaire","data/questionnaires/q007.json","27","Social Attunement","hypo-attuned","conditional_only","conditional_only","when","I do not usually notice when someone edits their story in real time based on audience reactions."
"live_questionnaire","data/questionnaires/q007.json","28","Self-Orientation","self-focus","context_candidate","event","unexpected","I tend to use unexpected free time for personal projects rather than reaching out to see if someone needs help."
"live_questionnaire","data/questionnaires/q007.json","29","Self-Orientation","self-focus","no_lexical_cue","","","I hold the view that personal ambition and drive are qualities to be proud of, not downplayed."
"live_questionnaire","data/questionnaires/q007.json","30","Reactivity","low-reactive","no_lexical_cue","","","My baseline emotional state is one of calm readiness."
"live_questionnaire","data/questionnaires/q007.json","31","Reactivity","low-reactive","no_lexical_cue","","","I notice that music, films, and stories move me intellectually more than they move me physically."
"live_questionnaire","data/questionnaires/q007.json","32","Conscientiousness","spontaneous","conditional_only","conditional_only","when","I deal with maintenance needs when they become apparent rather than on a schedule."
"live_questionnaire","data/questionnaires/q007.json","33","Self-Orientation","altruism","no_lexical_cue","","","I routinely adjust my pace, my route, or my method to match what works best for others."
"live_questionnaire","data/questionnaires/q007.json","34","Conscientiousness","spontaneous","no_lexical_cue","","","I let Monday morning unfold and see what the week brings."
"live_questionnaire","data/questionnaires/q007.json","35","Reactivity","high-reactive","conditional_only","conditional_only","When; if","When my expectations are violated, my system reacts as if to a physical shock."
"live_questionnaire","data/questionnaires/q007.json","36","Social Attunement","hypo-attuned","conditional_only","conditional_only","when","I tend to miss when a person's enthusiasm about a topic is meant to signal something about their values."
"live_questionnaire","data/questionnaires/q008.json","1","Agency","agentic","context_candidate","setting","team","I like to be the one who determines the scope of what the team works on."
"live_questionnaire","data/questionnaires/q008.json","2","Social Attunement","hyper-attuned","conditional_only","conditional_only","when","I can tell when someone is keeping a conversation going longer than natural because they are avoiding being alone."
"live_questionnaire","data/questionnaires/q008.json","3","Agency","yielding","context_candidate","setting","team","I am the person who asks the team how they would like to frame a problem."
"live_questionnaire","data/questionnaires/q008.json","4","Conscientiousness","spontaneous","no_lexical_cue","","","I'd rather commit quickly to a direction and learn from the results than test endlessly."
"live_questionnaire","data/questionnaires/q008.json","5","Self-Orientation","altruism","no_lexical_cue","","","I tend to fill gaps in any group without being asked—whatever is missing, I provide."
"live_questionnaire","data/questionnaires/q008.json","6","Conscientiousness","spontaneous","no_lexical_cue","","","My sleep schedule shifts depending on what I'm engaged with; I follow my energy."
"live_questionnaire","data/questionnaires/q008.json","7","Social Attunement","hyper-attuned","conditional_only","conditional_only","when; before","I notice when someone is testing the waters with a comment before committing to an opinion."
"live_questionnaire","data/questionnaires/q008.json","8","Empathy","detachment","context_candidate","event","suffering","When suffering is described in vivid detail, it still carries little weight for me."
"live_questionnaire","data/questionnaires/q008.json","9","Self-Orientation","self-focus","no_lexical_cue","","","I tend to evaluate any group activity by asking what I personally stand to gain."
"live_questionnaire","data/questionnaires/q008.json","10","Agency","yielding","no_lexical_cue","","","I want to be part of shaping how a project unfolds, alongside others."
"live_questionnaire","data/questionnaires/q008.json","11","Reactivity","high-reactive","no_lexical_cue","","","I notice that my emotional sensitivity means I am deeply affected by the tone of a room, a text, or a glance."
"live_questionnaire","data/questionnaires/q008.json","12","Empathy","empathy","no_lexical_cue","","","Seeing someone I don't know in real trouble makes me care about their wellbeing."
"live_questionnaire","data/questionnaires/q008.json","13","Social Attunement","hypo-attuned","context_candidate","relationship","friend","I do not naturally sense when a friend group has an inner circle and an outer circle."
"live_questionnaire","data/questionnaires/q008.json","14","Agency","yielding","conditional_only","conditional_only","When","When things go sideways, I look for a collective response rather than taking personal charge."
"live_questionnaire","data/questionnaires/q008.json","15","Empathy","detachment","conditional_only","conditional_only","when","I seldom feel pulled to respond when someone around me is having a hard time."
"live_questionnaire","data/questionnaires/q008.json","16","Self-Orientation","self-focus","no_lexical_cue","","","I routinely optimize my schedule around my own peak performance."
"live_questionnaire","data/questionnaires/q008.json","17","Social Attunement","hyper-attuned","conditional_only","conditional_only","when","I sense when a group is tacitly agreeing to lower the emotional register of a conversation to keep things safe."
"live_questionnaire","data/questionnaires/q008.json","18","Social Attunement","hypo-attuned","conditional_only","conditional_only","when","I generally do not analyze why someone chose a particular word when a simpler one would do."
"live_questionnaire","data/questionnaires/q008.json","19","Conscientiousness","conscientious","no_lexical_cue","","","I schedule thinking time into my calendar rather than leaving reflection to chance."
"live_questionnaire","data/questionnaires/q008.json","20","Reactivity","high-reactive","conditional_only","conditional_only","after","I wake from nightmares with my heart pounding and the fear persisting long after I'm fully awake."
"live_questionnaire","data/questionnaires/q008.json","21","Conscientiousness","spontaneous","no_lexical_cue","","","I can work effectively in chaotic environments that would distract most people."
"live_questionnaire","data/questionnaires/q008.json","22","Empathy","empathy","context_candidate","event","Suffering","Suffering among people whose lives are very different from mine still matters to me."
"live_questionnaire","data/questionnaires/q008.json","23","Agency","agentic","no_lexical_cue","","","I have been told that I have a commanding presence."
"live_questionnaire","data/questionnaires/q008.json","24","Social Attunement","hypo-attuned","no_lexical_cue","","","I rarely pick up on the implicit rules of a new social group without being told."
"live_questionnaire","data/questionnaires/q008.json","25","Empathy","empathy","no_lexical_cue","","","I find it hard to ignore a person's pain just to stay comfortable."
"live_questionnaire","data/questionnaires/q008.json","26","Self-Orientation","altruism","no_lexical_cue","","","I would downsize my own living situation to free up resources for people who need help."
"live_questionnaire","data/questionnaires/q008.json","27","Self-Orientation","self-focus","no_lexical_cue","","","I feel that pursuing mastery in my chosen field is worth more than diversifying my efforts for others."
"live_questionnaire","data/questionnaires/q008.json","28","Conscientiousness","conscientious","no_lexical_cue","","","I break vague goals into concrete next actions so I always know what to do next."
"live_questionnaire","data/questionnaires/q008.json","29","Reactivity","low-reactive","no_lexical_cue","","","My system seems to auto-regulate emotional intensity without requiring conscious effort."
"live_questionnaire","data/questionnaires/q008.json","30","Reactivity","low-reactive","no_lexical_cue","","","I tend to feel emotions at a manageable intensity rather than at their extremes."
"live_questionnaire","data/questionnaires/q008.json","31","Reactivity","low-reactive","no_lexical_cue","","","My emotional life has a consistent, predictable quality that I've come to rely on."
"live_questionnaire","data/questionnaires/q008.json","32","Reactivity","high-reactive","conditional_only","conditional_only","When","When I get frustrated, the frustration escalates rapidly to a peak."
"live_questionnaire","data/questionnaires/q008.json","33","Conscientiousness","conscientious","no_lexical_cue","","","I protect focused work time by blocking it on my calendar so no one can interrupt it."
"live_questionnaire","data/questionnaires/q008.json","34","Agency","agentic","conditional_only","conditional_only","when","I frequently redefine objectives when I think the current ones are wrong."
"live_questionnaire","data/questionnaires/q008.json","35","Empathy","detachment","no_lexical_cue","","","I am somewhat less moved by other people's hardships than most people I know."
"live_questionnaire","data/questionnaires/q008.json","36","Self-Orientation","altruism","conditional_only","conditional_only","if","I would turn down a dream job if accepting it meant abandoning someone who depends on me."
"live_questionnaire","data/questionnaires/q009.json","1","Social Attunement","hyper-attuned","conditional_only","conditional_only","when","I detect when someone is watching a conversation from the periphery with more interest than they are showing."
"live_questionnaire","data/questionnaires/q009.json","2","Reactivity","high-reactive","no_lexical_cue","","","I often feel like my emotional responses are running at double speed compared to the people around me."
"live_questionnaire","data/questionnaires/q009.json","3","Agency","agentic","no_lexical_cue","","","I would describe my influence style as directive."
"live_questionnaire","data/questionnaires/q009.json","4","Agency","yielding","conditional_only","conditional_only","when","I prefer the group to decide together when a project is truly complete."
"live_questionnaire","data/questionnaires/q009.json","5","Social Attunement","hyper-attuned","conditional_only","conditional_only","when; if","I can usually tell when someone has been crying even if they have composed themselves."
"live_questionnaire","data/questionnaires/q009.json","6","Empathy","detachment","context_candidate","event","suffering","Learning that suffering could easily be prevented seldom makes me want it prevented."
"live_questionnaire","data/questionnaires/q009.json","7","Conscientiousness","conscientious","no_lexical_cue","","","I design my workflows to minimize friction and maximize repeatability."
"live_questionnaire","data/questionnaires/q009.json","8","Agency","agentic","conditional_only","conditional_only","When","When I see an opportunity, I move quickly to claim it."
"live_questionnaire","data/questionnaires/q009.json","9","Reactivity","low-reactive","no_lexical_cue","","","I experience the conclusion of something I care about with a sense of readiness to move on."
"live_questionnaire","data/questionnaires/q009.json","10","Conscientiousness","conscientious","no_lexical_cue","","","I take a methodical approach to learning new skills, following a structured curriculum."
"live_questionnaire","data/questionnaires/q009.json","11","Empathy","detachment","context_candidate","event","suffering","Most of the time, other people's suffering does not feel important to me."
"live_questionnaire","data/questionnaires/q009.json","12","Self-Orientation","altruism","conditional_only","conditional_only","if","I would share a professional secret or competitive advantage if it would significantly help someone else."
"live_questionnaire","data/questionnaires/q009.json","13","Agency","yielding","no_lexical_cue","","","I am typically the one who helps the group keep deliberating until a tie resolves itself."
"live_questionnaire","data/questionnaires/q009.json","14","Reactivity","high-reactive","conditional_only","conditional_only","When","When I feel truly heard and understood, the relief is so profound it can make me cry."
"live_questionnaire","data/questionnaires/q009.json","15","Empathy","empathy","context_candidate","event","suffering","A person's suffering still matters to me when many other people also know about it."
"live_questionnaire","data/questionnaires/q009.json","16","Empathy","empathy","context_candidate","event","suffering","Learning that a person is suffering makes me want to know if there is anything that would help them."
"live_questionnaire","data/questionnaires/q009.json","17","Empathy","empathy","no_lexical_cue","","","As I learn the reasons a person is struggling, their wellbeing becomes more important to me."
"live_questionnaire","data/questionnaires/q009.json","18","Empathy","detachment","conditional_only","conditional_only","When","When someone near me is visibly upset, I rarely feel any urge to comfort or help them."
"live_questionnaire","data/questionnaires/q009.json","19","Reactivity","low-reactive","context_candidate","setting","at home","I tend to feel the same emotional temperature whether I'm at home or in a novel situation."
"live_questionnaire","data/questionnaires/q009.json","20","Conscientiousness","spontaneous","conditional_only","conditional_only","when","I do regular tasks when I remember them rather than relying on calendar prompts."
"live_questionnaire","data/questionnaires/q009.json","21","Self-Orientation","self-focus","conditional_only","conditional_only","when","I routinely protect my focus time even when others express disappointment."
"live_questionnaire","data/questionnaires/q009.json","22","Conscientiousness","conscientious","no_lexical_cue","","","I rotate seasonal items in and out of storage on a predictable schedule."
"live_questionnaire","data/questionnaires/q009.json","23","Social Attunement","hypo-attuned","context_candidate","setting","in a conversation","I tend to treat silence in a conversation as simply a pause rather than as communication."
"live_questionnaire","data/questionnaires/q009.json","24","Reactivity","low-reactive","no_lexical_cue","","","I can look back on difficult periods without re-experiencing the emotional intensity."
"live_questionnaire","data/questionnaires/q009.json","25","Self-Orientation","self-focus","conditional_only","conditional_only","before","I tend to schedule personal time before committing to obligations for others."
"live_questionnaire","data/questionnaires/q009.json","26","Reactivity","high-reactive","conditional_only","conditional_only","when","I notice that when I feel vulnerable, every nerve ending seems to be exposed."
"live_questionnaire","data/questionnaires/q009.json","27","Self-Orientation","self-focus","no_lexical_cue","","","I routinely decline social events that don't advance my personal interests."
"live_questionnaire","data/questionnaires/q009.json","28","Social Attunement","hypo-attuned","no_lexical_cue","","","I tend to be unaware of the unspoken rules about what topics are acceptable at a particular gathering."
"live_questionnaire","data/questionnaires/q009.json","29","Social Attunement","hypo-attuned","conditional_only","conditional_only","when","I tend to miss it when a person's agreement comes with a subtle qualifier that changes its meaning entirely."
"live_questionnaire","data/questionnaires/q009.json","30","Social Attunement","hyper-attuned","conditional_only","conditional_only","when","I notice when a group conversation has an unacknowledged moderator who is guiding the flow without being explicit about it."
"live_questionnaire","data/questionnaires/q009.json","31","Self-Orientation","altruism","no_lexical_cue","","","I tend to go without rest to make sure the people around me are supported."
"live_questionnaire","data/questionnaires/q009.json","32","Self-Orientation","altruism","no_lexical_cue","","","I routinely make financial sacrifices to support people in my life."
"live_questionnaire","data/questionnaires/q009.json","33","Agency","agentic","conditional_only","conditional_only","when","I feel uncomfortable when someone challenges my authority in front of the group."
"live_questionnaire","data/questionnaires/q009.json","34","Conscientiousness","spontaneous","no_lexical_cue","","","I hold my commitments loosely, knowing that priorities shift and flexibility matters."
"live_questionnaire","data/questionnaires/q009.json","35","Conscientiousness","spontaneous","conditional_only","conditional_only","if","I handle errands and tasks as they come up, even if that means extra trips."
"live_questionnaire","data/questionnaires/q009.json","36","Agency","yielding","conditional_only","conditional_only","When; before","When a conversation stalls, I invite quieter voices to share before proposing anything."
"live_questionnaire","data/questionnaires/q010.json","1","Empathy","detachment","conditional_only","conditional_only","when","Even when someone's pain is vivid and immediate, I feel little wish to ease it."
"live_questionnaire","data/questionnaires/q010.json","2","Reactivity","low-reactive","no_lexical_cue","","","I notice that I can be in the presence of someone who is deeply distressed without my own system mirroring their state."
"live_questionnaire","data/questionnaires/q010.json","3","Conscientiousness","spontaneous","conditional_only","conditional_only","when","I feel a genuine sense of accomplishment when I navigate an unplanned situation successfully."
"live_questionnaire","data/questionnaires/q010.json","4","Agency","agentic","no_lexical_cue","","","I am energized by standing at the front of the room and guiding the discussion."
"live_questionnaire","data/questionnaires/q010.json","5","Reactivity","high-reactive","no_lexical_cue","","","I have been told that I feel things more intensely than most people."
"live_questionnaire","data/questionnaires/q010.json","6","Social Attunement","hyper-attuned","conditional_only","conditional_only","when","I detect when someone positions themselves physically between two people to mediate or interrupt a connection."
"live_questionnaire","data/questionnaires/q010.json","7","Self-Orientation","self-focus","no_lexical_cue","","","I routinely choose personal development over group activities."
"live_questionnaire","data/questionnaires/q010.json","8","Agency","yielding","conditional_only","conditional_only","when","I raise concerns when collaboration gets off track but leave it to the group to set boundaries."
"live_questionnaire","data/questionnaires/q010.json","9","Self-Orientation","altruism","conditional_only","conditional_only","if","I would forgo a hobby I love if the time could be better spent helping my community."
"live_questionnaire","data/questionnaires/q010.json","10","Reactivity","high-reactive","conditional_only","conditional_only","if","I notice that I feel the emotional weight of news stories as if they were happening to me personally."
"live_questionnaire","data/questionnaires/q010.json","11","Self-Orientation","altruism","no_lexical_cue","","","I believe that the right response to abundance is to distribute it, not to hoard it."
"live_questionnaire","data/questionnaires/q010.json","12","Empathy","empathy","conditional_only","conditional_only","When; if","When someone's hardship is severe, it matters to me even if I can do nothing about it."
"live_questionnaire","data/questionnaires/q010.json","13","Reactivity","low-reactive","no_lexical_cue","","","I tend to process emotional experiences in the background while staying functionally engaged."
"live_questionnaire","data/questionnaires/q010.json","14","Social Attunement","hypo-attuned","context_candidate","setting","in a conversation","I tend not to notice when someone deliberately includes me in a conversation by directing a question my way."
"live_questionnaire","data/questionnaires/q010.json","15","Social Attunement","hyper-attuned","conditional_only","conditional_only","when","I notice when someone is being left out of a conversation even when it is not obvious."
"live_questionnaire","data/questionnaires/q010.json","16","Empathy","empathy","context_candidate","event","suffering","Others' suffering carries real weight for me."
"live_questionnaire","data/questionnaires/q010.json","17","Conscientiousness","conscientious","no_lexical_cue","","","I maintain a reading list and work through it systematically."
"live_questionnaire","data/questionnaires/q010.json","18","Agency","yielding","context_candidate","setting","team","I prefer that the team shares relationships with external partners."
"live_questionnaire","data/questionnaires/q010.json","19","Self-Orientation","self-focus","no_lexical_cue","","","I hold the view that protecting my sleep schedule is more important than being available to others late at night."
"live_questionnaire","data/questionnaires/q010.json","20","Agency","agentic","no_lexical_cue","","","I view taking charge as a service to the group."
"live_questionnaire","data/questionnaires/q010.json","21","Reactivity","low-reactive","no_lexical_cue","","","I rarely wake up from a dream still gripped by its emotional content."
"live_questionnaire","data/questionnaires/q010.json","22","Agency","agentic","no_lexical_cue","","","I take pride in being the driving force behind a project's success."
"live_questionnaire","data/questionnaires/q010.json","23","Empathy","empathy","context_candidate","event","suffering","When someone is suffering, I hope things turn out well for them."
"live_questionnaire","data/questionnaires/q010.json","24","Conscientiousness","conscientious","no_lexical_cue","","","I take pride in my reputation for dependability and follow-through."
"live_questionnaire","data/questionnaires/q010.json","25","Empathy","detachment","context_candidate","relationship","stranger","A stranger's hardship rarely matters to me."
"live_questionnaire","data/questionnaires/q010.json","26","Social Attunement","hyper-attuned","conditional_only","conditional_only","when","I detect when someone emphasizes a particular word to send a message that only certain listeners will catch."
"live_questionnaire","data/questionnaires/q010.json","27","Agency","yielding","no_lexical_cue","","","I find it important to stay aligned with the group, even at the cost of my personal preference."
"live_questionnaire","data/questionnaires/q010.json","28","Conscientiousness","spontaneous","no_lexical_cue","","","I focus all my energy on the primary plan rather than diverting effort to contingencies."
"live_questionnaire","data/questionnaires/q010.json","29","Self-Orientation","altruism","no_lexical_cue","","","I tend to craft my daily schedule around what the people in my life need from me."
"live_questionnaire","data/questionnaires/q010.json","30","Social Attunement","hypo-attuned","no_lexical_cue","","","I do not usually pick up on the difference between a question that invites discussion and one that shuts it down."
"live_questionnaire","data/questionnaires/q010.json","31","Social Attunement","hypo-attuned","no_lexical_cue","","","I prefer to deal with what is said rather than speculate about what was meant."
"live_questionnaire","data/questionnaires/q010.json","32","Empathy","detachment","context_candidate","event","suffering","However serious someone's suffering is, it seldom makes me want to do anything."
"live_questionnaire","data/questionnaires/q010.json","33","Conscientiousness","spontaneous","no_lexical_cue","","","I'm comfortable with ambiguity about where a project stands as long as progress feels real."
"live_questionnaire","data/questionnaires/q010.json","34","Reactivity","high-reactive","no_lexical_cue","","","Loud noises, bright lights, or sudden changes can trigger an outsized emotional response in me."
"live_questionnaire","data/questionnaires/q010.json","35","Self-Orientation","self-focus","no_lexical_cue","","","I routinely ensure that my personal brand is visible, polished, and intentionally cultivated."
"live_questionnaire","data/questionnaires/q010.json","36","Conscientiousness","conscientious","no_lexical_cue","","","I use project management frameworks to coordinate complex work."
"live_questionnaire","data/questionnaires/q011.json","1","Self-Orientation","altruism","conditional_only","conditional_only","when","I tend to undercharge or waive fees when someone genuinely cannot afford what I offer."
"live_questionnaire","data/questionnaires/q011.json","2","Reactivity","high-reactive","conditional_only","conditional_only","When","When I feel overwhelmed, it's not just emotional — my body feels like it's short-circuiting."
"live_questionnaire","data/questionnaires/q011.json","3","Empathy","empathy","context_candidate","relationship","stranger; friend","A stranger's pain matters to me as much as a friend's."
"live_questionnaire","data/questionnaires/q011.json","4","Agency","agentic","no_lexical_cue","","","I want to be the one who shapes how a project unfolds."
"live_questionnaire","data/questionnaires/q011.json","5","Conscientiousness","spontaneous","conditional_only","conditional_only","when","I swap seasonal items when the weather actually changes rather than on a set date."
"live_questionnaire","data/questionnaires/q011.json","6","Social Attunement","hypo-attuned","context_candidate","event","conflict","I tend to miss the social significance of who reaches out to whom first after a conflict."
"live_questionnaire","data/questionnaires/q011.json","7","Empathy","detachment","context_candidate","relationship","stranger","A stranger's obvious anguish in front of me rarely makes me want to step in."
"live_questionnaire","data/questionnaires/q011.json","8","Reactivity","high-reactive","context_candidate","event","unexpected","When I receive unexpected praise, the flush of pleasure is so strong it makes me lightheaded."
"live_questionnaire","data/questionnaires/q011.json","9","Self-Orientation","self-focus","no_lexical_cue","","","I hold the view that every person's first responsibility is to themselves."
"live_questionnaire","data/questionnaires/q011.json","10","Agency","agentic","no_lexical_cue","","","I find it satisfying to have direct reports and be responsible for their output."
"live_questionnaire","data/questionnaires/q011.json","11","Empathy","empathy","no_lexical_cue","","","I often find myself hoping that people I hear about who are struggling will be okay."
"live_questionnaire","data/questionnaires/q011.json","12","Empathy","empathy","context_candidate","relationship; event","stranger; suffering","Even a stranger's serious suffering makes me want to see it relieved."
"live_questionnaire","data/questionnaires/q011.json","13","Reactivity","low-reactive","no_lexical_cue","","","I notice that confrontations, while unpleasant, don't leave a physiological residue in my body."
"live_questionnaire","data/questionnaires/q011.json","14","Agency","yielding","no_lexical_cue","","","I feel responsible for keeping a group connected and cohesive."
"live_questionnaire","data/questionnaires/q011.json","15","Self-Orientation","altruism","no_lexical_cue","","","I tend to allocate the majority of my time to tasks that benefit other people."
"live_questionnaire","data/questionnaires/q011.json","16","Social Attunement","hyper-attuned","conditional_only","conditional_only","when","I can tell when someone volunteers information to create an impression of transparency while still hiding the important parts."
"live_questionnaire","data/questionnaires/q011.json","17","Conscientiousness","spontaneous","no_lexical_cue","","","I show up to learning experiences fresh, without preparation, to keep my perspective unbiased."
"live_questionnaire","data/questionnaires/q011.json","18","Social Attunement","hyper-attuned","context_candidate","relationship","partner","I sense when a conversation partner is mirroring my energy not out of genuine rapport but as a social technique."
"live_questionnaire","data/questionnaires/q011.json","19","Social Attunement","hypo-attuned","conditional_only","conditional_only","when","I rarely sense when a person's choice of words reveals their stance on an issue they have not explicitly addressed."
"live_questionnaire","data/questionnaires/q011.json","20","Social Attunement","hyper-attuned","conditional_only","conditional_only","during","I notice micro-expressions that flash across someone's face during conversation."
"live_questionnaire","data/questionnaires/q011.json","21","Reactivity","low-reactive","no_lexical_cue","","","My emotional baseline is so stable that people often describe me as having a calming presence."
"live_questionnaire","data/questionnaires/q011.json","22","Conscientiousness","spontaneous","conditional_only","conditional_only","before","I sit with vague goals and let clarity emerge before forcing them into action steps."
"live_questionnaire","data/questionnaires/q011.json","23","Reactivity","high-reactive","context_candidate","event","argument","I can still feel the emotional residue of an argument hours or even days later."
"live_questionnaire","data/questionnaires/q011.json","24","Agency","yielding","conditional_only","conditional_only","if","I am open to revisiting any decision if the group raises new concerns."
"live_questionnaire","data/questionnaires/q011.json","25","Self-Orientation","altruism","no_lexical_cue","","","I routinely lend my possessions and rarely ask for them back."
"live_questionnaire","data/questionnaires/q011.json","26","Reactivity","low-reactive","no_lexical_cue","","","I notice that my emotional life, while not dramatic, is dependable and clear."
"live_questionnaire","data/questionnaires/q011.json","27","Self-Orientation","self-focus","no_lexical_cue","","","I routinely choose solitude for deep personal work over collaboration that dilutes my focus."
"live_questionnaire","data/questionnaires/q011.json","28","Conscientiousness","conscientious","conditional_only","conditional_only","when","I feel most confident when I have rehearsed or prepared thoroughly for an event."
"live_questionnaire","data/questionnaires/q011.json","29","Conscientiousness","conscientious","no_lexical_cue","","","I review my goals regularly and adjust my plans to stay on track."
"live_questionnaire","data/questionnaires/q011.json","30","Conscientiousness","conscientious","conditional_only","conditional_only","before","I am careful to manage my energy across the day so I don't burn out before evening."
"live_questionnaire","data/questionnaires/q011.json","31","Social Attunement","hypo-attuned","conditional_only","conditional_only","when","I often do not notice when someone feels excluded from a group."
"live_questionnaire","data/questionnaires/q011.json","32","Empathy","detachment","conditional_only","conditional_only","When","When someone shares a struggle with me, I tend to treat it as information rather than as something that calls for a response."
"live_questionnaire","data/questionnaires/q011.json","33","Agency","yielding","context_candidate","setting","team","I have been told that I am a great team player."
"live_questionnaire","data/questionnaires/q011.json","34","Self-Orientation","self-focus","no_lexical_cue","","","I routinely take credit for my contributions because acknowledging my own work matters to me."
"live_questionnaire","data/questionnaires/q011.json","35","Empathy","detachment","no_lexical_cue","","","Another person's pain rarely feels real enough to matter to me."
"live_questionnaire","data/questionnaires/q011.json","36","Agency","agentic","context_candidate","setting","in a group","I am the person who usually decides how resources get distributed in a group project."
"live_questionnaire","data/questionnaires/q012.json","1","Social Attunement","hyper-attuned","conditional_only","conditional_only","when","I notice when a group instinctively leaves a chair empty next to someone they find socially difficult."
"live_questionnaire","data/questionnaires/q012.json","2","Reactivity","high-reactive","no_lexical_cue","","","A smell connected to a past experience can instantly transport me into the full emotional state of that time."
"live_questionnaire","data/questionnaires/q012.json","3","Conscientiousness","conscientious","no_lexical_cue","","","I create project timelines with specific milestones and check-in points."
"live_questionnaire","data/questionnaires/q012.json","4","Empathy","empathy","conditional_only","conditional_only","When","When someone shares a painful experience, the fact of their pain carries real weight in my mind."
"live_questionnaire","data/questionnaires/q012.json","5","Reactivity","low-reactive","conditional_only","conditional_only","when","I notice that I can attend to multiple tasks even when something emotional is unresolved."
"live_questionnaire","data/questionnaires/q012.json","6","Social Attunement","hypo-attuned","context_candidate","setting","in a group","I tend to miss the social implications of who gets credit for an idea in a group."
"live_questionnaire","data/questionnaires/q012.json","7","Reactivity","high-reactive","context_candidate","event","bad news","After receiving bad news, I can feel the shock reverberating through my body for hours."
"live_questionnaire","data/questionnaires/q012.json","8","Empathy","detachment","context_candidate","relationship","friend","A friend's ongoing struggle rarely weighs on me."
"live_questionnaire","data/questionnaires/q012.json","9","Self-Orientation","altruism","context_candidate","setting","team","I would trade personal recognition for the satisfaction of knowing my efforts lifted the team."
"live_questionnaire","data/questionnaires/q012.json","10","Self-Orientation","altruism","conditional_only","conditional_only","When","When resources are scarce, I instinctively direct them toward other people first."
"live_questionnaire","data/questionnaires/q012.json","11","Social Attunement","hypo-attuned","no_lexical_cue","","","I do not automatically read into people's tone or body language."
"live_questionnaire","data/questionnaires/q012.json","12","Agency","yielding","no_lexical_cue","","","I enjoy being part of a group that evaluates ideas together without veto power."
"live_questionnaire","data/questionnaires/q012.json","13","Agency","agentic","context_candidate","setting","team","I am the type who builds the team around my vision rather than the other way around."
"live_questionnaire","data/questionnaires/q012.json","14","Social Attunement","hyper-attuned","conditional_only","conditional_only","when","I can tell when a meeting is happening for show rather than for any real decision-making."
"live_questionnaire","data/questionnaires/q012.json","15","Empathy","empathy","no_lexical_cue","","","I am somewhat more moved by other people's hardships than most people I know."
"live_questionnaire","data/questionnaires/q012.json","16","Reactivity","low-reactive","no_lexical_cue","","","I tend to process grief in a measured, gradual way rather than in sudden, overwhelming waves."
"live_questionnaire","data/questionnaires/q012.json","17","Empathy","detachment","context_candidate","event","suffering","Other people's suffering is mostly their concern, not mine."
"live_questionnaire","data/questionnaires/q012.json","18","Empathy","detachment","conditional_only","conditional_only","When","When someone tells me about something painful that happened to them, I rarely feel any pull to comfort them."
"live_questionnaire","data/questionnaires/q012.json","19","Conscientiousness","spontaneous","conditional_only","conditional_only","when","I feel most productive when I have the freedom to shift direction at any moment."
"live_questionnaire","data/questionnaires/q012.json","20","Conscientiousness","conscientious","no_lexical_cue","","","I systematically review and update my plans as new information becomes available."
"live_questionnaire","data/questionnaires/q012.json","21","Agency","agentic","no_lexical_cue","","","I commonly find myself the one editing and finalizing group deliverables."
"live_questionnaire","data/questionnaires/q012.json","22","Social Attunement","hypo-attuned","conditional_only","conditional_only","when","I rarely register when someone raises their eyebrows briefly to acknowledge a shared understanding."
"live_questionnaire","data/questionnaires/q012.json","23","Social Attunement","hyper-attuned","conditional_only","conditional_only","when; before","I can tell when two people have had a private conversation before a group meeting based on how they interact."
"live_questionnaire","data/questionnaires/q012.json","24","Self-Orientation","self-focus","no_lexical_cue","","","I routinely stockpile resources—savings, knowledge, connections—for my own future use."
"live_questionnaire","data/questionnaires/q012.json","25","Agency","yielding","context_candidate","event","disagreements","I prefer to resolve disagreements through dialogue rather than any form of rank."
"live_questionnaire","data/questionnaires/q012.json","26","Self-Orientation","altruism","no_lexical_cue","","","I would trade a comfortable retirement for the chance to fund someone else's education."
"live_questionnaire","data/questionnaires/q012.json","27","Self-Orientation","self-focus","no_lexical_cue","","","I routinely invest in education and training that advances my own skills."
"live_questionnaire","data/questionnaires/q012.json","28","Conscientiousness","conscientious","conditional_only","conditional_only","before","I pre-read materials before classes, workshops, or events so I can engage more deeply."
"live_questionnaire","data/questionnaires/q012.json","29","Self-Orientation","self-focus","no_lexical_cue","","","I routinely track my personal progress and set benchmarks for my own improvement."
"live_questionnaire","data/questionnaires/q012.json","30","Agency","yielding","no_lexical_cue","","","I enjoy the freedom that comes with not being the person in charge."
"live_questionnaire","data/questionnaires/q012.json","31","Conscientiousness","spontaneous","no_lexical_cue","","","I trust that I can handle whatever comes up, so I don't waste time on contingency plans."
"live_questionnaire","data/questionnaires/q012.json","32","Reactivity","high-reactive","no_lexical_cue","","","I am easily brought to goosebumps by music, words, or images that strike the right chord."
"live_questionnaire","data/questionnaires/q012.json","33","Reactivity","low-reactive","no_lexical_cue","","","My emotional responses are proportional and consistent, which gives me a sense of reliability."
"live_questionnaire","data/questionnaires/q012.json","34","Empathy","empathy","context_candidate","event","suffering","Thinking about suffering that future generations may face gives me a genuine wish to prevent it."
"live_questionnaire","data/questionnaires/q012.json","35","Conscientiousness","spontaneous","no_lexical_cue","","","I shop and pack based on what occurs to me in the moment rather than from a list."
"live_questionnaire","data/questionnaires/q012.json","36","Agency","agentic","context_candidate","setting","in a discussion","I find it rewarding to have the final word in a discussion."
"live_questionnaire","data/questionnaires/q013.json","1","Empathy","detachment","conditional_only","conditional_only","When","When I recognize that someone could be seriously hurt, preventing that harm rarely matters to me."
"live_questionnaire","data/questionnaires/q013.json","2","Conscientiousness","spontaneous","conditional_only","conditional_only","when","I notice expired items when I happen to come across them, not on a set schedule."
"live_questionnaire","data/questionnaires/q013.json","3","Agency","agentic","conditional_only","conditional_only","before","I make a point of having the last say before a group commits to a course of action."
"live_questionnaire","data/questionnaires/q013.json","4","Reactivity","low-reactive","no_lexical_cue","","","I experience the end of a meaningful period — a trip, a project, a visit — with quiet acceptance rather than anguish."
"live_questionnaire","data/questionnaires/q013.json","5","Self-Orientation","altruism","conditional_only","conditional_only","when","I feel most purposeful when I am tutoring, coaching, or guiding someone through a challenge."
"live_questionnaire","data/questionnaires/q013.json","6","Self-Orientation","altruism","no_lexical_cue","","","I tend to spend my weekends doing things for other people rather than pursuing my own hobbies."
"live_questionnaire","data/questionnaires/q013.json","7","Self-Orientation","self-focus","conditional_only","conditional_only","when","I tend to pick the option that strengthens my personal position, even when alternatives would benefit the group more."
"live_questionnaire","data/questionnaires/q013.json","8","Agency","agentic","no_lexical_cue","","","I often reshape a project's scope based on my own assessment of what matters."
"live_questionnaire","data/questionnaires/q013.json","9","Social Attunement","hyper-attuned","no_lexical_cue","","","I can read the atmosphere of a meeting within seconds of walking in."
"live_questionnaire","data/questionnaires/q013.json","10","Reactivity","high-reactive","no_lexical_cue","","","I experience the buildup to an important event as a nearly unbearable crescendo of feeling."
"live_questionnaire","data/questionnaires/q013.json","11","Self-Orientation","altruism","no_lexical_cue","","","I find it genuinely easier to give than to receive."
"live_questionnaire","data/questionnaires/q013.json","12","Social Attunement","hypo-attuned","conditional_only","conditional_only","when","I do not usually notice when someone answers a question for another person to control the narrative."
"live_questionnaire","data/questionnaires/q013.json","13","Social Attunement","hyper-attuned","conditional_only","conditional_only","when","I sense when a person is choosing to sit in a specific seat because of who is already sitting where."
"live_questionnaire","data/questionnaires/q013.json","14","Social Attunement","hypo-attuned","conditional_only","conditional_only","when; after","I usually do not notice when someone adjusts their behavior after getting a social signal from someone else."
"live_questionnaire","data/questionnaires/q013.json","15","Conscientiousness","conscientious","conditional_only","conditional_only","before","I prepare agendas before any meeting I'm responsible for."
"live_questionnaire","data/questionnaires/q013.json","16","Empathy","empathy","context_candidate","event","suffering","As I consider evidence about someone's circumstances, the suffering involved has real weight for me."
"live_questionnaire","data/questionnaires/q013.json","17","Agency","agentic","no_lexical_cue","","","I have a strong desire to leave my mark on the things I work on."
"live_questionnaire","data/questionnaires/q013.json","18","Agency","yielding","no_lexical_cue","","","I trust that the group will find its way forward without one person driving."
"live_questionnaire","data/questionnaires/q013.json","19","Empathy","empathy","no_lexical_cue","","","I find that I cannot simply turn off my concern for someone once I have seen their pain."
"live_questionnaire","data/questionnaires/q013.json","20","Reactivity","high-reactive","context_candidate","event","conflict","I find it hard to be around conflict because my body reacts so strongly to tension."
"live_questionnaire","data/questionnaires/q013.json","21","Reactivity","low-reactive","no_lexical_cue","","","My internal state resembles a deep, slow river — there is movement, but it is steady and unhurried."
"live_questionnaire","data/questionnaires/q013.json","22","Social Attunement","hyper-attuned","no_lexical_cue","","","I notice the way people edit their stories in real time based on the reactions they are getting."
"live_questionnaire","data/questionnaires/q013.json","23","Social Attunement","hypo-attuned","no_lexical_cue","","","I tend to miss the way people calibrate how much personal information to share based on their read of the room."
"live_questionnaire","data/questionnaires/q013.json","24","Conscientiousness","conscientious","no_lexical_cue","","","I feel uncomfortable starting a project without a clear outline of the steps involved."
"live_questionnaire","data/questionnaires/q013.json","25","Empathy","detachment","no_lexical_cue","","","Hearing that someone is going through a hard time rarely changes how I think about my own day."
"live_questionnaire","data/questionnaires/q013.json","26","Reactivity","high-reactive","context_candidate","event","unexpected","When I hear unexpected good news, the rush of feeling is so strong I sometimes have to sit down."
"live_questionnaire","data/questionnaires/q013.json","27","Reactivity","low-reactive","conditional_only","conditional_only","after","I rarely feel the need to decompress emotionally after social interactions."
"live_questionnaire","data/questionnaires/q013.json","28","Empathy","detachment","conditional_only","conditional_only","When","When someone I love is going through something painful, I feel little wish to ease it."
"live_questionnaire","data/questionnaires/q013.json","29","Agency","yielding","conditional_only","conditional_only","when","I feel most in my element when the go or no-go call is a genuine group decision."
"live_questionnaire","data/questionnaires/q013.json","30","Empathy","empathy","no_lexical_cue","","","Another person's pain matters to me whether or not I feel it myself."
"live_questionnaire","data/questionnaires/q013.json","31","Self-Orientation","self-focus","no_lexical_cue","","","I believe that my most important competition is with my past self, and I intend to keep winning."
"live_questionnaire","data/questionnaires/q013.json","32","Self-Orientation","self-focus","no_lexical_cue","","","I feel that splurging on a personal passion project is money well spent."
"live_questionnaire","data/questionnaires/q013.json","33","Conscientiousness","spontaneous","context_candidate","setting","in conversation","I share information as I learn it, refining my understanding in conversation."
"live_questionnaire","data/questionnaires/q013.json","34","Agency","yielding","no_lexical_cue","","","I take pride in the behind-the-scenes work that makes a project succeed."
"live_questionnaire","data/questionnaires/q013.json","35","Conscientiousness","conscientious","no_lexical_cue","","","I keep a log of what I accomplish each day to maintain awareness of my productivity."
"live_questionnaire","data/questionnaires/q013.json","36","Conscientiousness","spontaneous","conditional_only","conditional_only","When","When facing a decision, I often go with my first instinct rather than deliberating at length."
"live_questionnaire","data/questionnaires/q014.json","1","Social Attunement","hypo-attuned","conditional_only","conditional_only","when","I find it puzzling when people say one thing but apparently mean another."
"live_questionnaire","data/questionnaires/q014.json","2","Agency","agentic","no_lexical_cue","","","I naturally gravitate toward being the person who introduces people and assigns them roles."
"live_questionnaire","data/questionnaires/q014.json","3","Reactivity","low-reactive","no_lexical_cue","","","I rarely feel the kind of emotional urgency that demands immediate action."
"live_questionnaire","data/questionnaires/q014.json","4","Self-Orientation","self-focus","no_lexical_cue","","","I tend to frame career conversations around my own aspirations and what I need to get there."
"live_questionnaire","data/questionnaires/q014.json","5","Self-Orientation","self-focus","no_lexical_cue","","","I routinely research and pursue opportunities that specifically strengthen my resume or portfolio."
"live_questionnaire","data/questionnaires/q014.json","6","Agency","yielding","context_candidate","setting","in group","I often end up as the reliable supporter in group projects."
"live_questionnaire","data/questionnaires/q014.json","7","Empathy","detachment","no_lexical_cue","","","Other people's pain seldom feels like something that requires a response from me."
"live_questionnaire","data/questionnaires/q014.json","8","Social Attunement","hyper-attuned","conditional_only","conditional_only","when","I sense when an invitation was extended to one person but worded to include the group so it would not seem exclusive."
"live_questionnaire","data/questionnaires/q014.json","9","Empathy","detachment","context_candidate","event","crisis","Hearing about a crisis affecting others seldom leaves me wanting anything to change for them."
"live_questionnaire","data/questionnaires/q014.json","10","Social Attunement","hyper-attuned","conditional_only","conditional_only","when; during","I notice when someone glances at the clock or door during a conversation, signaling they have mentally left."
"live_questionnaire","data/questionnaires/q014.json","11","Conscientiousness","spontaneous","no_lexical_cue","","","I let the scope of a task reveal itself as I work rather than defining it upfront."
"live_questionnaire","data/questionnaires/q014.json","12","Reactivity","low-reactive","context_candidate","event","stress","I notice that I don't carry the physical tension patterns that many people associate with stress."
"live_questionnaire","data/questionnaires/q014.json","13","Reactivity","high-reactive","conditional_only","conditional_only","When","When something wonderful happens, my elation is so strong it can feel almost manic."
"live_questionnaire","data/questionnaires/q014.json","14","Empathy","empathy","context_candidate","event","suffering","When a report describes people's suffering in impersonal terms, I still care about the people behind it."
"live_questionnaire","data/questionnaires/q014.json","15","Conscientiousness","spontaneous","no_lexical_cue","","","I value speed and momentum over precision in the early stages of any effort."
"live_questionnaire","data/questionnaires/q014.json","16","Agency","yielding","no_lexical_cue","","","I am inclined to keep options open until the group has weighed in."
"live_questionnaire","data/questionnaires/q014.json","17","Conscientiousness","conscientious","no_lexical_cue","","","I value predictability in my daily routine because it lets me focus on what matters."
"live_questionnaire","data/questionnaires/q014.json","18","Empathy","empathy","context_candidate","event","suffering","Most of the time, other people's suffering feels important to me."
"live_questionnaire","data/questionnaires/q014.json","19","Empathy","detachment","conditional_only","conditional_only","when","Even when I am convinced that someone is being harmed, I feel little wish to see it stop."
"live_questionnaire","data/questionnaires/q014.json","20","Empathy","empathy","context_candidate","event","suffering","When people are suffering, I want things to get better for them, whether or not I know them."
"live_questionnaire","data/questionnaires/q014.json","21","Agency","agentic","conditional_only","conditional_only","when","I instinctively create a chain of command when I work with others."
"live_questionnaire","data/questionnaires/q014.json","22","Self-Orientation","altruism","no_lexical_cue","","","I would relocate to be closer to someone who needs my daily support."
"live_questionnaire","data/questionnaires/q014.json","23","Reactivity","low-reactive","no_lexical_cue","","","I tend to receive compliments and praise with a sense of quiet satisfaction rather than elation."
"live_questionnaire","data/questionnaires/q014.json","24","Agency","agentic","no_lexical_cue","","","I tend to direct the flow of conversation toward outcomes I envision."
"live_questionnaire","data/questionnaires/q014.json","25","Social Attunement","hypo-attuned","conditional_only","conditional_only","when; before","I do not pick up on when someone is testing my reaction before committing to a stance."
"live_questionnaire","data/questionnaires/q014.json","26","Conscientiousness","conscientious","no_lexical_cue","","","I use tools like spreadsheets, project boards, or apps to keep my life organized."
"live_questionnaire","data/questionnaires/q014.json","27","Social Attunement","hypo-attuned","no_lexical_cue","","","I often do not realize that a conversation had multiple layers until someone explains it to me afterward."
"live_questionnaire","data/questionnaires/q014.json","28","Reactivity","high-reactive","context_candidate","event","rejected","When I feel rejected, the pain is immediate, physical, and consuming."
"live_questionnaire","data/questionnaires/q014.json","29","Social Attunement","hyper-attuned","no_lexical_cue","","","I notice the social signals that indicate someone is ready to end a conversation."
"live_questionnaire","data/questionnaires/q014.json","30","Self-Orientation","self-focus","no_lexical_cue","","","I routinely update my personal goals and adjust my life to match them."
"live_questionnaire","data/questionnaires/q014.json","31","Self-Orientation","altruism","conditional_only","conditional_only","when; before","I feel most at peace when I know I have put others before myself."
"live_questionnaire","data/questionnaires/q014.json","32","Agency","yielding","no_lexical_cue","","","I speak in a way that signals the discussion remains open for others to shape."
"live_questionnaire","data/questionnaires/q014.json","33","Conscientiousness","spontaneous","no_lexical_cue","","","I'd rather try something immediately and learn from the result than spend time planning it out."
"live_questionnaire","data/questionnaires/q014.json","34","Reactivity","high-reactive","context_candidate","event","argument","I notice that witnessing an argument between other people activates my own nervous system as if I'm involved."
"live_questionnaire","data/questionnaires/q014.json","35","Conscientiousness","conscientious","no_lexical_cue","","","I plan my week on Sunday evening so Monday morning starts with clarity."
"live_questionnaire","data/questionnaires/q014.json","36","Self-Orientation","altruism","no_lexical_cue","","","I would rather go without something I want so that someone else can have what they need."
"live_questionnaire","data/questionnaires/q015.json","1","Conscientiousness","spontaneous","no_lexical_cue","","","I focus on creating the conditions for a great present and let the future emerge from that."
"live_questionnaire","data/questionnaires/q015.json","2","Social Attunement","hyper-attuned","context_candidate","setting","in the group","I notice when two people have developed private shorthand or inside references that exclude others in the group."
"live_questionnaire","data/questionnaires/q015.json","3","Self-Orientation","altruism","no_lexical_cue","","","I routinely pick up litter, fix broken things, and tidy shared spaces without being asked."
"live_questionnaire","data/questionnaires/q015.json","4","Conscientiousness","conscientious","no_lexical_cue","","","I set recurring calendar events for tasks that need to happen regularly."
"live_questionnaire","data/questionnaires/q015.json","5","Agency","yielding","context_candidate","setting","team","I feel most capable when authority is shared across team members in a domain."
"live_questionnaire","data/questionnaires/q015.json","6","Empathy","detachment","context_candidate","event","suffering","Knowing that someone will keep suffering rarely bothers me."
"live_questionnaire","data/questionnaires/q015.json","7","Agency","yielding","no_lexical_cue","","","I instinctively adapt to whatever structure the group has established."
"live_questionnaire","data/questionnaires/q015.json","8","Conscientiousness","conscientious","no_lexical_cue","","","I establish naming conventions for my files so I can search for them easily."
"live_questionnaire","data/questionnaires/q015.json","9","Empathy","empathy","no_lexical_cue","","","Once I know that someone is in serious pain, their wellbeing matters a great deal to me."
"live_questionnaire","data/questionnaires/q015.json","10","Self-Orientation","self-focus","no_lexical_cue","","","I routinely make lifestyle choices that reflect my personal standards and aspirations."
"live_questionnaire","data/questionnaires/q015.json","11","Reactivity","low-reactive","no_lexical_cue","","","I notice that my hands stay steady and my voice stays even in situations that rattle other people."
"live_questionnaire","data/questionnaires/q015.json","12","Empathy","detachment","no_lexical_cue","","","I am often less concerned about other people's troubles than the people around me are."
"live_questionnaire","data/questionnaires/q015.json","13","Self-Orientation","altruism","context_candidate","relationship","friend; colleague; family","I often cancel my own plans to help a friend, colleague, or family member."
"live_questionnaire","data/questionnaires/q015.json","14","Social Attunement","hypo-attuned","context_candidate","event","conflict","I tend to miss the warning signs that a conversation is heading toward conflict."
"live_questionnaire","data/questionnaires/q015.json","15","Agency","agentic","no_lexical_cue","","","I am comfortable unilaterally canceling plans that I think are not working."
"live_questionnaire","data/questionnaires/q015.json","16","Social Attunement","hypo-attuned","conditional_only","conditional_only","when","I rarely sense when a social environment has an implicit dress code or behavioral code that I am violating."
"live_questionnaire","data/questionnaires/q015.json","17","Social Attunement","hyper-attuned","conditional_only","conditional_only","when","I notice when a group's laughter is directed at someone rather than shared with them."
"live_questionnaire","data/questionnaires/q015.json","18","Reactivity","high-reactive","conditional_only","conditional_only","when","I notice that when multiple emotions arrive at once, the overload can feel physically paralyzing."
"live_questionnaire","data/questionnaires/q015.json","19","Reactivity","high-reactive","conditional_only","conditional_only","After; if","After an emotionally charged event, I feel like I need to recover as if from physical exertion."
"live_questionnaire","data/questionnaires/q015.json","20","Social Attunement","hyper-attuned","context_candidate","event","argument","I can tell when a couple is mid-argument even though they are being perfectly civil in public."
"live_questionnaire","data/questionnaires/q015.json","21","Agency","agentic","no_lexical_cue","","","I proactively recruit people to my initiatives."
"live_questionnaire","data/questionnaires/q015.json","22","Empathy","empathy","conditional_only","conditional_only","when","Another person's wellbeing matters to me even when I do not feel close to them."
"live_questionnaire","data/questionnaires/q015.json","23","Conscientiousness","spontaneous","no_lexical_cue","","","I let each morning develop its own rhythm instead of front-loading priority tasks."
"live_questionnaire","data/questionnaires/q015.json","24","Social Attunement","hypo-attuned","conditional_only","conditional_only","when","I rarely sense when someone is tailoring their message based on who is listening."
"live_questionnaire","data/questionnaires/q015.json","25","Reactivity","low-reactive","no_lexical_cue","","","I can remain focused and clearheaded even in high-pressure situations."
"live_questionnaire","data/questionnaires/q015.json","26","Reactivity","high-reactive","no_lexical_cue","","","I experience the surprise of being startled not as a brief jolt but as a lingering rush of adrenaline."
"live_questionnaire","data/questionnaires/q015.json","27","Agency","yielding","conditional_only","conditional_only","when","I tend to let the group decide when the meeting wraps and what the next steps are."
"live_questionnaire","data/questionnaires/q015.json","28","Self-Orientation","altruism","no_lexical_cue","","","I routinely accept the worst option for myself so that others can have the better one."
"live_questionnaire","data/questionnaires/q015.json","29","Conscientiousness","conscientious","conditional_only","conditional_only","when","I feel a genuine sense of accomplishment when I execute a plan exactly as designed."
"live_questionnaire","data/questionnaires/q015.json","30","Self-Orientation","self-focus","no_lexical_cue","","","I routinely treat myself to experiences and products that bring me personal joy."
"live_questionnaire","data/questionnaires/q015.json","31","Self-Orientation","self-focus","no_lexical_cue","","","I tend to choose mentors and advisors based on how they can accelerate my personal growth."
"live_questionnaire","data/questionnaires/q015.json","32","Conscientiousness","spontaneous","no_lexical_cue","","","I throw things together at the last minute and it usually works out fine."
"live_questionnaire","data/questionnaires/q015.json","33","Empathy","empathy","conditional_only","conditional_only","when","It is hard for me to turn away from someone's pain, even when I can't fix it."
"live_questionnaire","data/questionnaires/q015.json","34","Empathy","detachment","context_candidate","event","suffering","A person's suffering rarely changes what I hope will happen for them."
"live_questionnaire","data/questionnaires/q015.json","35","Reactivity","low-reactive","context_candidate","event","stress","I experience daily frustrations — traffic, delays, minor inconveniences — without a noticeable rise in my stress level."
"live_questionnaire","data/questionnaires/q015.json","36","Agency","agentic","no_lexical_cue","","","I enjoy the weight of responsibility that comes with leading."
"live_questionnaire","data/questionnaires/q016.json","1","Agency","yielding","conditional_only","conditional_only","if","I often yield to the group's preferred approach, even if mine differs."
"live_questionnaire","data/questionnaires/q016.json","2","Self-Orientation","self-focus","no_lexical_cue","","","I tend to measure a good day by how much progress I made on my own goals."
"live_questionnaire","data/questionnaires/q016.json","3","Self-Orientation","self-focus","no_lexical_cue","","","I tend to choose my battles based on what matters most to my own goals."
"live_questionnaire","data/questionnaires/q016.json","4","Reactivity","low-reactive","no_lexical_cue","","","My body stays in a state of relaxed readiness regardless of the emotional temperature around me."
"live_questionnaire","data/questionnaires/q016.json","5","Agency","agentic","no_lexical_cue","","","I often proactively define the criteria for who gets to participate in key discussions."
"live_questionnaire","data/questionnaires/q016.json","6","Reactivity","low-reactive","no_lexical_cue","","","I tend to respond to emotional provocations with a measured internal response rather than a visceral one."
"live_questionnaire","data/questionnaires/q016.json","7","Empathy","detachment","context_candidate","event","suffering","The suffering of people I see as outside my group rarely concerns me."
"live_questionnaire","data/questionnaires/q016.json","8","Empathy","detachment","no_lexical_cue","","","I rarely feel drawn to check in on people who are having a hard time."
"live_questionnaire","data/questionnaires/q016.json","9","Reactivity","high-reactive","no_lexical_cue","","","A photograph from the past can plunge me back into the feelings of that era with startling force."
"live_questionnaire","data/questionnaires/q016.json","10","Reactivity","low-reactive","context_candidate","event","criticism","I can receive criticism without it sending a jolt through my system."
"live_questionnaire","data/questionnaires/q016.json","11","Conscientiousness","conscientious","conditional_only","conditional_only","when","I clean as I go when cooking or working on a project to avoid a big mess at the end."
"live_questionnaire","data/questionnaires/q016.json","12","Empathy","empathy","context_candidate","event","suffering","When I reason through a situation in which someone is suffering, easing their pain matters to me."
"live_questionnaire","data/questionnaires/q016.json","13","Conscientiousness","spontaneous","conditional_only","conditional_only","when","I'm comfortable leaving things unfinished, trusting I'll return to them when the time is right."
"live_questionnaire","data/questionnaires/q016.json","14","Empathy","empathy","no_lexical_cue","","","I feel that the weight of another person's struggle is something I carry with me, not something I observe from a distance."
"live_questionnaire","data/questionnaires/q016.json","15","Reactivity","high-reactive","conditional_only","conditional_only","after","I notice that my system takes much longer than others' to recalibrate after a disruptive event."
"live_questionnaire","data/questionnaires/q016.json","16","Self-Orientation","altruism","context_candidate","relationship","family","I would work a job I dislike if it meant my family or community benefited greatly."
"live_questionnaire","data/questionnaires/q016.json","17","Agency","yielding","no_lexical_cue","","","I am wired to flag what seems broken and let the group decide how to address it."
"live_questionnaire","data/questionnaires/q016.json","18","Conscientiousness","spontaneous","conditional_only","conditional_only","when","I eat when I'm hungry and exercise when I feel like it, without a fixed schedule."
"live_questionnaire","data/questionnaires/q016.json","19","Conscientiousness","spontaneous","no_lexical_cue","","","I jump into the deep end with new skills and piece together understanding through experience."
"live_questionnaire","data/questionnaires/q016.json","20","Conscientiousness","conscientious","no_lexical_cue","","","I maintain separate spaces or systems for different areas of my life to avoid confusion."
"live_questionnaire","data/questionnaires/q016.json","21","Social Attunement","hyper-attuned","context_candidate","relationship","friend","I detect when a friend group has a designated peacekeeper who steps in at predictable moments."
"live_questionnaire","data/questionnaires/q016.json","22","Agency","yielding","conditional_only","conditional_only","when","I find it easy to go along with the group's direction, even when I have reservations."
"live_questionnaire","data/questionnaires/q016.json","23","Self-Orientation","altruism","conditional_only","conditional_only","when","I feel most aligned with my values when I am serving a purpose bigger than myself."
"live_questionnaire","data/questionnaires/q016.json","24","Reactivity","high-reactive","conditional_only","conditional_only","When","When I'm excited about something, I feel it in every cell of my body."
"live_questionnaire","data/questionnaires/q016.json","25","Empathy","empathy","no_lexical_cue","","","Evidence that people are experiencing preventable pain makes me want that pain relieved."
"live_questionnaire","data/questionnaires/q016.json","26","Agency","agentic","no_lexical_cue","","","I enjoy naming the problem and telling the group how we will solve it."
"live_questionnaire","data/questionnaires/q016.json","27","Social Attunement","hypo-attuned","conditional_only","conditional_only","when","I tend to be unaware of when someone is matching my energy level to put me at ease."
"live_questionnaire","data/questionnaires/q016.json","28","Social Attunement","hyper-attuned","context_candidate","setting","social gathering","I can feel when a social gathering has an invisible guest list that determines who was and was not expected."
"live_questionnaire","data/questionnaires/q016.json","29","Self-Orientation","altruism","no_lexical_cue","","","I find that deflecting praise and redirecting it to others feels natural and right."
"live_questionnaire","data/questionnaires/q016.json","30","Self-Orientation","self-focus","no_lexical_cue","","","I routinely choose quality-of-life improvements for myself over gifts for others."
"live_questionnaire","data/questionnaires/q016.json","31","Social Attunement","hypo-attuned","conditional_only","conditional_only","when","I tend to miss when a conversation has a dual purpose beyond its surface topic."
"live_questionnaire","data/questionnaires/q016.json","32","Social Attunement","hypo-attuned","conditional_only","conditional_only","when","I do not naturally notice when a conversation between two people nearby is meant for me to overhear."
"live_questionnaire","data/questionnaires/q016.json","33","Agency","agentic","no_lexical_cue","","","I am the type who creates the rules of engagement for a group."
"live_questionnaire","data/questionnaires/q016.json","34","Conscientiousness","conscientious","no_lexical_cue","","","I invest time in building habits that will pay dividends over months and years."
"live_questionnaire","data/questionnaires/q016.json","35","Social Attunement","hyper-attuned","context_candidate","setting","social situation","I feel like I have a sixth sense for when something is off in a social situation."
"live_questionnaire","data/questionnaires/q016.json","36","Empathy","detachment","no_lexical_cue","","","Evidence of preventable harm to others seldom makes me want to do anything about it."
"live_questionnaire","data/questionnaires/q017.json","1","Reactivity","low-reactive","conditional_only","conditional_only","if","I notice that people sometimes wonder if I'm affected by things, but I simply process them at a lower volume."
"live_questionnaire","data/questionnaires/q017.json","2","Self-Orientation","altruism","no_lexical_cue","","","I tend to take on the overnight shift or the early morning slot so others can have the easier schedule."
"live_questionnaire","data/questionnaires/q017.json","3","Social Attunement","hyper-attuned","no_lexical_cue","","","I sense the difference between a group that is comfortable with each other and a group that is performing comfort."
"live_questionnaire","data/questionnaires/q017.json","4","Self-Orientation","self-focus","no_lexical_cue","","","I routinely surround myself with people and environments that elevate my personal trajectory."
"live_questionnaire","data/questionnaires/q017.json","5","Empathy","detachment","context_candidate","event","suffering","I forget about other people's suffering as soon as I have something else to think about."
"live_questionnaire","data/questionnaires/q017.json","6","Self-Orientation","altruism","context_candidate","relationship","colleague","I routinely stay late to help a colleague finish their work, even when mine is already done."
"live_questionnaire","data/questionnaires/q017.json","7","Reactivity","high-reactive","no_lexical_cue","","","I notice that even subtle shifts in atmosphere — a room going quiet, a change in tone — hit me with force."
"live_questionnaire","data/questionnaires/q017.json","8","Social Attunement","hypo-attuned","conditional_only","conditional_only","when","I find that I generally miss when someone uses my name mid-conversation to increase intimacy or pressure."
"live_questionnaire","data/questionnaires/q017.json","9","Social Attunement","hypo-attuned","conditional_only","conditional_only","when","I do not naturally sense when someone wants to be contradicted rather than agreed with."
"live_questionnaire","data/questionnaires/q017.json","10","Self-Orientation","altruism","no_lexical_cue","","","I routinely gather extra supplies so I can offer them to anyone in my circle who runs short."
"live_questionnaire","data/questionnaires/q017.json","11","Agency","agentic","no_lexical_cue","","","I would rather lead a small group than follow in a large one."
"live_questionnaire","data/questionnaires/q017.json","12","Empathy","detachment","context_candidate","event","difficult time","When I learn that someone I know is going through a difficult time, my first instinct is rarely to consider how I might help."
"live_questionnaire","data/questionnaires/q017.json","13","Conscientiousness","conscientious","conditional_only","conditional_only","when; if","I feel more in control when I have a plan, even if it needs to be adjusted later."
"live_questionnaire","data/questionnaires/q017.json","14","Social Attunement","hypo-attuned","context_candidate","setting","in a conversation","I rarely detect when a person's interest in a conversation suddenly spikes because of something specific that was said."
"live_questionnaire","data/questionnaires/q017.json","15","Empathy","empathy","context_candidate","relationship","friend","When a friend is hurting, I usually want to help."
"live_questionnaire","data/questionnaires/q017.json","16","Empathy","empathy","context_candidate","event","suffering","Even after hearing only a brief account of someone's suffering, I care what happens to them."
"live_questionnaire","data/questionnaires/q017.json","17","Conscientiousness","spontaneous","no_lexical_cue","","","I tend to work on whatever grabs my attention rather than following a priority list."
"live_questionnaire","data/questionnaires/q017.json","18","Agency","yielding","context_candidate","setting","team","I enjoy adapting to and reinforcing the culture that already exists on a team."
"live_questionnaire","data/questionnaires/q017.json","19","Social Attunement","hyper-attuned","conditional_only","conditional_only","before","I often know what someone is about to say before they say it based on context cues."
"live_questionnaire","data/questionnaires/q017.json","20","Self-Orientation","self-focus","no_lexical_cue","","","I find that decorating my space exactly to my taste improves my daily mood and output."
"live_questionnaire","data/questionnaires/q017.json","21","Social Attunement","hyper-attuned","conditional_only","conditional_only","when","I detect when someone uses a nickname versus a full name to signal the current state of a relationship."
"live_questionnaire","data/questionnaires/q017.json","22","Conscientiousness","spontaneous","no_lexical_cue","","","I give others a quick overview and trust them to figure out the details their own way."
"live_questionnaire","data/questionnaires/q017.json","23","Agency","agentic","conditional_only","conditional_only","before","I actively lobby for my perspective before a group makes a decision."
"live_questionnaire","data/questionnaires/q017.json","24","Reactivity","low-reactive","no_lexical_cue","","","I experience the feeling of being startled as a brief flash that dissipates almost immediately."
"live_questionnaire","data/questionnaires/q017.json","25","Conscientiousness","conscientious","no_lexical_cue","","","I establish personal policies for recurring decisions so I don't have to deliberate each time."
"live_questionnaire","data/questionnaires/q017.json","26","Self-Orientation","self-focus","no_lexical_cue","","","I tend to make major life decisions based primarily on what excites and fulfills me."
"live_questionnaire","data/questionnaires/q017.json","27","Agency","yielding","context_candidate","setting","team","I find it energizing to be part of a team that navigates challenges together."
"live_questionnaire","data/questionnaires/q017.json","28","Agency","yielding","no_lexical_cue","","","I naturally defer to others in informal group settings."
"live_questionnaire","data/questionnaires/q017.json","29","Empathy","detachment","no_lexical_cue","","","Someone's pain stops mattering to me almost as soon as I stop seeing it."
"live_questionnaire","data/questionnaires/q017.json","30","Reactivity","high-reactive","no_lexical_cue","","","I tend to feel the emotional stakes of a situation far more intensely than the practical stakes."
"live_questionnaire","data/questionnaires/q017.json","31","Reactivity","high-reactive","conditional_only","conditional_only","When","When I feel wronged, the indignation is so intense it can keep me awake at night."
"live_questionnaire","data/questionnaires/q017.json","32","Conscientiousness","spontaneous","no_lexical_cue","","","I head out the door and figure out what I forgot along the way."
"live_questionnaire","data/questionnaires/q017.json","33","Reactivity","low-reactive","no_lexical_cue","","","I notice that I can hold space for difficult conversations without my own equilibrium being disrupted."
"live_questionnaire","data/questionnaires/q017.json","34","Conscientiousness","conscientious","no_lexical_cue","","","I use consistent formats and templates for recurring communications."
"live_questionnaire","data/questionnaires/q017.json","35","Empathy","empathy","conditional_only","conditional_only","when","Another person's hardship pulls at me even when responding is difficult."
"live_questionnaire","data/questionnaires/q017.json","36","Agency","agentic","no_lexical_cue","","","I volunteer to chair committees or working groups without hesitation."
"live_questionnaire","data/questionnaires/q018.json","1","Self-Orientation","self-focus","no_lexical_cue","","","I routinely spend my free time on activities that benefit me personally."
"live_questionnaire","data/questionnaires/q018.json","2","Self-Orientation","altruism","context_candidate","setting","team","I would decline an award or honor and redirect attention to the team."
"live_questionnaire","data/questionnaires/q018.json","3","Agency","agentic","no_lexical_cue","","","I see my job as pointing the group in the right direction and clearing the path."
"live_questionnaire","data/questionnaires/q018.json","4","Agency","yielding","conditional_only","conditional_only","when","I feel empowered when the group trusts me enough to share power."
"live_questionnaire","data/questionnaires/q018.json","5","Agency","yielding","no_lexical_cue","","","I naturally distribute decision-making power more broadly as projects progress."
"live_questionnaire","data/questionnaires/q018.json","6","Empathy","empathy","context_candidate","event","difficult time","When I learn that someone I know is going through a difficult time, my first instinct is to consider how I might help."
"live_questionnaire","data/questionnaires/q018.json","7","Social Attunement","hyper-attuned","conditional_only","conditional_only","when","I notice when a person brings up old information at a strategic moment to shift the dynamics of a conversation."
"live_questionnaire","data/questionnaires/q018.json","8","Conscientiousness","conscientious","no_lexical_cue","","","I feel responsible for creating the conditions that will lead to my desired future."
"live_questionnaire","data/questionnaires/q018.json","9","Empathy","detachment","context_candidate","event","bad news","Hearing that someone has had bad news usually doesn't make me want to reach out."
"live_questionnaire","data/questionnaires/q018.json","10","Social Attunement","hypo-attuned","conditional_only","conditional_only","when; during","I rarely notice when someone is posturing for an audience during a meeting."
"live_questionnaire","data/questionnaires/q018.json","11","Reactivity","low-reactive","no_lexical_cue","","","I notice that I can shift my attention away from emotional stimuli relatively easily."
"live_questionnaire","data/questionnaires/q018.json","12","Conscientiousness","conscientious","no_lexical_cue","","","I schedule specific times to check and respond to messages rather than staying reactive."
"live_questionnaire","data/questionnaires/q018.json","13","Social Attunement","hypo-attuned","conditional_only","conditional_only","when","I do not naturally sense when two people are having a power struggle disguised as polite conversation."
"live_questionnaire","data/questionnaires/q018.json","14","Reactivity","low-reactive","no_lexical_cue","","","My baseline state is one of such stability that disruptions feel like small departures rather than upheavals."
"live_questionnaire","data/questionnaires/q018.json","15","Empathy","detachment","conditional_only","conditional_only","after","A person's hardship stops mattering to me soon after I hear about it."
"live_questionnaire","data/questionnaires/q018.json","16","Social Attunement","hyper-attuned","conditional_only","conditional_only","when","I sense when a shared meal or coffee is actually a pretext for a conversation someone needs to have."
"live_questionnaire","data/questionnaires/q018.json","17","Self-Orientation","self-focus","no_lexical_cue","","","I routinely assess whether my current role still serves my personal growth trajectory."
"live_questionnaire","data/questionnaires/q018.json","18","Self-Orientation","altruism","no_lexical_cue","","","I routinely bring extra food, supplies, or materials to share with whoever might need them."
"live_questionnaire","data/questionnaires/q018.json","19","Conscientiousness","spontaneous","conditional_only","conditional_only","whenever","I check and respond to messages whenever they arrive, staying in the flow of communication."
"live_questionnaire","data/questionnaires/q018.json","20","Social Attunement","hyper-attuned","conditional_only","conditional_only","when","I notice when someone positions a request as a suggestion to make it more palatable."
"live_questionnaire","data/questionnaires/q018.json","21","Empathy","detachment","conditional_only","conditional_only","When","When someone shares a painful experience, the fact of their pain carries little weight in my mind."
"live_questionnaire","data/questionnaires/q018.json","22","Empathy","empathy","conditional_only","conditional_only","when","Someone's pain matters even more to me when they have no one else to turn to."
"live_questionnaire","data/questionnaires/q018.json","23","Agency","agentic","context_candidate","event","disagreements","I often take it upon myself to resolve group disagreements by choosing a path."
"live_questionnaire","data/questionnaires/q018.json","24","Conscientiousness","spontaneous","conditional_only","conditional_only","when","I reconnect with people when the impulse strikes rather than tracking our last contact."
"live_questionnaire","data/questionnaires/q018.json","25","Reactivity","high-reactive","conditional_only","conditional_only","When","When I get good news, the euphoria can last for days."
"live_questionnaire","data/questionnaires/q018.json","26","Conscientiousness","conscientious","no_lexical_cue","","","I calibrate my effort to the importance of each task, giving more attention to high-impact work."
"live_questionnaire","data/questionnaires/q018.json","27","Self-Orientation","altruism","no_lexical_cue","","","I tend to share my food, my space, and my belongings without a second thought."
"live_questionnaire","data/questionnaires/q018.json","28","Conscientiousness","spontaneous","no_lexical_cue","","","I learn what I want to achieve by starting to act, not by planning in advance."
"live_questionnaire","data/questionnaires/q018.json","29","Self-Orientation","self-focus","no_lexical_cue","","","I routinely upgrade my personal environment—better lighting, better furniture, better technology."
"live_questionnaire","data/questionnaires/q018.json","30","Reactivity","low-reactive","no_lexical_cue","","","I notice that my emotional reactions to the same type of event are remarkably consistent over time."
"live_questionnaire","data/questionnaires/q018.json","31","Social Attunement","hypo-attuned","conditional_only","conditional_only","during","I tend to be focused on my own train of thought during conversations rather than scanning for reactions."
"live_questionnaire","data/questionnaires/q018.json","32","Agency","agentic","context_candidate","setting","team","I am attracted to opportunities where I can set the tone for a team."
"live_questionnaire","data/questionnaires/q018.json","33","Empathy","empathy","context_candidate","event","suffering","I wish I could relieve suffering I hear about, even when I have no means to."
"live_questionnaire","data/questionnaires/q018.json","34","Reactivity","high-reactive","conditional_only","conditional_only","After; after","After a heated exchange, my body stays in fight-or-flight mode long after the words have stopped."
"live_questionnaire","data/questionnaires/q018.json","35","Reactivity","high-reactive","conditional_only","conditional_only","after","I experience the first moments of waking up after a bad dream as indistinguishable from the terror of the dream itself."
"live_questionnaire","data/questionnaires/q018.json","36","Agency","yielding","no_lexical_cue","","","I prefer that group deliverables be finalized by whoever the group entrusts with that task."
"live_questionnaire","data/questionnaires/q019.json","1","Conscientiousness","conscientious","no_lexical_cue","","","I track my progress methodically to ensure I'm meeting my targets."
"live_questionnaire","data/questionnaires/q019.json","2","Conscientiousness","spontaneous","no_lexical_cue","","","I work on whatever pulls me in, whether it's hard or easy, based on the moment."
"live_questionnaire","data/questionnaires/q019.json","3","Conscientiousness","conscientious","conditional_only","conditional_only","before","I weigh the trade-offs of a decision on paper before committing."
"live_questionnaire","data/questionnaires/q019.json","4","Agency","yielding","conditional_only","conditional_only","when","I thrive when I have the trust of a group that works together."
"live_questionnaire","data/questionnaires/q019.json","5","Self-Orientation","altruism","context_candidate","relationship; event","coworker; family; crisis","I would skip my own vacation to cover for a coworker dealing with a family crisis."
"live_questionnaire","data/questionnaires/q019.json","6","Conscientiousness","conscientious","conditional_only","conditional_only","before","I think about what tools or supplies I'll need before starting a project."
"live_questionnaire","data/questionnaires/q019.json","7","Empathy","detachment","context_candidate","event","suffering","Someone else's suffering rarely makes me want anything at all for them."
"live_questionnaire","data/questionnaires/q019.json","8","Self-Orientation","self-focus","no_lexical_cue","","","I routinely document my own accomplishments so they are recognized and remembered."
"live_questionnaire","data/questionnaires/q019.json","9","Self-Orientation","altruism","no_lexical_cue","","","I routinely set aside a portion of every paycheck specifically for helping others."
"live_questionnaire","data/questionnaires/q019.json","10","Reactivity","low-reactive","no_lexical_cue","","","I experience the quiet moments of life — a still morning, a warm drink — with a gentle appreciation that never tips into intensity."
"live_questionnaire","data/questionnaires/q019.json","11","Agency","yielding","conditional_only","conditional_only","when","I offer feedback only when asked or when the group has a feedback culture in place."
"live_questionnaire","data/questionnaires/q019.json","12","Empathy","detachment","conditional_only","conditional_only","When","When I understand that a person's pain is serious, that fact alone rarely makes me want to help."
"live_questionnaire","data/questionnaires/q019.json","13","Reactivity","low-reactive","no_lexical_cue","","","I notice that major life events produce a proportionate, not outsized, emotional response in me."
"live_questionnaire","data/questionnaires/q019.json","14","Agency","yielding","conditional_only","conditional_only","When","When there is a vacuum of leadership, I look around to see who else might step in."
"live_questionnaire","data/questionnaires/q019.json","15","Social Attunement","hypo-attuned","conditional_only","conditional_only","when","I do not usually detect when a question is rhetorical versus when someone actually wants an answer."
"live_questionnaire","data/questionnaires/q019.json","16","Empathy","empathy","conditional_only","conditional_only","after","Someone's continuing hardship still matters to me long after I first heard about it."
"live_questionnaire","data/questionnaires/q019.json","17","Empathy","empathy","no_lexical_cue","","","I am concerned about what the people around me are going through."
"live_questionnaire","data/questionnaires/q019.json","18","Reactivity","high-reactive","no_lexical_cue","","","I experience boredom not as a quiet absence but as an agitating restlessness."
"live_questionnaire","data/questionnaires/q019.json","19","Self-Orientation","altruism","no_lexical_cue","","","I would use my professional influence to open doors for others rather than to advance my own agenda."
"live_questionnaire","data/questionnaires/q019.json","20","Reactivity","low-reactive","no_lexical_cue","","","My inner emotional life is relatively smooth and consistent."
"live_questionnaire","data/questionnaires/q019.json","21","Social Attunement","hyper-attuned","conditional_only","conditional_only","when; after","I pick up on when a person lingers after a group disperses because they want a private word with someone specific."
"live_questionnaire","data/questionnaires/q019.json","22","Agency","agentic","conditional_only","conditional_only","when","I am quick to declare a path forward when the group is circling."
"live_questionnaire","data/questionnaires/q019.json","23","Empathy","detachment","no_lexical_cue","","","Other people's problems only occasionally seem to matter to me."
"live_questionnaire","data/questionnaires/q019.json","24","Social Attunement","hyper-attuned","context_candidate","setting","in a group","I notice the way certain people in a group look to one specific person before reacting."
"live_questionnaire","data/questionnaires/q019.json","25","Social Attunement","hyper-attuned","conditional_only","conditional_only","when","I notice when people adjust their vocabulary depending on who they are speaking to."
"live_questionnaire","data/questionnaires/q019.json","26","Social Attunement","hypo-attuned","conditional_only","conditional_only","when","I do not naturally sense when a room is tense."
"live_questionnaire","data/questionnaires/q019.json","27","Agency","agentic","context_candidate","setting","team","I am comfortable making commitments on behalf of my team without consulting them first."
"live_questionnaire","data/questionnaires/q019.json","28","Reactivity","high-reactive","conditional_only","conditional_only","if","I notice that strong emotions make me hyper-aware of my heartbeat, as if my body is broadcasting its state."
"live_questionnaire","data/questionnaires/q019.json","29","Social Attunement","hypo-attuned","conditional_only","conditional_only","when","I rarely sense when a person is anchoring a negotiation through seemingly casual conversation."
"live_questionnaire","data/questionnaires/q019.json","30","Conscientiousness","spontaneous","no_lexical_cue","","","I find budgets and financial plans too restrictive and prefer to manage money intuitively."
"live_questionnaire","data/questionnaires/q019.json","31","Self-Orientation","self-focus","no_lexical_cue","","","I tend to exit commitments that no longer align with where I want to go personally."
"live_questionnaire","data/questionnaires/q019.json","32","Self-Orientation","self-focus","no_lexical_cue","","","I tend to keep my most innovative ideas for my own ventures."
"live_questionnaire","data/questionnaires/q019.json","33","Conscientiousness","spontaneous","conditional_only","conditional_only","if","I like to try a different approach each time, even if the old way worked."
"live_questionnaire","data/questionnaires/q019.json","34","Agency","agentic","context_candidate","setting","in group","I often end up as the de facto leader in group projects."
"live_questionnaire","data/questionnaires/q019.json","35","Reactivity","high-reactive","no_lexical_cue","","","I experience moments of tenderness with such intensity that they can bring me to tears."
"live_questionnaire","data/questionnaires/q019.json","36","Empathy","empathy","conditional_only","conditional_only","When","When someone I love is in pain, I feel a strong wish to ease it."
"live_questionnaire","data/questionnaires/q020.json","1","Empathy","empathy","context_candidate","event","bad news","Learning that someone has had bad news usually makes me want to reach out."
"live_questionnaire","data/questionnaires/q020.json","2","Self-Orientation","self-focus","no_lexical_cue","","","I routinely say no to requests that don't align with my personal objectives."
"live_questionnaire","data/questionnaires/q020.json","3","Reactivity","high-reactive","no_lexical_cue","","","I feel the emotional atmosphere of a room the moment I walk in, and it lands in my body immediately."
"live_questionnaire","data/questionnaires/q020.json","4","Conscientiousness","spontaneous","no_lexical_cue","","","I value variety in my daily routine because it keeps me mentally sharp and engaged."
"live_questionnaire","data/questionnaires/q020.json","5","Self-Orientation","altruism","no_lexical_cue","","","I routinely translate, explain, or simplify information so others can access it."
"live_questionnaire","data/questionnaires/q020.json","6","Social Attunement","hyper-attuned","conditional_only","conditional_only","when","I pick up on the way someone's posture shifts when a particular person enters the room."
"live_questionnaire","data/questionnaires/q020.json","7","Empathy","detachment","context_candidate","event","suffering","Hearing that a problem harms many people rarely makes me want their suffering reduced."
"live_questionnaire","data/questionnaires/q020.json","8","Conscientiousness","spontaneous","conditional_only","conditional_only","if","I act on my initial understanding and ask for clarification only if I get stuck."
"live_questionnaire","data/questionnaires/q020.json","9","Self-Orientation","self-focus","conditional_only","conditional_only","when","I feel that when I take care of my own needs, I am better equipped for everything else."
"live_questionnaire","data/questionnaires/q020.json","10","Conscientiousness","spontaneous","no_lexical_cue","","","I prefer to speak off the cuff because rehearsed delivery feels stiff to me."
"live_questionnaire","data/questionnaires/q020.json","11","Empathy","detachment","context_candidate","event","suffering","I don't see other people's private suffering as something I need to be concerned about."
"live_questionnaire","data/questionnaires/q020.json","12","Empathy","empathy","context_candidate","event","suffering","When I am near someone in deep pain, their suffering exists in my awareness as a moral weight that requires a response."
"live_questionnaire","data/questionnaires/q020.json","13","Social Attunement","hypo-attuned","conditional_only","conditional_only","when; after","I do not usually register when a person responds with slightly more distance after I said something they disagreed with."
"live_questionnaire","data/questionnaires/q020.json","14","Social Attunement","hypo-attuned","context_candidate","event","disagreement","I find it difficult to tell whether a group's silence indicates contentment or suppressed disagreement."
"live_questionnaire","data/questionnaires/q020.json","15","Social Attunement","hypo-attuned","conditional_only","conditional_only","when","I do not usually notice when a text message carries emotional subtext that goes beyond the words."
"live_questionnaire","data/questionnaires/q020.json","16","Empathy","empathy","context_candidate","event","suffering","Another person's serious suffering weighs on me."
"live_questionnaire","data/questionnaires/q020.json","17","Reactivity","low-reactive","no_lexical_cue","","","I notice that I can sit with ambiguity and uncertainty without my nervous system escalating."
"live_questionnaire","data/questionnaires/q020.json","18","Conscientiousness","conscientious","no_lexical_cue","","","I keep a record of decisions and the reasoning behind them for future reference."
"live_questionnaire","data/questionnaires/q020.json","19","Conscientiousness","conscientious","no_lexical_cue","","","I review my calendar at the start of each day to set my intentions."
"live_questionnaire","data/questionnaires/q020.json","20","Self-Orientation","altruism","conditional_only","conditional_only","when","I routinely choose the option that benefits others, even when a different choice would benefit me more."
"live_questionnaire","data/questionnaires/q020.json","21","Self-Orientation","self-focus","no_lexical_cue","","","I routinely audit my commitments and drop those that no longer serve my personal direction."
"live_questionnaire","data/questionnaires/q020.json","22","Reactivity","low-reactive","no_lexical_cue","","","I tend to view emotional intensity in others with a kind of curiosity because my own experience is different."
"live_questionnaire","data/questionnaires/q020.json","23","Self-Orientation","altruism","conditional_only","conditional_only","if","I would choose a less prestigious school or job if the alternative let me stay close to people who need me."
"live_questionnaire","data/questionnaires/q020.json","24","Reactivity","high-reactive","no_lexical_cue","","","Even a mildly critical tone of voice can set off alarm bells throughout my system."
"live_questionnaire","data/questionnaires/q020.json","25","Agency","agentic","no_lexical_cue","","","I have a tendency to take over tasks that others are doing too slowly."
"live_questionnaire","data/questionnaires/q020.json","26","Social Attunement","hyper-attuned","conditional_only","conditional_only","when","I can tell when a person adjusts their level of formality mid-conversation in response to a social cue they received."
"live_questionnaire","data/questionnaires/q020.json","27","Reactivity","low-reactive","no_lexical_cue","","","I notice that I can move from a difficult situation to a normal one without needing a transition period."
"live_questionnaire","data/questionnaires/q020.json","28","Agency","yielding","conditional_only","conditional_only","When; before","When entering a new group, I observe how things work before settling into a role."
"live_questionnaire","data/questionnaires/q020.json","29","Reactivity","high-reactive","no_lexical_cue","","","I go from calm to fully activated in a matter of seconds."
"live_questionnaire","data/questionnaires/q020.json","30","Agency","yielding","context_candidate","setting","team","I tend to consult the team before making any scope changes mid-project."
"live_questionnaire","data/questionnaires/q020.json","31","Empathy","detachment","context_candidate","event","suffering","Wanting someone else's suffering to ease is rarely part of how I respond to their situation."
"live_questionnaire","data/questionnaires/q020.json","32","Agency","agentic","no_lexical_cue","","","I tend to be the one who says the meeting is over and assigns next steps."
"live_questionnaire","data/questionnaires/q020.json","33","Social Attunement","hyper-attuned","conditional_only","conditional_only","when","I sense when the energy of a room drops the moment a particular person starts speaking."
"live_questionnaire","data/questionnaires/q020.json","34","Conscientiousness","conscientious","no_lexical_cue","","","I practice new skills in a structured, progressive way, building from simple to complex."
"live_questionnaire","data/questionnaires/q020.json","35","Agency","yielding","conditional_only","conditional_only","after","I naturally listen first and speak after others have shared their thoughts."
"live_questionnaire","data/questionnaires/q020.json","36","Agency","agentic","no_lexical_cue","","","I think of authority as something to be exercised, not just held."
"live_questionnaire","data/questionnaires/q021.json","1","Empathy","empathy","no_lexical_cue","","","I find that the moral pull of another's pain is something I experience as a direct call to action, not as an abstract consideration."
"live_questionnaire","data/questionnaires/q021.json","2","Agency","agentic","no_lexical_cue","","","I frequently reorganize a group's workflow to align with my approach."
"live_questionnaire","data/questionnaires/q021.json","3","Empathy","empathy","conditional_only","conditional_only","When","When I hear that an unfamiliar person is in pain, I want their situation to improve."
"live_questionnaire","data/questionnaires/q021.json","4","Self-Orientation","altruism","conditional_only","conditional_only","if","I routinely turn down personal opportunities if they would take me away from people who rely on me."
"live_questionnaire","data/questionnaires/q021.json","5","Conscientiousness","conscientious","no_lexical_cue","","","I keep a maintenance schedule for equipment, subscriptions, and recurring needs."
"live_questionnaire","data/questionnaires/q021.json","6","Social Attunement","hypo-attuned","context_candidate","event","bad news","I tend to miss when someone frames bad news inside good news to soften the blow."
"live_questionnaire","data/questionnaires/q021.json","7","Self-Orientation","altruism","no_lexical_cue","","","I find that deferring my desires so a group can reach consensus comes easily to me."
"live_questionnaire","data/questionnaires/q021.json","8","Agency","yielding","no_lexical_cue","","","I am energized by the process of building a decision together."
"live_questionnaire","data/questionnaires/q021.json","9","Reactivity","high-reactive","conditional_only","conditional_only","When","When someone raises their voice near me, my whole system goes on high alert."
"live_questionnaire","data/questionnaires/q021.json","10","Self-Orientation","self-focus","no_lexical_cue","","","I routinely turn down favors that would distract from my personal priorities."
"live_questionnaire","data/questionnaires/q021.json","11","Conscientiousness","conscientious","conditional_only","conditional_only","when","I feel a strong pull to finish what I start, even when enthusiasm fades."
"live_questionnaire","data/questionnaires/q021.json","12","Social Attunement","hypo-attuned","conditional_only","conditional_only","when","I rarely notice when someone slows down a conversation to give a quieter person space to contribute."
"live_questionnaire","data/questionnaires/q021.json","13","Empathy","detachment","no_lexical_cue","","","I feel little concern for the wellbeing of people I will never meet."
"live_questionnaire","data/questionnaires/q021.json","14","Reactivity","low-reactive","no_lexical_cue","","","I experience the space between stimulus and response as comfortably wide."
"live_questionnaire","data/questionnaires/q021.json","15","Empathy","detachment","context_candidate","event","suffering","Statistics or reports about people's suffering leave me with little concern for the people involved."
"live_questionnaire","data/questionnaires/q021.json","16","Empathy","detachment","context_candidate","event","suffering","Wanting someone else's suffering to ease rarely crosses my mind."
"live_questionnaire","data/questionnaires/q021.json","17","Agency","yielding","no_lexical_cue","","","I feel a strong pull to be deeply involved in important initiatives, though not necessarily in charge."
"live_questionnaire","data/questionnaires/q021.json","18","Agency","yielding","no_lexical_cue","","","I often help synthesize multiple perspectives into a direction the group can support."
"live_questionnaire","data/questionnaires/q021.json","19","Reactivity","high-reactive","conditional_only","conditional_only","When","When something delights me, the delight fills me completely."
"live_questionnaire","data/questionnaires/q021.json","20","Social Attunement","hyper-attuned","conditional_only","conditional_only","when","I notice the micro-adjustments people make to their clothing or hair when someone they want to impress is nearby."
"live_questionnaire","data/questionnaires/q021.json","21","Reactivity","low-reactive","no_lexical_cue","","","I notice that I can compartmentalize emotional events and return to whatever I was doing without difficulty."
"live_questionnaire","data/questionnaires/q021.json","22","Agency","agentic","conditional_only","conditional_only","when","I have a hard time following when I think I could lead better."
"live_questionnaire","data/questionnaires/q021.json","23","Self-Orientation","altruism","no_lexical_cue","","","I routinely spend my lunch break helping others with their tasks instead of resting."
"live_questionnaire","data/questionnaires/q021.json","24","Self-Orientation","self-focus","conditional_only","conditional_only","when","I feel most alive when I am working toward my own aspirations."
"live_questionnaire","data/questionnaires/q021.json","25","Self-Orientation","self-focus","no_lexical_cue","","","I find that designing my ideal morning, without accommodation for anyone else, sets me up for success."
"live_questionnaire","data/questionnaires/q021.json","26","Social Attunement","hypo-attuned","conditional_only","conditional_only","after","I rarely think about what someone left unsaid after a conversation."
"live_questionnaire","data/questionnaires/q021.json","27","Conscientiousness","spontaneous","context_candidate","event","deadline","I tend to wait until the pressure of a deadline sharpens my focus."
"live_questionnaire","data/questionnaires/q021.json","28","Social Attunement","hyper-attuned","no_lexical_cue","","","I am attuned to the way social norms shift from one context to another within the same group."
"live_questionnaire","data/questionnaires/q021.json","29","Conscientiousness","spontaneous","no_lexical_cue","","","I start projects with what I have and acquire tools as the need becomes clear."
"live_questionnaire","data/questionnaires/q021.json","30","Conscientiousness","spontaneous","no_lexical_cue","","","I read whatever catches my interest without following a list."
"live_questionnaire","data/questionnaires/q021.json","31","Agency","agentic","no_lexical_cue","","","I naturally claim authority in informal group settings."
"live_questionnaire","data/questionnaires/q021.json","32","Reactivity","low-reactive","no_lexical_cue","","","I rarely cry, not because I suppress emotions but because they simply don't reach that intensity."
"live_questionnaire","data/questionnaires/q021.json","33","Conscientiousness","conscientious","no_lexical_cue","","","I create backup plans because I know that primary plans sometimes fail."
"live_questionnaire","data/questionnaires/q021.json","34","Social Attunement","hyper-attuned","no_lexical_cue","","","I am aware of the invisible alliances that form in any group setting."
"live_questionnaire","data/questionnaires/q021.json","35","Reactivity","high-reactive","no_lexical_cue","","","I notice that my skin flushes or goes pale in direct response to what I'm feeling."
"live_questionnaire","data/questionnaires/q021.json","36","Empathy","empathy","context_candidate","event","suffering","A person's suffering sometimes stays with me after I have left them."
"live_questionnaire","data/questionnaires/q022.json","1","Conscientiousness","spontaneous","no_lexical_cue","","","I prefer trips where I can wander freely and discover things without an itinerary."
"live_questionnaire","data/questionnaires/q022.json","2","Social Attunement","hyper-attuned","context_candidate","setting","in conversation","I sense the difference between a comfortable lull in conversation and an awkward one."
"live_questionnaire","data/questionnaires/q022.json","3","Agency","yielding","no_lexical_cue","","","I tend to share my work in progress early so others can shape it with me."
"live_questionnaire","data/questionnaires/q022.json","4","Social Attunement","hypo-attuned","no_lexical_cue","","","I tend to focus on whether an idea is good rather than on how it was received by the group."
"live_questionnaire","data/questionnaires/q022.json","5","Reactivity","high-reactive","conditional_only","conditional_only","When","When I'm excited about a future event, the excitement builds to a pitch that makes it hard to concentrate on anything else."
"live_questionnaire","data/questionnaires/q022.json","6","Agency","agentic","conditional_only","conditional_only","when","I consider it a compliment when people describe me as commanding."
"live_questionnaire","data/questionnaires/q022.json","7","Self-Orientation","self-focus","no_lexical_cue","","","I routinely block off calendar time that belongs exclusively to me."
"live_questionnaire","data/questionnaires/q022.json","8","Conscientiousness","conscientious","conditional_only","conditional_only","when","I develop contingency plans for critical tasks even when things are going well."
"live_questionnaire","data/questionnaires/q022.json","9","Social Attunement","hypo-attuned","conditional_only","conditional_only","when","I rarely notice when the formality of an interaction is mismatched with the actual closeness of the relationship."
"live_questionnaire","data/questionnaires/q022.json","10","Empathy","empathy","context_candidate","event","suffering","The wish to respond to others' suffering is one of the strongest forces shaping my daily choices."
"live_questionnaire","data/questionnaires/q022.json","11","Reactivity","low-reactive","no_lexical_cue","","","I notice that I can be fully engaged in a situation without my emotional volume increasing."
"live_questionnaire","data/questionnaires/q022.json","12","Conscientiousness","conscientious","conditional_only","conditional_only","when","I account for travel time, transitions, and setup when planning my schedule."
"live_questionnaire","data/questionnaires/q022.json","13","Self-Orientation","altruism","no_lexical_cue","","","I tend to set my thermostat, my music, and my lighting to what makes my household most comfortable, not just me."
"live_questionnaire","data/questionnaires/q022.json","14","Reactivity","low-reactive","no_lexical_cue","","","I tend to feel emotionally prepared for whatever comes, because my system doesn't overreact."
"live_questionnaire","data/questionnaires/q022.json","15","Social Attunement","hypo-attuned","conditional_only","conditional_only","when","I tend not to detect when a story is being told for the benefit of a specific listener."
"live_questionnaire","data/questionnaires/q022.json","16","Self-Orientation","self-focus","no_lexical_cue","","","I hold the view that the person most responsible for my well-being is me."
"live_questionnaire","data/questionnaires/q022.json","17","Reactivity","low-reactive","no_lexical_cue","","","My emotional responses have a brevity to them — they arise, deliver their message, and recede."
"live_questionnaire","data/questionnaires/q022.json","18","Reactivity","high-reactive","conditional_only","conditional_only","When","When I'm upset, the feeling saturates my entire body."
"live_questionnaire","data/questionnaires/q022.json","19","Empathy","detachment","context_candidate","relationship","friend","When a friend is in real pain, I often feel little wish to relieve it."
"live_questionnaire","data/questionnaires/q022.json","20","Self-Orientation","altruism","no_lexical_cue","","","I routinely carry extra supplies, snacks, or resources in case someone around me needs them."
"live_questionnaire","data/questionnaires/q022.json","21","Agency","agentic","context_candidate","setting","team","I would rather make a controversial call than let the team drift without direction."
"live_questionnaire","data/questionnaires/q022.json","22","Empathy","detachment","no_lexical_cue","","","Reading or hearing about people in pain usually leaves me without much concern for them."
"live_questionnaire","data/questionnaires/q022.json","23","Self-Orientation","altruism","no_lexical_cue","","","I routinely pick up tasks no one else wants to do, so the group can function well."
"live_questionnaire","data/questionnaires/q022.json","24","Reactivity","high-reactive","conditional_only","conditional_only","When","When something touches me deeply, I can feel it reverberating in my chest for hours."
"live_questionnaire","data/questionnaires/q022.json","25","Agency","yielding","conditional_only","conditional_only","before","I like to take time and let the group deliberate before a decision is made."
"live_questionnaire","data/questionnaires/q022.json","26","Agency","agentic","conditional_only","conditional_only","when","I am the first to speak up when a group needs someone to take ownership of a problem."
"live_questionnaire","data/questionnaires/q022.json","27","Empathy","empathy","context_candidate","event","suffering","When I understand that someone has been hurt by unfair treatment, I care about the suffering it has caused them."
"live_questionnaire","data/questionnaires/q022.json","28","Social Attunement","hyper-attuned","conditional_only","conditional_only","when","I notice when someone matches the volume of the loudest person in the room to assert themselves."
"live_questionnaire","data/questionnaires/q022.json","29","Empathy","detachment","conditional_only","conditional_only","When","When I see someone crying, I rarely feel any wish to help."
"live_questionnaire","data/questionnaires/q022.json","30","Conscientiousness","conscientious","conditional_only","conditional_only","before","I am the kind of person who reads the manual before using a new device."
"live_questionnaire","data/questionnaires/q022.json","31","Agency","yielding","no_lexical_cue","","","I am content letting the group commit without needing to add my final word."
"live_questionnaire","data/questionnaires/q022.json","32","Social Attunement","hyper-attuned","conditional_only","conditional_only","when","I detect when a group member's contribution is being quietly dismissed by the way others respond to it."
"live_questionnaire","data/questionnaires/q022.json","33","Conscientiousness","spontaneous","no_lexical_cue","","","I start my day open to whatever feels most compelling rather than consulting a schedule."
"live_questionnaire","data/questionnaires/q022.json","34","Conscientiousness","spontaneous","no_lexical_cue","","","I finalize plans late because earlier decisions might need changing anyway."
"live_questionnaire","data/questionnaires/q022.json","35","Empathy","empathy","conditional_only","conditional_only","When","When I notice that I have overlooked someone's hardship, I become concerned about what they are experiencing."
"live_questionnaire","data/questionnaires/q022.json","36","Self-Orientation","self-focus","conditional_only","conditional_only","before","I tend to make sure my own needs are fully met before turning my attention outward."
"live_questionnaire","data/questionnaires/q023.json","1","Empathy","empathy","conditional_only","conditional_only","When","When several people need help, understanding each person's hardship makes me care about their situation."
"live_questionnaire","data/questionnaires/q023.json","2","Social Attunement","hyper-attuned","conditional_only","conditional_only","when","I detect when a person uses physical touch, like a pat on the back, to establish a hierarchy rather than express warmth."
"live_questionnaire","data/questionnaires/q023.json","3","Reactivity","high-reactive","no_lexical_cue","","","I tend to be the first person in a room to react emotionally to what's happening."
"live_questionnaire","data/questionnaires/q023.json","4","Self-Orientation","self-focus","no_lexical_cue","","","I tend to measure my week by how much I advanced my own objectives."
"live_questionnaire","data/questionnaires/q023.json","5","Empathy","empathy","context_candidate","event","suffering","When I consider people with competing needs, I care about the suffering each person is experiencing."
"live_questionnaire","data/questionnaires/q023.json","6","Conscientiousness","spontaneous","no_lexical_cue","","","I blend research, creation, and revision together fluidly rather than working in distinct phases."
"live_questionnaire","data/questionnaires/q023.json","7","Agency","yielding","no_lexical_cue","","","I trust that the group will eventually resolve its own circular discussions."
"live_questionnaire","data/questionnaires/q023.json","8","Reactivity","low-reactive","context_candidate","event","stressful","I tend to emerge from stressful periods without the accumulated tension that others describe."
"live_questionnaire","data/questionnaires/q023.json","9","Conscientiousness","spontaneous","no_lexical_cue","","","I handle commitments as they surface throughout the week without a formal review."
"live_questionnaire","data/questionnaires/q023.json","10","Social Attunement","hypo-attuned","conditional_only","conditional_only","when; during","I tend not to notice when two people share a meaningful look during a conversation."
"live_questionnaire","data/questionnaires/q023.json","11","Social Attunement","hypo-attuned","context_candidate","setting","in group","I tend to be unaware of the subtle ways people express loyalty to each other in group settings."
"live_questionnaire","data/questionnaires/q023.json","12","Self-Orientation","altruism","context_candidate","event","conflict","I tend to put others' comfort ahead of efficiency when the two conflict."
"live_questionnaire","data/questionnaires/q023.json","13","Conscientiousness","conscientious","conditional_only","conditional_only","before","I consider multiple possible outcomes before committing to a decision."
"live_questionnaire","data/questionnaires/q023.json","14","Agency","agentic","conditional_only","conditional_only","when","I tend to unilaterally escalate issues when I think a group is underreacting."
"live_questionnaire","data/questionnaires/q023.json","15","Social Attunement","hyper-attuned","no_lexical_cue","","","I find myself noticing the cadence and rhythm of a conversation, not just the words."
"live_questionnaire","data/questionnaires/q023.json","16","Social Attunement","hyper-attuned","conditional_only","conditional_only","when","I can tell when someone is smiling with their mouth but not with the muscles around their eyes."
"live_questionnaire","data/questionnaires/q023.json","17","Self-Orientation","altruism","no_lexical_cue","","","I feel most proud of the things I did for others, not the things I achieved for myself."
"live_questionnaire","data/questionnaires/q023.json","18","Self-Orientation","self-focus","no_lexical_cue","","","I routinely opt for premium personal experiences—travel, dining, learning—because I believe I am worth it."
"live_questionnaire","data/questionnaires/q023.json","19","Conscientiousness","conscientious","no_lexical_cue","","","I build transition rituals between activities to stay grounded and focused."
"live_questionnaire","data/questionnaires/q023.json","20","Empathy","detachment","context_candidate","event","suffering","I feel little concern for suffering in places I have never been."
"live_questionnaire","data/questionnaires/q023.json","21","Reactivity","high-reactive","no_lexical_cue","","","I experience the end of a vacation or a visit with someone I love as a sharp, almost physical loss."
"live_questionnaire","data/questionnaires/q023.json","22","Empathy","detachment","context_candidate","event","suffering","Someone's suffering usually has to be severe before it matters to me."
"live_questionnaire","data/questionnaires/q023.json","23","Reactivity","low-reactive","no_lexical_cue","","","My internal state has a steadiness that I've come to recognize as simply the way I'm built."
"live_questionnaire","data/questionnaires/q023.json","24","Agency","yielding","context_candidate","setting","in a group","I often adapt to the norms and expectations already present in a group."
"live_questionnaire","data/questionnaires/q023.json","25","Agency","agentic","conditional_only","conditional_only","before","I typically introduce structure to group work before anyone else does."
"live_questionnaire","data/questionnaires/q023.json","26","Empathy","detachment","conditional_only","conditional_only","after","Even after hearing exactly what a person has endured, I feel little concern about what happens to them."
"live_questionnaire","data/questionnaires/q023.json","27","Conscientiousness","spontaneous","conditional_only","conditional_only","when","I prefer to move fast and fix errors when they surface rather than reviewing obsessively."
"live_questionnaire","data/questionnaires/q023.json","28","Agency","agentic","no_lexical_cue","","","I am the one who typically opens a meeting by framing the key question."
"live_questionnaire","data/questionnaires/q023.json","29","Self-Orientation","self-focus","no_lexical_cue","","","I tend to seek out roles and projects that will look good on my own record."
"live_questionnaire","data/questionnaires/q023.json","30","Conscientiousness","conscientious","no_lexical_cue","","","I think of my future self as someone I am actively building conditions for."
"live_questionnaire","data/questionnaires/q023.json","31","Social Attunement","hypo-attuned","conditional_only","conditional_only","when","I do not naturally detect when someone uses a group's shared values or language to gain credibility."
"live_questionnaire","data/questionnaires/q023.json","32","Reactivity","low-reactive","no_lexical_cue","","","I experience reunion with people I care about as warm and welcome without it being an emotional avalanche."
"live_questionnaire","data/questionnaires/q023.json","33","Reactivity","high-reactive","no_lexical_cue","","","I notice that the anticipation of seeing someone I've missed builds to a physical crescendo in my chest."
"live_questionnaire","data/questionnaires/q023.json","34","Empathy","empathy","conditional_only","conditional_only","When","When someone is hurting, I want their pain to end."
"live_questionnaire","data/questionnaires/q023.json","35","Self-Orientation","altruism","no_lexical_cue","","","I find that the thought of others benefiting from my effort is the strongest motivation I know."
"live_questionnaire","data/questionnaires/q023.json","36","Agency","yielding","no_lexical_cue","","","I enjoy knowing that a project can succeed regardless of whether I am personally driving it."
"live_questionnaire","data/questionnaires/q024.json","1","Empathy","detachment","no_lexical_cue","","","Thinking through someone's difficulties rarely makes me care about them more."
"live_questionnaire","data/questionnaires/q024.json","2","Agency","agentic","no_lexical_cue","","","I think it is important to make a stand and defend it."
"live_questionnaire","data/questionnaires/q024.json","3","Social Attunement","hyper-attuned","conditional_only","conditional_only","when; before","I sense when a group has collectively decided on something before any formal vote or discussion."
"live_questionnaire","data/questionnaires/q024.json","4","Self-Orientation","altruism","no_lexical_cue","","","I often forgo recognition so that others can be acknowledged instead."
"live_questionnaire","data/questionnaires/q024.json","5","Reactivity","low-reactive","no_lexical_cue","","","I can be in the midst of uncertainty and still feel fundamentally okay."
"live_questionnaire","data/questionnaires/q024.json","6","Self-Orientation","self-focus","no_lexical_cue","","","I routinely upgrade my skills specifically to increase my market value."
"live_questionnaire","data/questionnaires/q024.json","7","Social Attunement","hyper-attuned","conditional_only","conditional_only","when","I detect when a group's energy shifts from casual to serious."
"live_questionnaire","data/questionnaires/q024.json","8","Social Attunement","hypo-attuned","conditional_only","conditional_only","when","I tend to miss it when someone laughs at the wrong moment because they are uncomfortable."
"live_questionnaire","data/questionnaires/q024.json","9","Conscientiousness","spontaneous","conditional_only","conditional_only","if","I commit to a decision and adjust quickly if the outcome isn't what I expected."
"live_questionnaire","data/questionnaires/q024.json","10","Agency","agentic","no_lexical_cue","","","I frequently volunteer to be the spokesperson or point person."
"live_questionnaire","data/questionnaires/q024.json","11","Empathy","empathy","context_candidate","event","suffering","Each new encounter with suffering still matters to me; it doesn't become routine."
"live_questionnaire","data/questionnaires/q024.json","12","Self-Orientation","self-focus","no_lexical_cue","","","I feel that my creative projects deserve the same level of investment I would give to a professional obligation."
"live_questionnaire","data/questionnaires/q024.json","13","Social Attunement","hypo-attuned","conditional_only","conditional_only","when","I tend to miss when someone includes me in a plan out of obligation rather than desire."
"live_questionnaire","data/questionnaires/q024.json","14","Empathy","empathy","conditional_only","conditional_only","When","When someone trusts me with their pain, I want to hold it with care."
"live_questionnaire","data/questionnaires/q024.json","15","Self-Orientation","altruism","no_lexical_cue","","","I routinely go out of my way to introduce people to opportunities they deserve."
"live_questionnaire","data/questionnaires/q024.json","16","Self-Orientation","altruism","no_lexical_cue","","","I routinely proofread, edit, or review other people's work without being asked."
"live_questionnaire","data/questionnaires/q024.json","17","Empathy","empathy","no_lexical_cue","","","I register the weight of another person's pain not just intellectually but as something that genuinely matters to me and moves me."
"live_questionnaire","data/questionnaires/q024.json","18","Conscientiousness","conscientious","no_lexical_cue","","","I make it a point to arrive early to appointments and meetings."
"live_questionnaire","data/questionnaires/q024.json","19","Empathy","detachment","context_candidate","event","Suffering","Suffering among people whose lives are very different from mine carries little weight for me."
"live_questionnaire","data/questionnaires/q024.json","20","Self-Orientation","self-focus","no_lexical_cue","","","I tend to view my savings as a tool for my own future, not a resource for others."
"live_questionnaire","data/questionnaires/q024.json","21","Reactivity","high-reactive","context_candidate","setting","in a conversation","A tense silence in a conversation produces a physical knot in my stomach almost instantly."
"live_questionnaire","data/questionnaires/q024.json","22","Agency","yielding","no_lexical_cue","","","I feel comfortable contributing to something that bears the group's stamp, not mine."
"live_questionnaire","data/questionnaires/q024.json","23","Social Attunement","hypo-attuned","no_lexical_cue","","","I tend not to read meaning into someone choosing to communicate by text versus calling versus meeting in person."
"live_questionnaire","data/questionnaires/q024.json","24","Agency","yielding","context_candidate","setting","team","I would rather let the team take extra time than force a call that divides people."
"live_questionnaire","data/questionnaires/q024.json","25","Conscientiousness","conscientious","no_lexical_cue","","","I track the time I spend on different activities to understand where my hours go."
"live_questionnaire","data/questionnaires/q024.json","26","Reactivity","high-reactive","conditional_only","conditional_only","before","I experience the onset of emotion as a sudden physical sensation before I can even name what I'm feeling."
"live_questionnaire","data/questionnaires/q024.json","27","Agency","yielding","no_lexical_cue","","","I think it is important to remain open and willing to shift with the group."
"live_questionnaire","data/questionnaires/q024.json","28","Reactivity","low-reactive","no_lexical_cue","","","I experience change as something to be navigated calmly rather than something that triggers alarm."
"live_questionnaire","data/questionnaires/q024.json","29","Reactivity","high-reactive","no_lexical_cue","","","I notice that even reading a particularly moving paragraph in a book can make my throat tighten."
"live_questionnaire","data/questionnaires/q024.json","30","Social Attunement","hyper-attuned","context_candidate","relationship","partner","I notice when a conversation partner's pupils dilate or contract in response to what is being discussed."
"live_questionnaire","data/questionnaires/q024.json","31","Conscientiousness","spontaneous","conditional_only","conditional_only","when","I get bored when a process becomes too routine and look for ways to shake things up."
"live_questionnaire","data/questionnaires/q024.json","32","Conscientiousness","conscientious","no_lexical_cue","","","I prepare for meetings by reviewing agendas and relevant materials in advance."
"live_questionnaire","data/questionnaires/q024.json","33","Reactivity","low-reactive","no_lexical_cue","","","I notice that waiting for important outcomes produces alertness in me, not agitation."
"live_questionnaire","data/questionnaires/q024.json","34","Agency","agentic","no_lexical_cue","","","I am drawn to moments where one person's decision changes everything."
"live_questionnaire","data/questionnaires/q024.json","35","Empathy","detachment","context_candidate","event","suffering","Someone's serious suffering leaves me with little concern for what happens to them."
"live_questionnaire","data/questionnaires/q024.json","36","Conscientiousness","spontaneous","conditional_only","conditional_only","when","I feel more in control when I'm free to react to what's actually happening rather than following a script."
"live_questionnaire","data/questionnaires/q025.json","1","Conscientiousness","conscientious","no_lexical_cue","","","I treat my calendar as a binding contract with myself."
"live_questionnaire","data/questionnaires/q025.json","2","Reactivity","high-reactive","conditional_only","conditional_only","before","I experience the tension before a performance or presentation as an almost intolerable buildup of energy."
"live_questionnaire","data/questionnaires/q025.json","3","Conscientiousness","spontaneous","no_lexical_cue","","","I ramp up effort as a project progresses, letting early stages stay loose and exploratory."
"live_questionnaire","data/questionnaires/q025.json","4","Conscientiousness","spontaneous","no_lexical_cue","","","I prefer to keep my options open rather than lock myself into a specific course of action."
"live_questionnaire","data/questionnaires/q025.json","5","Social Attunement","hypo-attuned","conditional_only","conditional_only","before","I rarely pick up on the nonverbal negotiation that happens before a group makes a decision."
"live_questionnaire","data/questionnaires/q025.json","6","Conscientiousness","conscientious","conditional_only","conditional_only","before","I sequence my tasks so that each one builds logically on the one before."
"live_questionnaire","data/questionnaires/q025.json","7","Social Attunement","hypo-attuned","conditional_only","conditional_only","after","I often need someone to explain the social dynamics of a situation after the fact."
"live_questionnaire","data/questionnaires/q025.json","8","Empathy","detachment","no_lexical_cue","","","The hardships of people I have no connection to carry little weight for me."
"live_questionnaire","data/questionnaires/q025.json","9","Conscientiousness","conscientious","no_lexical_cue","","","I think of my daily habits as investments that pay dividends in the years ahead."
"live_questionnaire","data/questionnaires/q025.json","10","Self-Orientation","altruism","conditional_only","conditional_only","when","I find it natural to defer my own interests when group needs arise."
"live_questionnaire","data/questionnaires/q025.json","11","Conscientiousness","spontaneous","no_lexical_cue","","","I avoid detailed project timelines because they rarely survive contact with reality."
"live_questionnaire","data/questionnaires/q025.json","12","Agency","agentic","context_candidate","setting","team","I enjoy shaping the culture of any team I join."
"live_questionnaire","data/questionnaires/q025.json","13","Self-Orientation","self-focus","no_lexical_cue","","","I routinely calculate the return on investment for my personal time and money."
"live_questionnaire","data/questionnaires/q025.json","14","Reactivity","low-reactive","no_lexical_cue","","","I notice that my sleep quality is rarely affected by emotional events from the preceding day."
"live_questionnaire","data/questionnaires/q025.json","15","Reactivity","low-reactive","no_lexical_cue","","","I tend to navigate most situations without noticeable shifts in my internal state."
"live_questionnaire","data/questionnaires/q025.json","16","Agency","agentic","context_candidate","setting","team","I frequently take on captain or leadership roles in team settings."
"live_questionnaire","data/questionnaires/q025.json","17","Social Attunement","hyper-attuned","conditional_only","conditional_only","when","I notice when someone's reply to a group message is really only intended for one person in the thread."
"live_questionnaire","data/questionnaires/q025.json","18","Agency","agentic","no_lexical_cue","","","I prefer to control the narrative around a project's progress."
"live_questionnaire","data/questionnaires/q025.json","19","Social Attunement","hypo-attuned","conditional_only","conditional_only","when","I rarely notice when a person carefully positions a negative opinion as a question to soften the delivery."
"live_questionnaire","data/questionnaires/q025.json","20","Agency","yielding","no_lexical_cue","","","I gravitate toward letting discussions continue until the group is satisfied."
"live_questionnaire","data/questionnaires/q025.json","21","Empathy","empathy","context_candidate","event","suffering","The felt weight of another person's suffering strongly motivates me to act for them."
"live_questionnaire","data/questionnaires/q025.json","22","Self-Orientation","altruism","conditional_only","conditional_only","when","I routinely write thoughtful, detailed feedback for others' projects even when no one asks."
"live_questionnaire","data/questionnaires/q025.json","23","Reactivity","high-reactive","no_lexical_cue","","","I notice that even anticipating a difficult conversation makes my palms sweat and my heart race."
"live_questionnaire","data/questionnaires/q025.json","24","Empathy","detachment","context_candidate","event","suffering","The suffering of people I don't know rarely seems important to me."
"live_questionnaire","data/questionnaires/q025.json","25","Empathy","detachment","context_candidate","event","suffering","Even when someone I know is suffering deeply, I feel little concern about what happens to them."
"live_questionnaire","data/questionnaires/q025.json","26","Self-Orientation","altruism","no_lexical_cue","","","I tend to choose careers and projects based on how much they allow me to help others."
"live_questionnaire","data/questionnaires/q025.json","27","Agency","yielding","conditional_only","conditional_only","before","I am usually the first to check in with the group before anyone takes charge."
"live_questionnaire","data/questionnaires/q025.json","28","Reactivity","high-reactive","conditional_only","conditional_only","When","When something excites me, the rush of energy is almost overwhelming."
"live_questionnaire","data/questionnaires/q025.json","29","Agency","yielding","context_candidate","setting","at home","I feel at home rotating representation duties among group members."
"live_questionnaire","data/questionnaires/q025.json","30","Empathy","empathy","conditional_only","conditional_only","When","When an explanation shows me how someone is being harmed, I begin to care about what happens to them."
"live_questionnaire","data/questionnaires/q025.json","31","Self-Orientation","self-focus","no_lexical_cue","","","I feel that healthy self-focus gives me the strength to show up fully in everything I do."
"live_questionnaire","data/questionnaires/q025.json","32","Social Attunement","hyper-attuned","no_lexical_cue","","","I feel like I can sense what a group's unwritten rules are without being told."
"live_questionnaire","data/questionnaires/q025.json","33","Reactivity","low-reactive","conditional_only","conditional_only","during","I notice that my heart rate stays fairly constant even during heated discussions."
"live_questionnaire","data/questionnaires/q025.json","34","Empathy","empathy","context_candidate","event","suffering","When someone is suffering, I want to act, not just understand."
"live_questionnaire","data/questionnaires/q025.json","35","Self-Orientation","self-focus","no_lexical_cue","","","I tend to think of my career as the central project of my life."
"live_questionnaire","data/questionnaires/q025.json","36","Social Attunement","hyper-attuned","context_candidate","setting","in a conversation","I can tell when someone is interested in a conversation topic versus enduring it out of courtesy."
"live_questionnaire","data/questionnaires/q026.json","1","Reactivity","low-reactive","no_lexical_cue","","","I tend to notice my emotional reactions in retrospect rather than being gripped by them in the moment."
"live_questionnaire","data/questionnaires/q026.json","2","Agency","yielding","no_lexical_cue","","","I would rather be an integral part of a large group than lead a small one."
"live_questionnaire","data/questionnaires/q026.json","3","Social Attunement","hyper-attuned","no_lexical_cue","","","I detect the emotional residue in a room where something intense just happened."
"live_questionnaire","data/questionnaires/q026.json","4","Conscientiousness","conscientious","no_lexical_cue","","","I maintain an orderly queue of tasks rather than juggling them all at once."
"live_questionnaire","data/questionnaires/q026.json","5","Empathy","detachment","no_lexical_cue","","","I seldom find myself concerned about how another person's difficulties will turn out."
"live_questionnaire","data/questionnaires/q026.json","6","Self-Orientation","altruism","no_lexical_cue","","","I find that working behind the scenes for others' benefit is more satisfying than being in the spotlight."
"live_questionnaire","data/questionnaires/q026.json","7","Conscientiousness","spontaneous","no_lexical_cue","","","I treat my calendar as a rough suggestion that I adjust throughout the day."
"live_questionnaire","data/questionnaires/q026.json","8","Social Attunement","hypo-attuned","no_lexical_cue","","","I do not pick up on the nonverbal signals that indicate whether a group wants my input."
"live_questionnaire","data/questionnaires/q026.json","9","Empathy","empathy","context_candidate","event","suffering","Someone's suffering matters to me even when they can't put their need into words."
"live_questionnaire","data/questionnaires/q026.json","10","Agency","agentic","context_candidate","setting; event","team; bad news","I prefer to be the one who communicates bad news to the team."
"live_questionnaire","data/questionnaires/q026.json","11","Reactivity","high-reactive","no_lexical_cue","","","I notice that my jaw clenches and my shoulders tense the instant I feel threatened or upset."
"live_questionnaire","data/questionnaires/q026.json","12","Empathy","detachment","conditional_only","conditional_only","when","Others' pain rarely feels like it matters to me, even when I know them well."
"live_questionnaire","data/questionnaires/q026.json","13","Reactivity","low-reactive","context_candidate","event","stressful; stress","I notice that I can re-enter a stressful situation after a break without the stress having compounded."
"live_questionnaire","data/questionnaires/q026.json","14","Reactivity","low-reactive","conditional_only","conditional_only","during","I notice that my pulse and breathing remain steady even during emotionally charged discussions."
"live_questionnaire","data/questionnaires/q026.json","15","Agency","agentic","context_candidate","setting","in group","I frequently take on the role of gatekeeper for quality in group work."
"live_questionnaire","data/questionnaires/q026.json","16","Self-Orientation","self-focus","no_lexical_cue","","","I feel that enjoying the fruits of my own labor is exactly what hard work is for."
"live_questionnaire","data/questionnaires/q026.json","17","Empathy","detachment","context_candidate","event","suffering","Being close to someone's suffering rarely makes it matter more to me."
"live_questionnaire","data/questionnaires/q026.json","18","Conscientiousness","conscientious","no_lexical_cue","","","I devote a fixed portion of my income to savings regardless of circumstances."
"live_questionnaire","data/questionnaires/q026.json","19","Agency","yielding","context_candidate","setting","team","I frequently take on supporting or facilitating roles in team settings."
"live_questionnaire","data/questionnaires/q026.json","20","Reactivity","high-reactive","conditional_only","conditional_only","When","When I'm in the grip of a strong emotion, the world outside of it seems to temporarily cease to exist."
"live_questionnaire","data/questionnaires/q026.json","21","Empathy","empathy","context_candidate","event","suffering","Someone's suffering stays on my mind until I know they are all right."
"live_questionnaire","data/questionnaires/q026.json","22","Self-Orientation","altruism","no_lexical_cue","","","I find deep contentment in giving away things I worked hard to earn."
"live_questionnaire","data/questionnaires/q026.json","23","Social Attunement","hypo-attuned","conditional_only","conditional_only","when","I tend to miss when a conversational pause is an invitation for me to share something personal."
"live_questionnaire","data/questionnaires/q026.json","24","Social Attunement","hyper-attuned","context_candidate","setting","in a group","I pick up on the subtle cues that indicate someone feels out of place in a group."
"live_questionnaire","data/questionnaires/q026.json","25","Reactivity","high-reactive","conditional_only","conditional_only","When","When I feel gratitude, it swells inside me until I can barely contain it."
"live_questionnaire","data/questionnaires/q026.json","26","Agency","agentic","no_lexical_cue","","","I feel responsible for keeping a group on track toward its goals."
"live_questionnaire","data/questionnaires/q026.json","27","Conscientiousness","spontaneous","conditional_only","conditional_only","when","I feel comfortable dropping a project when my interest shifts to something more compelling."
"live_questionnaire","data/questionnaires/q026.json","28","Social Attunement","hypo-attuned","conditional_only","conditional_only","during","I do not naturally notice the way people position themselves during a photo to signal closeness or distance."
"live_questionnaire","data/questionnaires/q026.json","29","Self-Orientation","altruism","no_lexical_cue","","","I would sacrifice a personal milestone to attend to someone else's urgent need."
"live_questionnaire","data/questionnaires/q026.json","30","Self-Orientation","self-focus","no_lexical_cue","","","I find that maintaining a wish list of things I want for myself keeps me motivated."
"live_questionnaire","data/questionnaires/q026.json","31","Empathy","empathy","conditional_only","conditional_only","when","I often feel drawn to check in on people I know are having a hard time, even when they haven't asked."
"live_questionnaire","data/questionnaires/q026.json","32","Self-Orientation","self-focus","no_lexical_cue","","","I tend to define success in terms of my own benchmarks, not in terms of what I did for others."
"live_questionnaire","data/questionnaires/q026.json","33","Agency","yielding","no_lexical_cue","","","I notice that I calibrate my effort to match the group's established rhythm."
"live_questionnaire","data/questionnaires/q026.json","34","Conscientiousness","spontaneous","conditional_only","conditional_only","when","I pay bills and handle obligations when I notice them rather than setting up automation."
"live_questionnaire","data/questionnaires/q026.json","35","Social Attunement","hyper-attuned","conditional_only","conditional_only","when","I pick up on when someone shortens their responses as a signal they want the conversation to end."
"live_questionnaire","data/questionnaires/q026.json","36","Conscientiousness","conscientious","conditional_only","conditional_only","if","I maintain version histories of important documents so I can revert changes if needed."
"live_questionnaire","data/questionnaires/q027.json","1","Social Attunement","hypo-attuned","conditional_only","conditional_only","when","I tend to take jokes and comments literally when others see layers of meaning."
"live_questionnaire","data/questionnaires/q027.json","2","Agency","yielding","conditional_only","conditional_only","when","I prefer that the group collectively decides when a meeting has run its course."
"live_questionnaire","data/questionnaires/q027.json","3","Reactivity","low-reactive","no_lexical_cue","","","My emotional responses have a muted quality compared to what I observe in others."
"live_questionnaire","data/questionnaires/q027.json","4","Self-Orientation","altruism","context_candidate","relationship","colleagues","I routinely hand off leads, clients, or referrals to colleagues who need them more."
"live_questionnaire","data/questionnaires/q027.json","5","Social Attunement","hyper-attuned","conditional_only","conditional_only","when","I notice when someone volunteers to leave a room to give others privacy they did not explicitly request."
"live_questionnaire","data/questionnaires/q027.json","6","Conscientiousness","spontaneous","context_candidate","setting","in group","I'm comfortable with ambiguity in group projects and trust things will sort themselves out."
"live_questionnaire","data/questionnaires/q027.json","7","Reactivity","high-reactive","conditional_only","conditional_only","When","When I encounter injustice, my entire body lights up with agitation."
"live_questionnaire","data/questionnaires/q027.json","8","Self-Orientation","altruism","context_candidate","relationship","friends","I routinely check in on neighbors, acquaintances, and distant friends to make sure they are okay."
"live_questionnaire","data/questionnaires/q027.json","9","Social Attunement","hypo-attuned","conditional_only","conditional_only","when","I do not usually sense when the mood of a text conversation shifts because of an emoji choice or its absence."
"live_questionnaire","data/questionnaires/q027.json","10","Self-Orientation","self-focus","no_lexical_cue","","","I believe that the time I spend alone working on my goals is among my most valuable hours."
"live_questionnaire","data/questionnaires/q027.json","11","Conscientiousness","conscientious","conditional_only","conditional_only","when","I feel uneasy when I don't have a clear plan for the week ahead."
"live_questionnaire","data/questionnaires/q027.json","12","Conscientiousness","conscientious","no_lexical_cue","","","I am the type of person who always has a five-year plan or long-range vision."
"live_questionnaire","data/questionnaires/q027.json","13","Agency","yielding","context_candidate","setting","team","I want to support whoever launches new ventures within my team."
"live_questionnaire","data/questionnaires/q027.json","14","Agency","agentic","conditional_only","conditional_only","when","I feel most alive when I am steering the course of a project."
"live_questionnaire","data/questionnaires/q027.json","15","Social Attunement","hypo-attuned","conditional_only","conditional_only","when","I rarely notice the implicit choreography of how a group arranges itself when it walks together."
"live_questionnaire","data/questionnaires/q027.json","16","Reactivity","low-reactive","no_lexical_cue","","","I tend to move through emotionally charged moments with a sense of groundedness."
"live_questionnaire","data/questionnaires/q027.json","17","Self-Orientation","altruism","conditional_only","conditional_only","When","When I have extra money, my first thought is who else could use it."
"live_questionnaire","data/questionnaires/q027.json","18","Empathy","empathy","context_candidate","event","suffering","Understanding how many people a problem harms makes me want to see their suffering reduced."
"live_questionnaire","data/questionnaires/q027.json","19","Conscientiousness","conscientious","no_lexical_cue","","","I return borrowed items promptly because outstanding obligations weigh on me."
"live_questionnaire","data/questionnaires/q027.json","20","Agency","agentic","no_lexical_cue","","","I prefer to own the outcome of a decision rather than share that ownership."
"live_questionnaire","data/questionnaires/q027.json","21","Empathy","empathy","no_lexical_cue","","","Wanting others to suffer less is a real motivation in my life."
"live_questionnaire","data/questionnaires/q027.json","22","Social Attunement","hyper-attuned","conditional_only","conditional_only","when","I detect when someone answers a different question than the one that was asked to steer the conversation."
"live_questionnaire","data/questionnaires/q027.json","23","Reactivity","high-reactive","context_candidate","event","deadline","I experience the pressure of a deadline not just mentally but as a tightening sensation throughout my body."
"live_questionnaire","data/questionnaires/q027.json","24","Self-Orientation","self-focus","no_lexical_cue","","","I tend to frame every major decision by asking: does this move me closer to where I want to be?"
"live_questionnaire","data/questionnaires/q027.json","25","Agency","yielding","no_lexical_cue","","","I am the one who typically helps the group settle on the key question together."
"live_questionnaire","data/questionnaires/q027.json","26","Empathy","detachment","conditional_only","conditional_only","when","Even when someone I am with is clearly in distress, their pain leaves me largely unmoved."
"live_questionnaire","data/questionnaires/q027.json","27","Empathy","empathy","conditional_only","conditional_only","When","When someone shares their struggle with me, I experience it as a call to action rather than as information."
"live_questionnaire","data/questionnaires/q027.json","28","Conscientiousness","spontaneous","no_lexical_cue","","","I think of each day as its own self-contained experience rather than an investment in the future."
"live_questionnaire","data/questionnaires/q027.json","29","Reactivity","high-reactive","no_lexical_cue","","","I am easily swept up in the emotional energy of a crowd or a room."
"live_questionnaire","data/questionnaires/q027.json","30","Social Attunement","hyper-attuned","no_lexical_cue","","","I often sense that there is a conversation happening beneath the surface conversation."
"live_questionnaire","data/questionnaires/q027.json","31","Empathy","detachment","context_candidate","event","suffering","Others' suffering sometimes fails to register as something that matters to me."
"live_questionnaire","data/questionnaires/q027.json","32","Self-Orientation","self-focus","no_lexical_cue","","","I feel that personal reading time is a non-negotiable part of my schedule."
"live_questionnaire","data/questionnaires/q027.json","33","Reactivity","low-reactive","no_lexical_cue","","","I experience the act of letting go of something as a natural, uncomplicated process."
"live_questionnaire","data/questionnaires/q027.json","34","Conscientiousness","spontaneous","no_lexical_cue","","","I make choices based on present circumstances and adapt to downstream effects as they appear."
"live_questionnaire","data/questionnaires/q027.json","35","Empathy","detachment","conditional_only","conditional_only","When","When a person I know is struggling, I rarely feel a wish to be of help."
"live_questionnaire","data/questionnaires/q027.json","36","Agency","agentic","no_lexical_cue","","","I naturally assume the authority to speak on behalf of a group."
"live_questionnaire","data/questionnaires/q028.json","1","Self-Orientation","altruism","context_candidate","setting","in group","I routinely absorb extra costs in group situations so others pay less."
"live_questionnaire","data/questionnaires/q028.json","2","Empathy","empathy","context_candidate","event","suffering","When someone's suffering is vivid to me, I feel a strong wish to ease it."
"live_questionnaire","data/questionnaires/q028.json","3","Reactivity","high-reactive","no_lexical_cue","","","I carry the emotional tone of a dream well into my waking day."
"live_questionnaire","data/questionnaires/q028.json","4","Agency","yielding","conditional_only","conditional_only","when","I feel energized when a group reaches a genuine consensus."
"live_questionnaire","data/questionnaires/q028.json","5","Conscientiousness","spontaneous","conditional_only","conditional_only","when","I know a project is done when it feels complete, not when it meets predefined criteria."
"live_questionnaire","data/questionnaires/q028.json","6","Reactivity","low-reactive","no_lexical_cue","","","My emotions feel like background music — always present, but never drowning out the rest of my experience."
"live_questionnaire","data/questionnaires/q028.json","7","Conscientiousness","conscientious","conditional_only","conditional_only","when","I feel uncomfortable when I leave things half-finished at the end of the day."
"live_questionnaire","data/questionnaires/q028.json","8","Agency","agentic","no_lexical_cue","","","I find it natural to tell others what I expect from them."
"live_questionnaire","data/questionnaires/q028.json","9","Conscientiousness","conscientious","no_lexical_cue","","","I keep a journal or log to reflect on my progress and hold myself accountable."
"live_questionnaire","data/questionnaires/q028.json","10","Reactivity","low-reactive","no_lexical_cue","","","I notice that other people sometimes need to tell me a situation was intense because I didn't register it that way."
"live_questionnaire","data/questionnaires/q028.json","11","Conscientiousness","spontaneous","no_lexical_cue","","","I work in intense bursts of energy rather than at a steady, measured pace."
"live_questionnaire","data/questionnaires/q028.json","12","Empathy","detachment","context_candidate","event","suffering","Watching a person suffer usually stirs no wish in me to ease their suffering."
"live_questionnaire","data/questionnaires/q028.json","13","Conscientiousness","spontaneous","no_lexical_cue","","","I run errands as they occur to me, sometimes doubling back, and that's fine by me."
"live_questionnaire","data/questionnaires/q028.json","14","Reactivity","low-reactive","context_candidate","event","stress","I experience the stress of a tight schedule as a practical reality rather than a source of internal turmoil."
"live_questionnaire","data/questionnaires/q028.json","15","Empathy","empathy","context_candidate","event","suffering","I don't turn away from suffering because it is complex or uncomfortable."
"live_questionnaire","data/questionnaires/q028.json","16","Social Attunement","hyper-attuned","conditional_only","conditional_only","when","I can tell when a conversation's real audience is not the person being spoken to but someone who is overhearing."
"live_questionnaire","data/questionnaires/q028.json","17","Self-Orientation","altruism","no_lexical_cue","","","I believe the measure of my day is how much I gave, not how much I gained."
"live_questionnaire","data/questionnaires/q028.json","18","Empathy","detachment","conditional_only","conditional_only","When","When someone asks for my support in a hard time, I usually feel little wish to give it."
"live_questionnaire","data/questionnaires/q028.json","19","Agency","yielding","no_lexical_cue","","","I am recognized for my ability to weave diverse viewpoints into a cohesive group effort."
"live_questionnaire","data/questionnaires/q028.json","20","Reactivity","high-reactive","no_lexical_cue","","","I experience the ending of a meaningful chapter — a project, a season, a relationship — as a kind of small death."
"live_questionnaire","data/questionnaires/q028.json","21","Conscientiousness","conscientious","no_lexical_cue","","","I finalize plans early to give myself and others time to prepare."
"live_questionnaire","data/questionnaires/q028.json","22","Social Attunement","hyper-attuned","conditional_only","conditional_only","when","I often catch the quick glance two people exchange when something significant is said."
"live_questionnaire","data/questionnaires/q028.json","23","Social Attunement","hypo-attuned","conditional_only","conditional_only","if","I tend to accept invitations at face value without wondering if there is a subtext."
"live_questionnaire","data/questionnaires/q028.json","24","Agency","yielding","conditional_only","conditional_only","before","I prefer that big bets be discussed thoroughly with the group before anyone commits."
"live_questionnaire","data/questionnaires/q028.json","25","Reactivity","high-reactive","conditional_only","conditional_only","When","When something embarrassing happens, I can feel the heat in my face and neck for minutes afterward."
"live_questionnaire","data/questionnaires/q028.json","26","Agency","agentic","no_lexical_cue","","","I often speak with an air of finality that signals the discussion is over."
"live_questionnaire","data/questionnaires/q028.json","27","Social Attunement","hypo-attuned","conditional_only","conditional_only","when","I do not usually detect when a social environment has an unspoken expectation about reciprocity."
"live_questionnaire","data/questionnaires/q028.json","28","Social Attunement","hyper-attuned","no_lexical_cue","","","I pick up on the difference between someone who is quiet by nature and someone who has been silenced by the group."
"live_questionnaire","data/questionnaires/q028.json","29","Self-Orientation","self-focus","no_lexical_cue","","","I routinely advocate for my own interests in negotiations and discussions."
"live_questionnaire","data/questionnaires/q028.json","30","Self-Orientation","altruism","context_candidate","setting","team","I tend to work extra hours not for my own advancement, but to lighten the load for my team."
"live_questionnaire","data/questionnaires/q028.json","31","Agency","agentic","context_candidate","setting","at home","I feel at home being the primary representative of a group to the outside world."
"live_questionnaire","data/questionnaires/q028.json","32","Empathy","empathy","no_lexical_cue","","","Reflecting on someone's difficulties often makes me wish I could ease them."
"live_questionnaire","data/questionnaires/q028.json","33","Social Attunement","hypo-attuned","conditional_only","conditional_only","when","I do not naturally sense when a group has collectively moved on from a topic that one person still wants to discuss."
"live_questionnaire","data/questionnaires/q028.json","34","Self-Orientation","self-focus","no_lexical_cue","","","I find that building a strong personal financial cushion gives me more confidence than anything else."
"live_questionnaire","data/questionnaires/q028.json","35","Self-Orientation","self-focus","no_lexical_cue","","","I tend to view my personal bucket list as a binding contract with myself."
"live_questionnaire","data/questionnaires/q028.json","36","Empathy","detachment","no_lexical_cue","","","Others' need for help seldom gives me a reason to want to act."
"live_questionnaire","data/questionnaires/q029.json","1","Agency","agentic","conditional_only","conditional_only","When","When entering a new group, I quickly establish my role as a leader."
"live_questionnaire","data/questionnaires/q029.json","2","Reactivity","high-reactive","no_lexical_cue","","","I experience the world as though my emotional volume knob is permanently set several notches above average."
"live_questionnaire","data/questionnaires/q029.json","3","Social Attunement","hyper-attuned","context_candidate","event","interrupted","I notice when someone speeds up their speech to get through a point before they can be interrupted."
"live_questionnaire","data/questionnaires/q029.json","4","Conscientiousness","spontaneous","no_lexical_cue","","","I trust that the things that truly matter will stay in my mind without a list."
"live_questionnaire","data/questionnaires/q029.json","5","Agency","agentic","no_lexical_cue","","","I tend to assert boundaries for the group about what is and isn't acceptable."
"live_questionnaire","data/questionnaires/q029.json","6","Agency","yielding","no_lexical_cue","","","I am energized by helping a group articulate its shared vision to stakeholders."
"live_questionnaire","data/questionnaires/q029.json","7","Self-Orientation","altruism","no_lexical_cue","","","I hold the view that generosity with my time is the highest form of generosity."
"live_questionnaire","data/questionnaires/q029.json","8","Self-Orientation","self-focus","no_lexical_cue","","","I routinely invest in courses, certifications, and credentials that advance my career."
"live_questionnaire","data/questionnaires/q029.json","9","Self-Orientation","self-focus","context_candidate","event","deadlines","I routinely prioritize my own deadlines over requests that come from others."
"live_questionnaire","data/questionnaires/q029.json","10","Self-Orientation","altruism","no_lexical_cue","","","I routinely put my health second to the needs of those who depend on me."
"live_questionnaire","data/questionnaires/q029.json","11","Empathy","empathy","context_candidate","relationship; event","close to me; suffering","The suffering of the people close to me matters a great deal to me."
"live_questionnaire","data/questionnaires/q029.json","12","Reactivity","low-reactive","no_lexical_cue","","","My inner life has a quality of spaciousness — there's room for emotions without them crowding everything out."
"live_questionnaire","data/questionnaires/q029.json","13","Agency","agentic","conditional_only","conditional_only","When","When a conversation stalls, I push it forward with a concrete proposal."
"live_questionnaire","data/questionnaires/q029.json","14","Empathy","detachment","conditional_only","conditional_only","When","When someone is in pain, I rarely feel a wish to make it better."
"live_questionnaire","data/questionnaires/q029.json","15","Social Attunement","hyper-attuned","no_lexical_cue","","","I find myself tracking the emotional trajectory of a conversation as it unfolds."
"live_questionnaire","data/questionnaires/q029.json","16","Social Attunement","hypo-attuned","context_candidate","setting","in a group","I do not naturally notice who is comfortable and who is uncomfortable in a group."
"live_questionnaire","data/questionnaires/q029.json","17","Reactivity","high-reactive","conditional_only","conditional_only","When; before","When I witness something moving, my eyes well up before I've even decided how I feel about it."
"live_questionnaire","data/questionnaires/q029.json","18","Conscientiousness","spontaneous","conditional_only","conditional_only","when","I think about backups only when something goes wrong and I wish I had one."
"live_questionnaire","data/questionnaires/q029.json","19","Self-Orientation","self-focus","no_lexical_cue","","","I routinely set aside time and money specifically for my own growth and enjoyment."
"live_questionnaire","data/questionnaires/q029.json","20","Reactivity","high-reactive","no_lexical_cue","","","I can feel adrenaline surge through me in response to relatively minor provocations."
"live_questionnaire","data/questionnaires/q029.json","21","Empathy","detachment","no_lexical_cue","","","Once I stop hearing about a person's troubles, I stop thinking about their wellbeing."
"live_questionnaire","data/questionnaires/q029.json","22","Empathy","empathy","conditional_only","conditional_only","if","Understanding how a policy harms people makes me concerned for them, even if it does not affect me."
"live_questionnaire","data/questionnaires/q029.json","23","Social Attunement","hyper-attuned","no_lexical_cue","","","I am highly aware of who initiates conversation and who waits to be approached in social settings."
"live_questionnaire","data/questionnaires/q029.json","24","Conscientiousness","spontaneous","no_lexical_cue","","","I prefer to dive into a project and let the structure emerge organically."
"live_questionnaire","data/questionnaires/q029.json","25","Self-Orientation","altruism","no_lexical_cue","","","I would spend my sabbatical working on behalf of a community project rather than resting."
"live_questionnaire","data/questionnaires/q029.json","26","Conscientiousness","conscientious","no_lexical_cue","","","I keep a detailed calendar and refer to it multiple times a day."
"live_questionnaire","data/questionnaires/q029.json","27","Agency","yielding","no_lexical_cue","","","I tend to let multiple people contribute to important documents without one person holding the pen."
"live_questionnaire","data/questionnaires/q029.json","28","Social Attunement","hypo-attuned","no_lexical_cue","","","I tend not to think about why someone chose to sit where they sat."
"live_questionnaire","data/questionnaires/q029.json","29","Reactivity","low-reactive","no_lexical_cue","","","I notice that I rarely feel the need to talk through my emotions to reduce their intensity."
"live_questionnaire","data/questionnaires/q029.json","30","Conscientiousness","conscientious","no_lexical_cue","","","I keep a master list of all ongoing projects and their current statuses."
"live_questionnaire","data/questionnaires/q029.json","31","Reactivity","low-reactive","no_lexical_cue","","","I tend to absorb the emotional content of a conversation without it altering my physiological state."
"live_questionnaire","data/questionnaires/q029.json","32","Empathy","detachment","no_lexical_cue","","","Other people's hardships tend to matter little to me."
"live_questionnaire","data/questionnaires/q029.json","33","Social Attunement","hypo-attuned","no_lexical_cue","","","I tend to assume people are in a neutral mood unless they tell me otherwise."
"live_questionnaire","data/questionnaires/q029.json","34","Empathy","empathy","conditional_only","conditional_only","When","When I understand how someone's pain could be eased, I want that relief for them."
"live_questionnaire","data/questionnaires/q029.json","35","Agency","yielding","no_lexical_cue","","","I look for ways to distribute ownership of problems across the group."
"live_questionnaire","data/questionnaires/q029.json","36","Conscientiousness","conscientious","no_lexical_cue","","","I think about what skills I'll need in the future and start developing them now."
"live_questionnaire","data/questionnaires/q030.json","1","Social Attunement","hyper-attuned","conditional_only","conditional_only","when","I notice the precise moment when a group conversation becomes dominated by one person."
"live_questionnaire","data/questionnaires/q030.json","2","Self-Orientation","self-focus","no_lexical_cue","","","I tend to choose the restaurant, the movie, or the activity that I most want."
"live_questionnaire","data/questionnaires/q030.json","3","Reactivity","low-reactive","context_candidate","event","stressors","I can handle multiple stressors simultaneously without feeling destabilized."
"live_questionnaire","data/questionnaires/q030.json","4","Social Attunement","hypo-attuned","conditional_only","conditional_only","when","I do not usually notice when someone is carefully not mentioning a person or topic that is obviously relevant."
"live_questionnaire","data/questionnaires/q030.json","5","Conscientiousness","conscientious","no_lexical_cue","","","I compare estimated time versus actual time on tasks to improve my planning accuracy."
"live_questionnaire","data/questionnaires/q030.json","6","Social Attunement","hyper-attuned","context_candidate","setting","team","I sense when a team member is withdrawing their investment in a project through subtle disengagement."
"live_questionnaire","data/questionnaires/q030.json","7","Reactivity","high-reactive","context_candidate","event","stressful","After a stressful event, it takes me a long time to return to my emotional baseline."
"live_questionnaire","data/questionnaires/q030.json","8","Conscientiousness","conscientious","no_lexical_cue","","","I keep a running list of things I need to remember and review it regularly."
"live_questionnaire","data/questionnaires/q030.json","9","Conscientiousness","conscientious","no_lexical_cue","","","I proactively organize shared spaces and group projects because order enables progress."
"live_questionnaire","data/questionnaires/q030.json","10","Social Attunement","hyper-attuned","conditional_only","conditional_only","when","I notice when a person arranges their belongings on a table to claim space or establish boundaries."
"live_questionnaire","data/questionnaires/q030.json","11","Empathy","empathy","conditional_only","conditional_only","When","When I hear about a group of people in serious trouble, I usually feel some concern for them."
"live_questionnaire","data/questionnaires/q030.json","12","Self-Orientation","self-focus","conditional_only","conditional_only","before","I tend to weigh how a decision affects me before considering how it affects others."
"live_questionnaire","data/questionnaires/q030.json","13","Empathy","detachment","conditional_only","conditional_only","after","Even after hearing the whole story of what a person has endured, I feel little wish to help them."
"live_questionnaire","data/questionnaires/q030.json","14","Empathy","detachment","conditional_only","conditional_only","when","Even when I clearly understand another person's hardship, their wellbeing rarely becomes more important to me."
"live_questionnaire","data/questionnaires/q030.json","15","Self-Orientation","altruism","conditional_only","conditional_only","when","I feel most like myself when I am in the middle of helping someone."
"live_questionnaire","data/questionnaires/q030.json","16","Reactivity","low-reactive","conditional_only","conditional_only","during","I rarely feel emotionally overwhelmed, even during genuinely difficult times."
"live_questionnaire","data/questionnaires/q030.json","17","Conscientiousness","spontaneous","no_lexical_cue","","","A messy desk doesn't bother me; I know where everything is in my own way."
"live_questionnaire","data/questionnaires/q030.json","18","Social Attunement","hypo-attuned","context_candidate","setting","in the group","I tend to miss when someone uses a particular anecdote to send a message to someone else in the group."
"live_questionnaire","data/questionnaires/q030.json","19","Social Attunement","hypo-attuned","no_lexical_cue","","","I rarely consider whether the timing of a message carries meaning beyond its content."
"live_questionnaire","data/questionnaires/q030.json","20","Self-Orientation","altruism","conditional_only","conditional_only","when","I routinely offer to drive others to appointments, even when it disrupts my own plans."
"live_questionnaire","data/questionnaires/q030.json","21","Agency","agentic","context_candidate","setting","team","I am the person who reframes a problem so the team can act on it."
"live_questionnaire","data/questionnaires/q030.json","22","Conscientiousness","spontaneous","no_lexical_cue","","","I send emails as soon as I write them, trusting my first phrasing is good enough."
"live_questionnaire","data/questionnaires/q030.json","23","Conscientiousness","spontaneous","no_lexical_cue","","","I let the day's most important task reveal itself through my engagement rather than deciding it in advance."
"live_questionnaire","data/questionnaires/q030.json","24","Reactivity","high-reactive","conditional_only","conditional_only","When","When I'm emotionally activated, my peripheral vision narrows and everything feels urgent."
"live_questionnaire","data/questionnaires/q030.json","25","Empathy","detachment","context_candidate","event","Suffering","Suffering among people outside my own circle rarely concerns me."
"live_questionnaire","data/questionnaires/q030.json","26","Agency","yielding","conditional_only","conditional_only","when","I rarely overrule a group decision, even when I think there is a better option."
"live_questionnaire","data/questionnaires/q030.json","27","Self-Orientation","self-focus","no_lexical_cue","","","I find that traveling alone to pursue my own interests is more fulfilling than compromising on a group itinerary."
"live_questionnaire","data/questionnaires/q030.json","28","Agency","agentic","conditional_only","conditional_only","When","When I have a vision, I pursue it whether or not others initially agree."
"live_questionnaire","data/questionnaires/q030.json","29","Empathy","empathy","no_lexical_cue","","","As I work through the details of another person's difficulty, I care about what the experience is like for them."
"live_questionnaire","data/questionnaires/q030.json","30","Agency","yielding","conditional_only","conditional_only","before","I ask the group to define what done looks like before we begin."
"live_questionnaire","data/questionnaires/q030.json","31","Agency","yielding","conditional_only","conditional_only","before","I often wait for the group to signal readiness before pursuing change."
"live_questionnaire","data/questionnaires/q030.json","32","Empathy","empathy","conditional_only","conditional_only","When","When I learn that someone has been harmed, I feel a moral pull to respond that remains present until I have taken action."
"live_questionnaire","data/questionnaires/q030.json","33","Reactivity","high-reactive","conditional_only","conditional_only","When","When I feel content, the contentment saturates me completely — it's not a background hum, it's the whole song."
"live_questionnaire","data/questionnaires/q030.json","34","Agency","agentic","no_lexical_cue","","","I tend to be the voice that names the elephant in the room."
"live_questionnaire","data/questionnaires/q030.json","35","Self-Orientation","altruism","conditional_only","conditional_only","before","I tend to respond to every request for help before attending to my own inbox."
"live_questionnaire","data/questionnaires/q030.json","36","Reactivity","low-reactive","no_lexical_cue","","","My nervous system seems to have a wide comfort zone that few experiences push me out of."
