"axis","pole_direction","pole_label","strength","source","question_text","source_pool_file"
"Social Attunement","hyper-attuned","Hyper-Attuned","mild","baseline row 16","I notice when someone is being left out of a conversation even when it is not obvious.","axis3-social-attunement.json"
"Social Attunement","hyper-attuned","Hyper-Attuned","mild","baseline row 31","I pick up on the way someone's posture shifts when a particular person enters the room.","axis3-social-attunement.json"
"Social Attunement","hyper-attuned","Hyper-Attuned","mild","baseline row 318","I can tell when a meeting is happening for show rather than for any real decision-making.","axis3-social-attunement.json"
"Social Attunement","hyper-attuned","Hyper-Attuned","mild","baseline row 49","I notice when someone carefully chooses words to avoid offending a specific person in the room.","axis3-social-attunement.json"
"Social Attunement","hyper-attuned","Hyper-Attuned","mild","baseline row 33","I am attuned to the silent negotiations that happen before a group makes a decision.","axis3-social-attunement.json"
"Social Attunement","hyper-attuned","Hyper-Attuned","mild","baseline row 34","I feel like I can sense what a group's unwritten rules are without being told.","axis3-social-attunement.json"
"Social Attunement","hyper-attuned","Hyper-Attuned","mild","baseline row 82","I sense the difference between a comfortable lull in conversation and an awkward one.","axis3-social-attunement.json"
"Social Attunement","hyper-attuned","Hyper-Attuned","mild","baseline row 77","I pick up on the subtle cues that indicate someone feels out of place in a group.","axis3-social-attunement.json"
"Social Attunement","hyper-attuned","Hyper-Attuned","mild","baseline row 12","I can read the atmosphere of a meeting within seconds of walking in.","axis3-social-attunement.json"
"Social Attunement","hyper-attuned","Hyper-Attuned","mild","baseline row 9","I intuitively understand the unspoken hierarchy in any social group I enter.","axis3-social-attunement.json"
"Social Attunement","hyper-attuned","Hyper-Attuned","mild","baseline row 50","I find myself tracking the emotional trajectory of a conversation as it unfolds.","axis3-social-attunement.json"
"Social Attunement","hyper-attuned","Hyper-Attuned","mild","baseline row 352","I notice when a group's laughter is directed at someone rather than shared with them.","axis3-social-attunement.json"
"Social Attunement","hyper-attuned","Hyper-Attuned","mild","baseline row 23","I often catch the quick glance two people exchange when something significant is said.","axis3-social-attunement.json"
"Social Attunement","hyper-attuned","Hyper-Attuned","mild","baseline row 14","I often know what someone is about to say before they say it based on context cues.","axis3-social-attunement.json"
"Social Attunement","hyper-attuned","Hyper-Attuned","mild","baseline row 407","I notice when the physical distance between two people in a conversation is slightly greater than normal and read the reason for it.","axis3-social-attunement.json"
"Social Attunement","hyper-attuned","Hyper-Attuned","mild","baseline row 87","I notice the precise moment when a group conversation becomes dominated by one person.","axis3-social-attunement.json"
"Social Attunement","hyper-attuned","Hyper-Attuned","mild","baseline row 39","I am aware of the invisible alliances that form in any group setting.","axis3-social-attunement.json"
"Social Attunement","hyper-attuned","Hyper-Attuned","mild","baseline row 38","I notice the social signals that indicate someone is ready to end a conversation.","axis3-social-attunement.json"
"Social Attunement","hyper-attuned","Hyper-Attuned","mild","baseline row 92","I often sense that there is a conversation happening beneath the surface conversation.","axis3-social-attunement.json"
"Social Attunement","hyper-attuned","Hyper-Attuned","mild","baseline row 66","I detect when a joke lands differently than the speaker intended.","axis3-social-attunement.json"
"Social Attunement","hyper-attuned","Hyper-Attuned","mild","baseline row 25","I notice when someone is testing the waters with a comment before committing to an opinion.","axis3-social-attunement.json"
"Social Attunement","hyper-attuned","Hyper-Attuned","mild","baseline row 43","I can usually tell when someone has been crying even if they have composed themselves.","axis3-social-attunement.json"
"Social Attunement","hyper-attuned","Hyper-Attuned","mild","baseline row 432","I detect when a person uses physical touch, like a pat on the back, to establish a hierarchy rather than express warmth.","axis3-social-attunement.json"
"Social Attunement","hyper-attuned","Hyper-Attuned","mild","baseline row 58","I detect when someone is subtly seeking validation in the way they tell a story.","axis3-social-attunement.json"
"Social Attunement","hyper-attuned","Hyper-Attuned","mild","baseline row 74","I notice when someone positions a request as a suggestion to make it more palatable.","axis3-social-attunement.json"
"Social Attunement","hyper-attuned","Hyper-Attuned","mild","baseline row 73","I detect when a group's energy shifts from casual to serious.","axis3-social-attunement.json"
"Social Attunement","hyper-attuned","Hyper-Attuned","mild","baseline row 30","I can sense when two people are pretending to get along but actually dislike each other.","axis3-social-attunement.json"
"Social Attunement","hyper-attuned","Hyper-Attuned","mild","baseline row 7","I notice micro-expressions that flash across someone's face during conversation.","axis3-social-attunement.json"
"Social Attunement","hyper-attuned","Hyper-Attuned","mild","baseline row 10","I feel like I have a sixth sense for when something is off in a social situation.","axis3-social-attunement.json"
"Social Attunement","hyper-attuned","Hyper-Attuned","mild","baseline row 83","I notice when people adjust their vocabulary depending on who they are speaking to.","axis3-social-attunement.json"
"Social Attunement","hyper-attuned","Hyper-Attuned","moderate","baseline row 131","I pick up on when someone shortens their responses as a signal they want the conversation to end.","axis3-social-attunement.json"
"Social Attunement","hyper-attuned","Hyper-Attuned","moderate","baseline row 150","I am attuned to the way social norms shift from one context to another within the same group.","axis3-social-attunement.json"
"Social Attunement","hyper-attuned","Hyper-Attuned","moderate","baseline row 133","I sense when the real decision-maker in a meeting is not the person with the highest title.","axis3-social-attunement.json"
"Social Attunement","hyper-attuned","Hyper-Attuned","moderate","baseline row 308","I notice when someone matches the volume of the loudest person in the room to assert themselves.","axis3-social-attunement.json"
"Social Attunement","hyper-attuned","Hyper-Attuned","moderate","baseline row 328","I detect when someone answers a different question than the one that was asked to steer the conversation.","axis3-social-attunement.json"
"Social Attunement","hyper-attuned","Hyper-Attuned","moderate","baseline row 361","I notice when someone glances at the clock or door during a conversation, signaling they have mentally left.","axis3-social-attunement.json"
"Social Attunement","hyper-attuned","Hyper-Attuned","moderate","baseline row 120","I can tell when someone is interested in a conversation topic versus enduring it out of courtesy.","axis3-social-attunement.json"
"Social Attunement","hyper-attuned","Hyper-Attuned","moderate","baseline row 357","I detect when a friend group has a designated peacekeeper who steps in at predictable moments.","axis3-social-attunement.json"
"Social Attunement","hyper-attuned","Hyper-Attuned","moderate","baseline row 362","I sense when a group is tacitly agreeing to lower the emotional register of a conversation to keep things safe.","axis3-social-attunement.json"
"Social Attunement","hyper-attuned","Hyper-Attuned","moderate","baseline row 339","I sense when a team member is withdrawing their investment in a project through subtle disengagement.","axis3-social-attunement.json"
"Social Attunement","hyper-attuned","Hyper-Attuned","moderate","baseline row 325","I sense when the energy of a room drops the moment a particular person starts speaking.","axis3-social-attunement.json"
"Social Attunement","hyper-attuned","Hyper-Attuned","moderate","baseline row 124","I sense the social temperature of an email based on word choice, punctuation, and formatting.","axis3-social-attunement.json"
"Social Attunement","hyper-attuned","Hyper-Attuned","moderate","baseline row 97","I find myself noticing the cadence and rhythm of a conversation, not just the words.","axis3-social-attunement.json"
"Social Attunement","hyper-attuned","Hyper-Attuned","moderate","baseline row 355","I notice when someone adopts a casual posture to deliberately lower the perceived stakes of a conversation.","axis3-social-attunement.json"
"Social Attunement","hyper-attuned","Hyper-Attuned","moderate","baseline row 96","I sense when a group has collectively decided on something before any formal vote or discussion.","axis3-social-attunement.json"
"Social Attunement","hyper-attuned","Hyper-Attuned","moderate","baseline row 341","I detect when someone is watching a conversation from the periphery with more interest than they are showing.","axis3-social-attunement.json"
"Social Attunement","hyper-attuned","Hyper-Attuned","moderate","baseline row 312","I can tell when two people have had a private conversation before a group meeting based on how they interact.","axis3-social-attunement.json"
"Social Attunement","hyper-attuned","Hyper-Attuned","moderate","baseline row 130","I notice when an email is bcc'd to someone based on the overly formal tone.","axis3-social-attunement.json"
"Social Attunement","hyper-attuned","Hyper-Attuned","moderate","baseline row 363","I detect when someone emphasizes a particular word to send a message that only certain listeners will catch.","axis3-social-attunement.json"
"Social Attunement","hyper-attuned","Hyper-Attuned","moderate","baseline row 309","I pick up on the difference between someone who is quiet by nature and someone who has been silenced by the group.","axis3-social-attunement.json"
"Social Attunement","hyper-attuned","Hyper-Attuned","moderate","baseline row 317","I notice when someone repeats a phrase another person used earlier to build rapport or to mock them.","axis3-social-attunement.json"
"Social Attunement","hyper-attuned","Hyper-Attuned","moderate","baseline row 332","I notice when someone speeds up their speech to get through a point before they can be interrupted.","axis3-social-attunement.json"
"Social Attunement","hyper-attuned","Hyper-Attuned","moderate","baseline row 351","I can tell when someone volunteers information to create an impression of transparency while still hiding the important parts.","axis3-social-attunement.json"
"Social Attunement","hyper-attuned","Hyper-Attuned","moderate","baseline row 329","I notice the way certain people in a group look to one specific person before reacting.","axis3-social-attunement.json"
"Social Attunement","hyper-attuned","Hyper-Attuned","moderate","baseline row 334","I notice when a person brings up old information at a strategic moment to shift the dynamics of a conversation.","axis3-social-attunement.json"
"Social Attunement","hyper-attuned","Hyper-Attuned","moderate","baseline row 338","I can tell when a couple is mid-argument even though they are being perfectly civil in public.","axis3-social-attunement.json"
"Social Attunement","hyper-attuned","Hyper-Attuned","moderate","baseline row 335","I sense when someone is listening with the intent to find a weakness in what is being said.","axis3-social-attunement.json"
"Social Attunement","hyper-attuned","Hyper-Attuned","moderate","baseline row 304","I detect when someone uses a nickname versus a full name to signal the current state of a relationship.","axis3-social-attunement.json"
"Social Attunement","hyper-attuned","Hyper-Attuned","moderate","baseline row 323","I notice when a person touches their face or neck during a conversation as a self-soothing gesture.","axis3-social-attunement.json"
"Social Attunement","hyper-attuned","Hyper-Attuned","moderate","baseline row 307","I sense when a person is choosing to sit in a specific seat because of who is already sitting where.","axis3-social-attunement.json"
"Social Attunement","hyper-attuned","Hyper-Attuned","strong","baseline row 385","I detect when a group member's contribution is being quietly dismissed by the way others respond to it.","axis3-social-attunement.json"
"Social Attunement","hyper-attuned","Hyper-Attuned","strong","baseline row 443","I notice when someone volunteers to leave a room to give others privacy they did not explicitly request.","axis3-social-attunement.json"
"Social Attunement","hyper-attuned","Hyper-Attuned","strong","baseline row 100","I am highly aware of who initiates conversation and who waits to be approached in social settings.","axis3-social-attunement.json"
"Social Attunement","hyper-attuned","Hyper-Attuned","strong","baseline row 365","I pick up on when someone deliberately mentions a deadline or constraint to create urgency and shift the power balance.","axis3-social-attunement.json"
"Social Attunement","hyper-attuned","Hyper-Attuned","strong","baseline row 410","I notice when two people have developed private shorthand or inside references that exclude others in the group.","axis3-social-attunement.json"
"Social Attunement","hyper-attuned","Hyper-Attuned","strong","baseline row 394","I can tell when someone is keeping a conversation going longer than natural because they are avoiding being alone.","axis3-social-attunement.json"
"Social Attunement","hyper-attuned","Hyper-Attuned","strong","baseline row 399","I sense when a shared meal or coffee is actually a pretext for a conversation someone needs to have.","axis3-social-attunement.json"
"Social Attunement","hyper-attuned","Hyper-Attuned","strong","baseline row 422","I notice when a person clenches or unclenches their hands in rhythm with the emotional intensity of a conversation.","axis3-social-attunement.json"
"Social Attunement","hyper-attuned","Hyper-Attuned","strong","baseline row 447","I sense the difference between a group that is comfortable with each other and a group that is performing comfort.","axis3-social-attunement.json"
"Social Attunement","hyper-attuned","Hyper-Attuned","strong","baseline row 392","I notice when someone's reply to a group message is really only intended for one person in the thread.","axis3-social-attunement.json"
"Social Attunement","hyper-attuned","Hyper-Attuned","strong","baseline row 449","I notice when a conversation partner's pupils dilate or contract in response to what is being discussed.","axis3-social-attunement.json"
"Social Attunement","hyper-attuned","Hyper-Attuned","strong","baseline row 144","I detect the emotional residue in a room where something intense just happened.","axis3-social-attunement.json"
"Social Attunement","hyper-attuned","Hyper-Attuned","strong","baseline row 434","I notice when a group instinctively leaves a chair empty next to someone they find socially difficult.","axis3-social-attunement.json"
"Social Attunement","hyper-attuned","Hyper-Attuned","strong","baseline row 406","I can tell when a person adjusts their level of formality mid-conversation in response to a social cue they received.","axis3-social-attunement.json"
"Social Attunement","hyper-attuned","Hyper-Attuned","strong","baseline row 370","I notice when the pitch of a room changes because one dominant personality entered or left.","axis3-social-attunement.json"
"Social Attunement","hyper-attuned","Hyper-Attuned","strong","baseline row 387","I sense when a conversation partner is mirroring my energy not out of genuine rapport but as a social technique.","axis3-social-attunement.json"
"Social Attunement","hyper-attuned","Hyper-Attuned","strong","baseline row 400","I can feel when a social gathering has an invisible guest list that determines who was and was not expected.","axis3-social-attunement.json"
"Social Attunement","hyper-attuned","Hyper-Attuned","strong","baseline row 442","I can tell when two people in a room are aware of each other even when they are not interacting.","axis3-social-attunement.json"
"Social Attunement","hyper-attuned","Hyper-Attuned","strong","baseline row 371","I pick up on when a person lingers after a group disperses because they want a private word with someone specific.","axis3-social-attunement.json"
"Social Attunement","hyper-attuned","Hyper-Attuned","strong","baseline row 378","I sense when an invitation was extended to one person but worded to include the group so it would not seem exclusive.","axis3-social-attunement.json"
"Social Attunement","hyper-attuned","Hyper-Attuned","strong","baseline row 405","I sense when someone is being conspicuously silent to make their absence from the conversation felt.","axis3-social-attunement.json"
"Social Attunement","hyper-attuned","Hyper-Attuned","strong","baseline row 419","I notice when a group conversation has an unacknowledged moderator who is guiding the flow without being explicit about it.","axis3-social-attunement.json"
"Social Attunement","hyper-attuned","Hyper-Attuned","strong","baseline row 431","I notice the way people edit their stories in real time based on the reactions they are getting.","axis3-social-attunement.json"
"Social Attunement","hyper-attuned","Hyper-Attuned","strong","baseline row 369","I detect when someone uses vague language like 'some people think' to express their own opinion without owning it.","axis3-social-attunement.json"
"Social Attunement","hyper-attuned","Hyper-Attuned","strong","baseline row 366","I can tell when someone is smiling with their mouth but not with the muscles around their eyes.","axis3-social-attunement.json"
"Social Attunement","hyper-attuned","Hyper-Attuned","strong","baseline row 430","I can tell when a conversation's real audience is not the person being spoken to but someone who is overhearing.","axis3-social-attunement.json"
"Social Attunement","hyper-attuned","Hyper-Attuned","strong","baseline row 380","I notice the micro-adjustments people make to their clothing or hair when someone they want to impress is nearby.","axis3-social-attunement.json"
"Social Attunement","hyper-attuned","Hyper-Attuned","strong","baseline row 373","I notice when a person arranges their belongings on a table to claim space or establish boundaries.","axis3-social-attunement.json"
"Social Attunement","hyper-attuned","Hyper-Attuned","strong","baseline row 391","I detect when someone positions themselves physically between two people to mediate or interrupt a connection.","axis3-social-attunement.json"
"Social Attunement","hyper-attuned","Hyper-Attuned","strong","baseline row 417","I sense the unspoken ranking of whose time is considered most valuable in a professional setting.","axis3-social-attunement.json"
"Social Attunement","hypo-attuned","Hypo-Attuned","mild","baseline row 277","I often do not realize that a conversation had multiple layers until someone explains it to me afterward.","axis3-social-attunement.json"
"Social Attunement","hypo-attuned","Hypo-Attuned","mild","baseline row 509","I tend to be unaware of the subtle ways people express loyalty to each other in group settings.","axis3-social-attunement.json"
"Social Attunement","hypo-attuned","Hypo-Attuned","mild","baseline row 226","I focus on the explicit agenda of a meeting rather than the interpersonal dynamics.","axis3-social-attunement.json"
"Social Attunement","hypo-attuned","Hypo-Attuned","mild","baseline row 281","I am usually more aware of the logical flow of a conversation than its emotional currents.","axis3-social-attunement.json"
"Social Attunement","hypo-attuned","Hypo-Attuned","mild","baseline row 565","I tend to treat silence in a conversation as simply a pause rather than as communication.","axis3-social-attunement.json"
"Social Attunement","hypo-attuned","Hypo-Attuned","mild","baseline row 453","I generally do not analyze why someone chose a particular word when a simpler one would do.","axis3-social-attunement.json"
"Social Attunement","hypo-attuned","Hypo-Attuned","mild","baseline row 499","I tend to miss the social implications of who gets credit for an idea in a group.","axis3-social-attunement.json"
"Social Attunement","hypo-attuned","Hypo-Attuned","mild","baseline row 455","I do not usually notice when someone is nervous during a conversation unless they say so.","axis3-social-attunement.json"
"Social Attunement","hypo-attuned","Hypo-Attuned","mild","baseline row 252","I often do not notice when someone feels excluded from a group.","axis3-social-attunement.json"
"Social Attunement","hypo-attuned","Hypo-Attuned","mild","baseline row 262","I tend to miss when a conversation has a dual purpose beyond its surface topic.","axis3-social-attunement.json"
"Social Attunement","hypo-attuned","Hypo-Attuned","mild","baseline row 478","I do not usually detect when a question is rhetorical versus when someone actually wants an answer.","axis3-social-attunement.json"
"Social Attunement","hypo-attuned","Hypo-Attuned","mild","baseline row 208","I do not usually pick up on whether someone is genuinely enthusiastic or just being polite.","axis3-social-attunement.json"
"Social Attunement","hypo-attuned","Hypo-Attuned","mild","baseline row 573","I tend to focus on whether an idea is good rather than on how it was received by the group.","axis3-social-attunement.json"
"Social Attunement","hypo-attuned","Hypo-Attuned","mild","baseline row 590","I do not usually register when a person responds with slightly more distance after I said something they disagreed with.","axis3-social-attunement.json"
"Social Attunement","hypo-attuned","Hypo-Attuned","mild","baseline row 458","I tend to accept invitations at face value without wondering if there is a subtext.","axis3-social-attunement.json"
"Social Attunement","hypo-attuned","Hypo-Attuned","mild","baseline row 168","I tend to be surprised when someone tells me about interpersonal tension I had not noticed.","axis3-social-attunement.json"
"Social Attunement","hypo-attuned","Hypo-Attuned","mild","baseline row 298","I tend to miss when someone uses a particular anecdote to send a message to someone else in the group.","axis3-social-attunement.json"
"Social Attunement","hypo-attuned","Hypo-Attuned","mild","baseline row 454","I tend to assume people are in a neutral mood unless they tell me otherwise.","axis3-social-attunement.json"
"Social Attunement","hypo-attuned","Hypo-Attuned","mild","baseline row 169","I prefer straightforward conversations where everything is on the table.","axis3-social-attunement.json"
"Social Attunement","hypo-attuned","Hypo-Attuned","mild","baseline row 249","I tend to be focused on my own train of thought during conversations rather than scanning for reactions.","axis3-social-attunement.json"
"Social Attunement","hypo-attuned","Hypo-Attuned","mild","baseline row 227","I tend to take jokes and comments literally when others see layers of meaning.","axis3-social-attunement.json"
"Social Attunement","hypo-attuned","Hypo-Attuned","mild","baseline row 183","I often need someone to explain the social dynamics of a situation after the fact.","axis3-social-attunement.json"
"Social Attunement","hypo-attuned","Hypo-Attuned","mild","baseline row 498","I do not naturally sense when someone wants to be contradicted rather than agreed with.","axis3-social-attunement.json"
"Social Attunement","hypo-attuned","Hypo-Attuned","mild","baseline row 268","I usually do not notice when someone adjusts their behavior after getting a social signal from someone else.","axis3-social-attunement.json"
"Social Attunement","hypo-attuned","Hypo-Attuned","mild","baseline row 495","I do not usually notice when someone edits their story in real time based on audience reactions.","axis3-social-attunement.json"
"Social Attunement","hypo-attuned","Hypo-Attuned","mild","baseline row 219","I tend to miss the warning signs that a conversation is heading toward conflict.","axis3-social-attunement.json"
"Social Attunement","hypo-attuned","Hypo-Attuned","mild","baseline row 475","I tend to miss when someone includes me in a plan out of obligation rather than desire.","axis3-social-attunement.json"
"Social Attunement","hypo-attuned","Hypo-Attuned","mild","baseline row 493","I tend to miss when a conversational pause is an invitation for me to share something personal.","axis3-social-attunement.json"
"Social Attunement","hypo-attuned","Hypo-Attuned","mild","baseline row 285","I prefer to deal with what is said rather than speculate about what was meant.","axis3-social-attunement.json"
"Social Attunement","hypo-attuned","Hypo-Attuned","mild","baseline row 506","I tend to miss when someone frames bad news inside good news to soften the blow.","axis3-social-attunement.json"
"Social Attunement","hypo-attuned","Hypo-Attuned","moderate","baseline row 241","I do not pick up on the nonverbal signals that indicate whether a group wants my input.","axis3-social-attunement.json"
"Social Attunement","hypo-attuned","Hypo-Attuned","moderate","baseline row 211","I tend not to notice when two people share a meaningful look during a conversation.","axis3-social-attunement.json"
"Social Attunement","hypo-attuned","Hypo-Attuned","moderate","baseline row 534","I do not usually sense when the mood of a text conversation shifts because of an emoji choice or its absence.","axis3-social-attunement.json"
"Social Attunement","hypo-attuned","Hypo-Attuned","moderate","baseline row 230","I do not naturally notice who is comfortable and who is uncomfortable in a group.","axis3-social-attunement.json"
"Social Attunement","hypo-attuned","Hypo-Attuned","moderate","baseline row 250","I rarely detect the difference between someone making small talk and someone trying to connect.","axis3-social-attunement.json"
"Social Attunement","hypo-attuned","Hypo-Attuned","moderate","baseline row 222","I rarely think about what someone left unsaid after a conversation.","axis3-social-attunement.json"
"Social Attunement","hypo-attuned","Hypo-Attuned","moderate","baseline row 271","I do not naturally decode the layers of meaning in polite conversation.","axis3-social-attunement.json"
"Social Attunement","hypo-attuned","Hypo-Attuned","moderate","baseline row 295","I tend not to detect when a story is being told for the benefit of a specific listener.","axis3-social-attunement.json"
"Social Attunement","hypo-attuned","Hypo-Attuned","moderate","baseline row 588","I tend to be unaware of when someone is matching my energy level to put me at ease.","axis3-social-attunement.json"
"Social Attunement","hypo-attuned","Hypo-Attuned","moderate","baseline row 228","I find it puzzling when people say one thing but apparently mean another.","axis3-social-attunement.json"
"Social Attunement","hypo-attuned","Hypo-Attuned","moderate","baseline row 538","I tend to miss when a person's enthusiasm about a topic is meant to signal something about their values.","axis3-social-attunement.json"
"Social Attunement","hypo-attuned","Hypo-Attuned","moderate","baseline row 199","I rarely pick up on the implicit rules of a new social group without being told.","axis3-social-attunement.json"
"Social Attunement","hypo-attuned","Hypo-Attuned","moderate","baseline row 564","I do not usually notice when a person glances at their companion for confirmation before committing to a plan.","axis3-social-attunement.json"
"Social Attunement","hypo-attuned","Hypo-Attuned","moderate","baseline row 520","I tend to be the last person to realize when a social event is winding down.","axis3-social-attunement.json"
"Social Attunement","hypo-attuned","Hypo-Attuned","moderate","baseline row 196","I do not naturally sense when a room is tense.","axis3-social-attunement.json"
"Social Attunement","hypo-attuned","Hypo-Attuned","moderate","baseline row 598","I do not usually detect when a social environment has an unspoken expectation about reciprocity.","axis3-social-attunement.json"
"Social Attunement","hypo-attuned","Hypo-Attuned","moderate","baseline row 264","I rarely notice when someone is posturing for an audience during a meeting.","axis3-social-attunement.json"
"Social Attunement","hypo-attuned","Hypo-Attuned","moderate","baseline row 245","I rarely notice when someone is trying to impress a particular person in a group.","axis3-social-attunement.json"
"Social Attunement","hypo-attuned","Hypo-Attuned","moderate","baseline row 519","I do not usually notice when a text message carries emotional subtext that goes beyond the words.","axis3-social-attunement.json"
"Social Attunement","hypo-attuned","Hypo-Attuned","moderate","baseline row 549","I tend to miss the social significance of who reaches out to whom first after a conflict.","axis3-social-attunement.json"
"Social Attunement","hypo-attuned","Hypo-Attuned","moderate","baseline row 170","I find it hard to tell when someone is being sarcastic versus sincere.","axis3-social-attunement.json"
"Social Attunement","hypo-attuned","Hypo-Attuned","moderate","baseline row 548","I do not usually pick up on the difference between a question that invites discussion and one that shuts it down.","axis3-social-attunement.json"
"Social Attunement","hypo-attuned","Hypo-Attuned","moderate","baseline row 526","I do not usually notice when someone answers a question for another person to control the narrative.","axis3-social-attunement.json"
"Social Attunement","hypo-attuned","Hypo-Attuned","moderate","baseline row 237","I rarely sense when someone is tailoring their message based on who is listening.","axis3-social-attunement.json"
"Social Attunement","hypo-attuned","Hypo-Attuned","moderate","baseline row 527","I tend to miss it when someone laughs at the wrong moment because they are uncomfortable.","axis3-social-attunement.json"
"Social Attunement","hypo-attuned","Hypo-Attuned","moderate","baseline row 166","I do not automatically read into people's tone or body language.","axis3-social-attunement.json"
"Social Attunement","hypo-attuned","Hypo-Attuned","moderate","baseline row 274","I rarely pick up on the nonverbal negotiation that happens before a group makes a decision.","axis3-social-attunement.json"
"Social Attunement","hypo-attuned","Hypo-Attuned","moderate","baseline row 542","I tend to be unaware of the unspoken rules about what topics are acceptable at a particular gathering.","axis3-social-attunement.json"
"Social Attunement","hypo-attuned","Hypo-Attuned","moderate","baseline row 556","I do not usually notice when someone is carefully not mentioning a person or topic that is obviously relevant.","axis3-social-attunement.json"
"Social Attunement","hypo-attuned","Hypo-Attuned","moderate","baseline row 532","I find that I generally miss when someone uses my name mid-conversation to increase intimacy or pressure.","axis3-social-attunement.json"
"Social Attunement","hypo-attuned","Hypo-Attuned","strong","baseline row 587","I do not naturally notice when a conversation between two people nearby is meant for me to overhear.","axis3-social-attunement.json"
"Social Attunement","hypo-attuned","Hypo-Attuned","strong","baseline row 513","I tend not to register when a group's dynamic shifts because of a new piece of information.","axis3-social-attunement.json"
"Social Attunement","hypo-attuned","Hypo-Attuned","strong","baseline row 569","I tend not to read meaning into someone choosing to communicate by text versus calling versus meeting in person.","axis3-social-attunement.json"
"Social Attunement","hypo-attuned","Hypo-Attuned","strong","baseline row 525","I rarely sense when a group has an unspoken agreement about who the designated leader is.","axis3-social-attunement.json"
"Social Attunement","hypo-attuned","Hypo-Attuned","strong","baseline row 529","I rarely detect when a person's interest in a conversation suddenly spikes because of something specific that was said.","axis3-social-attunement.json"
"Social Attunement","hypo-attuned","Hypo-Attuned","strong","baseline row 576","I do not naturally detect when someone uses a group's shared values or language to gain credibility.","axis3-social-attunement.json"
"Social Attunement","hypo-attuned","Hypo-Attuned","strong","baseline row 557","I tend not to register the social dynamics of who gets the last word in a conversation.","axis3-social-attunement.json"
"Social Attunement","hypo-attuned","Hypo-Attuned","strong","baseline row 488","I do not pick up on when someone is testing my reaction before committing to a stance.","axis3-social-attunement.json"
"Social Attunement","hypo-attuned","Hypo-Attuned","strong","baseline row 561","I tend to miss the way people calibrate how much personal information to share based on their read of the room.","axis3-social-attunement.json"
"Social Attunement","hypo-attuned","Hypo-Attuned","strong","baseline row 571","I rarely notice the implicit choreography of how a group arranges itself when it walks together.","axis3-social-attunement.json"
"Social Attunement","hypo-attuned","Hypo-Attuned","strong","baseline row 539","I rarely notice when someone slows down a conversation to give a quieter person space to contribute.","axis3-social-attunement.json"
"Social Attunement","hypo-attuned","Hypo-Attuned","strong","baseline row 536","I find it difficult to tell whether a group's silence indicates contentment or suppressed disagreement.","axis3-social-attunement.json"
"Social Attunement","hypo-attuned","Hypo-Attuned","strong","baseline row 474","I do not naturally sense when a friend group has an inner circle and an outer circle.","axis3-social-attunement.json"
"Social Attunement","hypo-attuned","Hypo-Attuned","strong","baseline row 591","I tend not to notice when someone deliberately includes me in a conversation by directing a question my way.","axis3-social-attunement.json"
"Social Attunement","hypo-attuned","Hypo-Attuned","strong","baseline row 566","I find it hard to tell when someone is genuinely asking for my opinion versus looking for validation.","axis3-social-attunement.json"
"Social Attunement","hypo-attuned","Hypo-Attuned","strong","baseline row 575","I rarely sense when a person is anchoring a negotiation through seemingly casual conversation.","axis3-social-attunement.json"
"Social Attunement","hypo-attuned","Hypo-Attuned","strong","baseline row 518","I find it hard to detect when someone is being supportive on the surface but competitive underneath.","axis3-social-attunement.json"
"Social Attunement","hypo-attuned","Hypo-Attuned","strong","baseline row 505","I do not naturally sense when two people are having a power struggle disguised as polite conversation.","axis3-social-attunement.json"
"Social Attunement","hypo-attuned","Hypo-Attuned","strong","baseline row 468","I rarely consider whether the timing of a message carries meaning beyond its content.","axis3-social-attunement.json"
"Social Attunement","hypo-attuned","Hypo-Attuned","strong","baseline row 595","I tend to miss it when a person's agreement comes with a subtle qualifier that changes its meaning entirely.","axis3-social-attunement.json"
"Social Attunement","hypo-attuned","Hypo-Attuned","strong","baseline row 544","I do not naturally notice the way people position themselves during a photo to signal closeness or distance.","axis3-social-attunement.json"
"Social Attunement","hypo-attuned","Hypo-Attuned","strong","baseline row 584","I rarely register when someone raises their eyebrows briefly to acknowledge a shared understanding.","axis3-social-attunement.json"
"Social Attunement","hypo-attuned","Hypo-Attuned","strong","baseline row 465","I tend not to think about why someone chose to sit where they sat.","axis3-social-attunement.json"
"Social Attunement","hypo-attuned","Hypo-Attuned","strong","baseline row 551","I rarely notice when the formality of an interaction is mismatched with the actual closeness of the relationship.","axis3-social-attunement.json"
"Social Attunement","hypo-attuned","Hypo-Attuned","strong","baseline row 597","I rarely notice when a person carefully positions a negative opinion as a question to soften the delivery.","axis3-social-attunement.json"
"Social Attunement","hypo-attuned","Hypo-Attuned","strong","baseline row 555","I rarely sense when a social environment has an implicit dress code or behavioral code that I am violating.","axis3-social-attunement.json"
"Social Attunement","hypo-attuned","Hypo-Attuned","strong","baseline row 599","I tend not to notice when someone shifts their gaze away to signal they are done with a topic.","axis3-social-attunement.json"
"Social Attunement","hypo-attuned","Hypo-Attuned","strong","baseline row 482","I rarely notice the social dynamics of who pays for what in a group.","axis3-social-attunement.json"
"Social Attunement","hypo-attuned","Hypo-Attuned","strong","baseline row 594","I do not naturally sense when a group has collectively moved on from a topic that one person still wants to discuss.","axis3-social-attunement.json"
"Social Attunement","hypo-attuned","Hypo-Attuned","strong","baseline row 589","I rarely sense when a person's choice of words reveals their stance on an issue they have not explicitly addressed.","axis3-social-attunement.json"
"Empathy–Detachment","empathy","Highly Empathic","mild","pr50-branch row 1","When I learn that someone I know is going through a difficult time, my first instinct is to consider how I might help.","axis1-empathy-detachment.json"
"Empathy–Detachment","empathy","Highly Empathic","moderate","pr50-branch row 2","When someone shares a painful experience, the fact of their pain carries real weight in my mind.","axis1-empathy-detachment.json"
"Empathy–Detachment","empathy","Highly Empathic","strong","pr50-branch row 4","I feel that the weight of another person's struggle is something I carry with me, not something I observe from a distance.","axis1-empathy-detachment.json"
"Empathy–Detachment","empathy","Highly Empathic","moderate","pr50-branch row 13","When I am near someone in deep pain, their suffering exists in my awareness as a moral weight that requires a response.","axis1-empathy-detachment.json"
"Empathy–Detachment","empathy","Highly Empathic","strong","pr50-branch row 15","I find that I cannot simply turn off my concern for someone once I have seen their pain.","axis1-empathy-detachment.json"
"Empathy–Detachment","empathy","Highly Empathic","strong","pr50-branch row 24","When someone shares their struggle with me, I experience it as a call to action rather than as information.","axis1-empathy-detachment.json"
"Empathy–Detachment","empathy","Highly Empathic","strong","pr50-branch row 35","When I learn that someone has been harmed, I feel a moral pull to respond that remains present until I have taken action.","axis1-empathy-detachment.json"
"Empathy–Detachment","empathy","Highly Empathic","strong","pr50-branch row 148","I find that the moral pull of another's pain is something I experience as a direct call to action, not as an abstract consideration.","axis1-empathy-detachment.json"
"Empathy–Detachment","empathy","Highly Empathic","strong","pr50-branch row 96 (light edit)","I register the weight of another person's pain not just intellectually but as something that genuinely matters to me and moves me.","axis1-empathy-detachment.json"
"Empathy–Detachment","empathy","Highly Empathic","strong","pr50-branch row 164 (light edit)","The felt weight of another person's hardship stays with me long after the encounter.","axis1-empathy-detachment.json"
"Empathy–Detachment","empathy","Highly Empathic","mild","pr50-branch row 5 (reworded)","I often feel drawn to check in on people I know are having a hard time, even when they haven't asked.","axis1-empathy-detachment.json"
"Empathy–Detachment","empathy","Highly Empathic","moderate","pr50-branch row 23 (reworded)","It is hard for me to turn away from someone's pain, even when I can't fix it.","axis1-empathy-detachment.json"
"Empathy–Detachment","empathy","Highly Empathic","moderate","pr50-branch row 39 (reworded)","Another person's hardship pulls at me even when responding is difficult.","axis1-empathy-detachment.json"
"Empathy–Detachment","empathy","Highly Empathic","moderate","pr50-branch row 40 (reworded)","When someone is suffering, I want to act, not just understand.","axis1-empathy-detachment.json"
"Empathy–Detachment","empathy","Highly Empathic","moderate","pr50-branch row 60 (reworded)","Someone's suffering matters to me even when they can't put their need into words.","axis1-empathy-detachment.json"
"Empathy–Detachment","empathy","Highly Empathic","strong","pr50-branch row 127 (reworded)","When someone is suffering, its claim on me is immediate; I don't need a further reason.","axis1-empathy-detachment.json"
"Empathy–Detachment","empathy","Highly Empathic","strong","pr50-branch row 130 (reworded)","The wish to respond to others' suffering is one of the strongest forces shaping my daily choices.","axis1-empathy-detachment.json"
"Empathy–Detachment","empathy","Highly Empathic","moderate","pr50-branch row 131 (reworded)","Someone's pain matters even more to me when they have no one else to turn to.","axis1-empathy-detachment.json"
"Empathy–Detachment","empathy","Highly Empathic","strong","pr50-branch row 167 (reworded)","The felt weight of another person's suffering strongly motivates me to act for them.","axis1-empathy-detachment.json"
"Empathy–Detachment","empathy","Highly Empathic","mild","pr50-branch row 170 (reworded)","Feeling the weight of others' hardship keeps me from becoming complacent about it.","axis1-empathy-detachment.json"
"Empathy–Detachment","empathy","Highly Empathic","moderate","pr50-branch row 6 (reworded)","I feel a genuine pull to act when I encounter suffering, not just to notice it.","axis1-empathy-detachment.json"
"Empathy–Detachment","empathy","Highly Empathic","mild","pr50-branch row 11 (reworded)","When someone trusts me with their pain, I want to hold it with care.","axis1-empathy-detachment.json"
"Empathy–Detachment","empathy","Highly Empathic","moderate","pr50-branch row 26 (reworded)","I find it hard to ignore a person's pain just to stay comfortable.","axis1-empathy-detachment.json"
"Empathy–Detachment","empathy","Highly Empathic","moderate","pr50-branch row 32 (reworded)","A stranger's pain matters to me as much as a friend's.","axis1-empathy-detachment.json"
"Empathy–Detachment","empathy","Highly Empathic","strong","pr50-branch row 38 (reworded)","I don't turn away from suffering because it is complex or uncomfortable.","axis1-empathy-detachment.json"
"Empathy–Detachment","empathy","Highly Empathic","moderate","pr50-branch row 62 (reworded)","Others' suffering carries real weight for me.","axis1-empathy-detachment.json"
"Empathy–Detachment","empathy","Highly Empathic","moderate","pr50-branch row 95 (reworded)","Each new encounter with suffering still matters to me; it doesn't become routine.","axis1-empathy-detachment.json"
"Empathy–Detachment","empathy","Highly Empathic","moderate","pr50-branch row 16 (reworded)","When someone's suffering is vivid to me, I feel a strong wish to ease it.","axis1-empathy-detachment.json"
"Empathy–Detachment","empathy","Highly Empathic","mild","pr50-branch row 235","When I learn about suffering in a place I have never visited, the people affected matter to me.","axis1-empathy-detachment.json"
"Empathy–Detachment","empathy","Highly Empathic","mild","pr50-branch row 236","Understanding how many people a problem harms makes me want to see their suffering reduced.","axis1-empathy-detachment.json"
"Empathy–Detachment","empathy","Highly Empathic","mild","pr50-branch row 239","When an explanation shows me how someone is being harmed, I begin to care about what happens to them.","axis1-empathy-detachment.json"
"Empathy–Detachment","empathy","Highly Empathic","mild","pr50-branch row 241","As I learn the reasons a person is struggling, their wellbeing becomes more important to me.","axis1-empathy-detachment.json"
"Empathy–Detachment","empathy","Highly Empathic","moderate","pr50-branch row 242 (reworded)","Someone's continuing hardship still matters to me long after I first heard about it.","axis1-empathy-detachment.json"
"Empathy–Detachment","empathy","Highly Empathic","moderate","pr50-branch row 243 (reworded)","When I think through someone's problem, I care about the pain it is causing them.","axis1-empathy-detachment.json"
"Empathy–Detachment","empathy","Highly Empathic","moderate","pr50-branch row 244","When I hear that an unfamiliar person is in pain, I want their situation to improve.","axis1-empathy-detachment.json"
"Empathy–Detachment","empathy","Highly Empathic","moderate","pr50-branch row 247","When a report describes people's suffering in impersonal terms, I still care about the people behind it.","axis1-empathy-detachment.json"
"Empathy–Detachment","empathy","Highly Empathic","mild","pr50-branch row 248","Evidence that people are experiencing preventable pain makes me want that pain relieved.","axis1-empathy-detachment.json"
"Empathy–Detachment","empathy","Highly Empathic","moderate","pr50-branch row 250","When I recognize that someone could be seriously hurt, preventing that harm matters to me personally.","axis1-empathy-detachment.json"
"Empathy–Detachment","empathy","Highly Empathic","mild","pr50-branch row 253 (reworded)","Another person's wellbeing matters to me even when I do not feel close to them.","axis1-empathy-detachment.json"
"Empathy–Detachment","empathy","Highly Empathic","mild","pr50-branch row 255","When several people need help, understanding each person's hardship makes me care about their situation.","axis1-empathy-detachment.json"
"Empathy–Detachment","empathy","Highly Empathic","moderate","pr50-branch row 258","When suffering is described in abstract terms, I still want something to improve for those affected.","axis1-empathy-detachment.json"
"Empathy–Detachment","empathy","Highly Empathic","moderate","pr50-branch row 259","Knowing that people are still suffering keeps their wellbeing important to me after public attention has moved on.","axis1-empathy-detachment.json"
"Empathy–Detachment","empathy","Highly Empathic","mild","pr50-branch row 260 (reworded)","Another person's pain matters to me whether or not I feel it myself.","axis1-empathy-detachment.json"
"Empathy–Detachment","empathy","Highly Empathic","moderate","pr50-branch row 262","A person's suffering still matters to me when many other people also know about it.","axis1-empathy-detachment.json"
"Empathy–Detachment","empathy","Highly Empathic","mild","pr50-branch row 264","When I understand how someone's pain could be eased, I want that relief for them.","axis1-empathy-detachment.json"
"Empathy–Detachment","empathy","Highly Empathic","mild","pr50-branch row 270","When I think again about a hardship someone faces, I still want them to find relief.","axis1-empathy-detachment.json"
"Empathy–Detachment","empathy","Highly Empathic","strong","pr50-branch row 273","Thinking about suffering that future generations may face gives me a genuine wish to prevent it.","axis1-empathy-detachment.json"
"Empathy–Detachment","empathy","Highly Empathic","moderate","pr50-branch row 274 (reworded)","The more I learn about what someone is going through, the stronger my wish to help them.","axis1-empathy-detachment.json"
"Empathy–Detachment","empathy","Highly Empathic","moderate","pr50-branch row 277","As I work through the details of another person's difficulty, I care about what the experience is like for them.","axis1-empathy-detachment.json"
"Empathy–Detachment","empathy","Highly Empathic","moderate","pr50-branch row 278 (reworded)","Wanting others to suffer less is a real motivation in my life.","axis1-empathy-detachment.json"
"Empathy–Detachment","empathy","Highly Empathic","moderate","pr50-branch row 280","When I reason through a situation in which someone is suffering, easing their pain matters to me.","axis1-empathy-detachment.json"
"Empathy–Detachment","empathy","Highly Empathic","moderate","pr50-branch row 283 (reworded)","Others' suffering matters to me whatever mood I am in.","axis1-empathy-detachment.json"
"Empathy–Detachment","empathy","Highly Empathic","moderate","pr50-branch row 285","When I understand that someone has been hurt by unfair treatment, I care about the suffering it has caused them.","axis1-empathy-detachment.json"
"Empathy–Detachment","empathy","Highly Empathic","moderate","pr50-branch row 286 (reworded)","Understanding how a policy harms people makes me concerned for them, even if it does not affect me.","axis1-empathy-detachment.json"
"Empathy–Detachment","empathy","Highly Empathic","mild","pr50-branch row 288 (reworded)","I am concerned about what the people around me are going through.","axis1-empathy-detachment.json"
"Empathy–Detachment","empathy","Highly Empathic","moderate","pr50-branch row 290","As I consider evidence about someone's circumstances, the suffering involved has real weight for me.","axis1-empathy-detachment.json"
"Empathy–Detachment","empathy","Highly Empathic","moderate","pr50-branch row 299","When I consider people with competing needs, I care about the suffering each person is experiencing.","axis1-empathy-detachment.json"
"Empathy–Detachment","empathy","Highly Empathic","mild","pr50-branch row 300","When I notice that I have overlooked someone's hardship, I become concerned about what they are experiencing.","axis1-empathy-detachment.json"
"Empathy–Detachment","empathy","Highly Empathic","strong","new","When someone I love is in pain, I feel a strong wish to ease it.","axis1-empathy-detachment.json"
"Empathy–Detachment","empathy","Highly Empathic","strong","new","A stranger's visible distress makes me want to step in.","axis1-empathy-detachment.json"
"Empathy–Detachment","empathy","Highly Empathic","strong","new","Hearing that someone has been badly hurt leaves me wanting to reach out to them.","axis1-empathy-detachment.json"
"Empathy–Detachment","empathy","Highly Empathic","strong","new","When someone tells me about a painful loss, I want to comfort them.","axis1-empathy-detachment.json"
"Empathy–Detachment","empathy","Highly Empathic","strong","new","It is hard for me to stop thinking about someone who is suffering.","axis1-empathy-detachment.json"
"Empathy–Detachment","empathy","Highly Empathic","strong","new","Someone's suffering stays on my mind until I know they are all right.","axis1-empathy-detachment.json"
"Empathy–Detachment","empathy","Highly Empathic","strong","new","When someone is hurting, I want their pain to end.","axis1-empathy-detachment.json"
"Empathy–Detachment","empathy","Highly Empathic","strong","new","Even a stranger's serious suffering makes me want to see it relieved.","axis1-empathy-detachment.json"
"Empathy–Detachment","empathy","Highly Empathic","strong","new","I feel a strong wish to help when someone I know is struggling.","axis1-empathy-detachment.json"
"Empathy–Detachment","empathy","Highly Empathic","strong","new","Another person's serious suffering weighs on me.","axis1-empathy-detachment.json"
"Empathy–Detachment","empathy","Highly Empathic","strong","new","Once I know that someone is in serious pain, their wellbeing matters a great deal to me.","axis1-empathy-detachment.json"
"Empathy–Detachment","empathy","Highly Empathic","strong","new","Even after hearing only a brief account of someone's suffering, I care what happens to them.","axis1-empathy-detachment.json"
"Empathy–Detachment","empathy","Highly Empathic","strong","new","Seeing someone I don't know in real trouble makes me care about their wellbeing.","axis1-empathy-detachment.json"
"Empathy–Detachment","empathy","Highly Empathic","strong","new","When people are suffering, I want things to get better for them, whether or not I know them.","axis1-empathy-detachment.json"
"Empathy–Detachment","empathy","Highly Empathic","strong","new","When someone's hardship is severe, it matters to me even if I can do nothing about it.","axis1-empathy-detachment.json"
"Empathy–Detachment","empathy","Highly Empathic","strong","new","I wish I could relieve suffering I hear about, even when I have no means to.","axis1-empathy-detachment.json"
"Empathy–Detachment","empathy","Highly Empathic","strong","new","The suffering of the people close to me matters a great deal to me.","axis1-empathy-detachment.json"
"Empathy–Detachment","empathy","Highly Empathic","strong","new","Learning that a person is suffering makes me want to know if there is anything that would help them.","axis1-empathy-detachment.json"
"Empathy–Detachment","empathy","Highly Empathic","mild","new","Other people's hardships tend to matter to me.","axis1-empathy-detachment.json"
"Empathy–Detachment","empathy","Highly Empathic","mild","new","When I hear that someone is having a hard time, I usually wish things would go better for them.","axis1-empathy-detachment.json"
"Empathy–Detachment","empathy","Highly Empathic","mild","new","I often find myself hoping that people I hear about who are struggling will be okay.","axis1-empathy-detachment.json"
"Empathy–Detachment","empathy","Highly Empathic","mild","new","Most of the time, other people's suffering feels important to me.","axis1-empathy-detachment.json"
"Empathy–Detachment","empathy","Highly Empathic","mild","new","Learning that someone has had bad news usually makes me want to reach out.","axis1-empathy-detachment.json"
"Empathy–Detachment","empathy","Highly Empathic","mild","new","Other people's small hardships often matter to me too.","axis1-empathy-detachment.json"
"Empathy–Detachment","empathy","Highly Empathic","mild","new","I am somewhat more moved by other people's hardships than most people I know.","axis1-empathy-detachment.json"
"Empathy–Detachment","empathy","Highly Empathic","mild","new","When a friend is hurting, I usually want to help.","axis1-empathy-detachment.json"
"Empathy–Detachment","empathy","Highly Empathic","mild","new","A person's suffering sometimes stays with me after I have left them.","axis1-empathy-detachment.json"
"Empathy–Detachment","empathy","Highly Empathic","mild","new","Suffering among people whose lives are very different from mine still matters to me.","axis1-empathy-detachment.json"
"Empathy–Detachment","empathy","Highly Empathic","mild","new","When I hear about a group of people in serious trouble, I usually feel some concern for them.","axis1-empathy-detachment.json"
"Empathy–Detachment","empathy","Highly Empathic","mild","new","Reflecting on someone's difficulties often makes me wish I could ease them.","axis1-empathy-detachment.json"
"Empathy–Detachment","empathy","Highly Empathic","mild","new","When someone is suffering, I hope things turn out well for them.","axis1-empathy-detachment.json"
"Empathy–Detachment","empathy","Highly Empathic","mild","new","I often wish I could do something for people who are having a hard time.","axis1-empathy-detachment.json"
"Empathy–Detachment","detachment","Detached / Analytical","mild","new","Other people's hardships tend to matter little to me.","axis1-empathy-detachment.json"
"Empathy–Detachment","detachment","Detached / Analytical","moderate","new","When someone shares a painful experience, the fact of their pain carries little weight in my mind.","axis1-empathy-detachment.json"
"Empathy–Detachment","detachment","Detached / Analytical","mild","new","The suffering of people I don't know rarely seems important to me.","axis1-empathy-detachment.json"
"Empathy–Detachment","detachment","Detached / Analytical","mild","new","Hearing that someone is going through a hard time rarely changes how I think about my own day.","axis1-empathy-detachment.json"
"Empathy–Detachment","detachment","Detached / Analytical","mild","new","Someone's ongoing hardship rarely stays on my mind once I am no longer with them.","axis1-empathy-detachment.json"
"Empathy–Detachment","detachment","Detached / Analytical","mild","new","Learning that people are suffering somewhere else seldom makes me care what happens to them.","axis1-empathy-detachment.json"
"Empathy–Detachment","detachment","Detached / Analytical","mild","new","Reading or hearing about people in pain usually leaves me without much concern for them.","axis1-empathy-detachment.json"
"Empathy–Detachment","detachment","Detached / Analytical","moderate","new","When someone is in pain, I rarely feel a wish to make it better.","axis1-empathy-detachment.json"
"Empathy–Detachment","detachment","Detached / Analytical","moderate","new","Knowing that a person is struggling seldom makes me want to do anything about it.","axis1-empathy-detachment.json"
"Empathy–Detachment","detachment","Detached / Analytical","moderate","new","When I understand why someone is suffering, I still rarely want their situation to change.","axis1-empathy-detachment.json"
"Empathy–Detachment","detachment","Detached / Analytical","moderate","new","I seldom feel pulled to respond when someone around me is having a hard time.","axis1-empathy-detachment.json"
"Empathy–Detachment","detachment","Detached / Analytical","mild","new","When someone shares a struggle with me, I tend to treat it as information rather than as something that calls for a response.","axis1-empathy-detachment.json"
"Empathy–Detachment","detachment","Detached / Analytical","mild","new","I rarely feel drawn to check in on people who are having a hard time.","axis1-empathy-detachment.json"
"Empathy–Detachment","detachment","Detached / Analytical","mild","new","When I learn that someone I know is going through a difficult time, my first instinct is rarely to consider how I might help.","axis1-empathy-detachment.json"
"Empathy–Detachment","detachment","Detached / Analytical","mild","new","When I see that someone is suffering, it usually makes no difference to what I want to do next.","axis1-empathy-detachment.json"
"Empathy–Detachment","detachment","Detached / Analytical","moderate","new","Even when I clearly understand another person's hardship, their wellbeing rarely becomes more important to me.","axis1-empathy-detachment.json"
"Empathy–Detachment","detachment","Detached / Analytical","mild","new","Thinking through someone's difficulties rarely makes me care about them more.","axis1-empathy-detachment.json"
"Empathy–Detachment","detachment","Detached / Analytical","moderate","new","Statistics or reports about people's suffering leave me with little concern for the people involved.","axis1-empathy-detachment.json"
"Empathy–Detachment","detachment","Detached / Analytical","moderate","new","Hearing that a problem harms many people rarely makes me want their suffering reduced.","axis1-empathy-detachment.json"
"Empathy–Detachment","detachment","Detached / Analytical","strong","new","Even when someone's pain is vivid and immediate, I feel little wish to ease it.","axis1-empathy-detachment.json"
"Empathy–Detachment","detachment","Detached / Analytical","strong","new","When someone near me is visibly upset, I rarely feel any urge to comfort or help them.","axis1-empathy-detachment.json"
"Empathy–Detachment","detachment","Detached / Analytical","strong","new","A person's hardship stops mattering to me soon after I hear about it.","axis1-empathy-detachment.json"
"Empathy–Detachment","detachment","Detached / Analytical","strong","new","Once I stop hearing about a person's troubles, I stop thinking about their wellbeing.","axis1-empathy-detachment.json"
"Empathy–Detachment","detachment","Detached / Analytical","mild","new","Suffering among people outside my own circle rarely concerns me.","axis1-empathy-detachment.json"
"Empathy–Detachment","detachment","Detached / Analytical","mild","new","I feel little concern for the wellbeing of people I will never meet.","axis1-empathy-detachment.json"
"Empathy–Detachment","detachment","Detached / Analytical","mild","new","A stranger's hardship rarely matters to me.","axis1-empathy-detachment.json"
"Empathy–Detachment","detachment","Detached / Analytical","strong","new","Other people's suffering is mostly their concern, not mine.","axis1-empathy-detachment.json"
"Empathy–Detachment","detachment","Detached / Analytical","moderate","new","When several people need help, none of their situations weighs on me much.","axis1-empathy-detachment.json"
"Empathy–Detachment","detachment","Detached / Analytical","mild","new","I am often less concerned about other people's troubles than the people around me are.","axis1-empathy-detachment.json"
"Empathy–Detachment","detachment","Detached / Analytical","moderate","new","Other people's pain seldom feels like something that requires a response from me.","axis1-empathy-detachment.json"
"Empathy–Detachment","detachment","Detached / Analytical","moderate","new","When I see someone crying, I rarely feel any wish to help.","axis1-empathy-detachment.json"
"Empathy–Detachment","detachment","Detached / Analytical","strong","new","Even when someone I am with is clearly in distress, their pain leaves me largely unmoved.","axis1-empathy-detachment.json"
"Empathy–Detachment","detachment","Detached / Analytical","moderate","new","A stranger's obvious anguish in front of me rarely makes me want to step in.","axis1-empathy-detachment.json"
"Empathy–Detachment","detachment","Detached / Analytical","moderate","new","When someone tells me about something painful that happened to them, I rarely feel any pull to comfort them.","axis1-empathy-detachment.json"
"Empathy–Detachment","detachment","Detached / Analytical","mild","new","Being close to someone's suffering rarely makes it matter more to me.","axis1-empathy-detachment.json"
"Empathy–Detachment","detachment","Detached / Analytical","mild","new","Someone's tears or visible distress rarely change what I want to do.","axis1-empathy-detachment.json"
"Empathy–Detachment","detachment","Detached / Analytical","strong","new","When a friend is in real pain, I often feel little wish to relieve it.","axis1-empathy-detachment.json"
"Empathy–Detachment","detachment","Detached / Analytical","moderate","new","Watching a person suffer usually stirs no wish in me to ease their suffering.","axis1-empathy-detachment.json"
"Empathy–Detachment","detachment","Detached / Analytical","strong","new","Even when I am convinced that someone is being harmed, I feel little wish to see it stop.","axis1-empathy-detachment.json"
"Empathy–Detachment","detachment","Detached / Analytical","moderate","new","Learning that suffering could easily be prevented seldom makes me want it prevented.","axis1-empathy-detachment.json"
"Empathy–Detachment","detachment","Detached / Analytical","moderate","new","When I understand that a person's pain is serious, that fact alone rarely makes me want to help.","axis1-empathy-detachment.json"
"Empathy–Detachment","detachment","Detached / Analytical","strong","new","I don't see other people's private suffering as something I need to be concerned about.","axis1-empathy-detachment.json"
"Empathy–Detachment","detachment","Detached / Analytical","strong","new","Even after hearing exactly what a person has endured, I feel little concern about what happens to them.","axis1-empathy-detachment.json"
"Empathy–Detachment","detachment","Detached / Analytical","moderate","new","Evidence of preventable harm to others seldom makes me want to do anything about it.","axis1-empathy-detachment.json"
"Empathy–Detachment","detachment","Detached / Analytical","moderate","new","When I recognize that someone could be seriously hurt, preventing that harm rarely matters to me.","axis1-empathy-detachment.json"
"Empathy–Detachment","detachment","Detached / Analytical","moderate","new","Once a hard moment for someone has passed, I rarely give their wellbeing another thought.","axis1-empathy-detachment.json"
"Empathy–Detachment","detachment","Detached / Analytical","moderate","new","Someone's continuing hardship rarely matters to me once the news is old.","axis1-empathy-detachment.json"
"Empathy–Detachment","detachment","Detached / Analytical","mild","new","A friend's ongoing struggle rarely weighs on me.","axis1-empathy-detachment.json"
"Empathy–Detachment","detachment","Detached / Analytical","strong","new","The suffering of people I see as outside my group rarely concerns me.","axis1-empathy-detachment.json"
"Empathy–Detachment","detachment","Detached / Analytical","moderate","new","I feel little concern for suffering in places I have never been.","axis1-empathy-detachment.json"
"Empathy–Detachment","detachment","Detached / Analytical","moderate","new","The hardships of people I have no connection to carry little weight for me.","axis1-empathy-detachment.json"
"Empathy–Detachment","detachment","Detached / Analytical","mild","new","Most of the time, other people's suffering does not feel important to me.","axis1-empathy-detachment.json"
"Empathy–Detachment","detachment","Detached / Analytical","strong","new","Others' pain rarely feels like it matters to me, even when I know them well.","axis1-empathy-detachment.json"
"Empathy–Detachment","detachment","Detached / Analytical","moderate","new","I seldom find myself concerned about how another person's difficulties will turn out.","axis1-empathy-detachment.json"
"Empathy–Detachment","detachment","Detached / Analytical","moderate","new","When a person I know is struggling, I rarely feel a wish to be of help.","axis1-empathy-detachment.json"
"Empathy–Detachment","detachment","Detached / Analytical","strong","new","Even when I know I could easily help someone in pain, I feel little wish to.","axis1-empathy-detachment.json"
"Empathy–Detachment","detachment","Detached / Analytical","mild","new","Others' need for help seldom gives me a reason to want to act.","axis1-empathy-detachment.json"
"Empathy–Detachment","detachment","Detached / Analytical","strong","new","When someone asks for my support in a hard time, I usually feel little wish to give it.","axis1-empathy-detachment.json"
"Empathy–Detachment","detachment","Detached / Analytical","mild","new","Hearing about a crisis affecting others seldom leaves me wanting anything to change for them.","axis1-empathy-detachment.json"
"Empathy–Detachment","detachment","Detached / Analytical","mild","new","Wanting someone else's suffering to ease is rarely part of how I respond to their situation.","axis1-empathy-detachment.json"
"Empathy–Detachment","detachment","Detached / Analytical","strong","new","When someone I love is going through something painful, I feel little wish to ease it.","axis1-empathy-detachment.json"
"Empathy–Detachment","detachment","Detached / Analytical","strong","new","Another person's pain rarely feels real enough to matter to me.","axis1-empathy-detachment.json"
"Empathy–Detachment","detachment","Detached / Analytical","strong","new","Someone's serious suffering leaves me with little concern for what happens to them.","axis1-empathy-detachment.json"
"Empathy–Detachment","detachment","Detached / Analytical","strong","new","When a stranger is in visible distress, I feel little wish to help.","axis1-empathy-detachment.json"
"Empathy–Detachment","detachment","Detached / Analytical","strong","new","I feel little concern when I hear that someone has been badly hurt.","axis1-empathy-detachment.json"
"Empathy–Detachment","detachment","Detached / Analytical","moderate","new","However serious someone's suffering is, it seldom makes me want to do anything.","axis1-empathy-detachment.json"
"Empathy–Detachment","detachment","Detached / Analytical","strong","new","Even when someone I know is suffering deeply, I feel little concern about what happens to them.","axis1-empathy-detachment.json"
"Empathy–Detachment","detachment","Detached / Analytical","strong","new","Someone else's grief rarely makes me want to comfort them.","axis1-empathy-detachment.json"
"Empathy–Detachment","detachment","Detached / Analytical","strong","new","Hearing that someone has died or been badly hurt leaves me with little wish to reach out.","axis1-empathy-detachment.json"
"Empathy–Detachment","detachment","Detached / Analytical","strong","new","Someone's pain stops mattering to me almost as soon as I stop seeing it.","axis1-empathy-detachment.json"
"Empathy–Detachment","detachment","Detached / Analytical","moderate","new","I forget about other people's suffering as soon as I have something else to think about.","axis1-empathy-detachment.json"
"Empathy–Detachment","detachment","Detached / Analytical","strong","new","Wanting someone else's suffering to ease rarely crosses my mind.","axis1-empathy-detachment.json"
"Empathy–Detachment","detachment","Detached / Analytical","strong","new","Even after hearing the whole story of what a person has endured, I feel little wish to help them.","axis1-empathy-detachment.json"
"Empathy–Detachment","detachment","Detached / Analytical","strong","new","When suffering is described in vivid detail, it still carries little weight for me.","axis1-empathy-detachment.json"
"Empathy–Detachment","detachment","Detached / Analytical","strong","new","Learning about serious harm to people far away leaves me with little wish to see it end.","axis1-empathy-detachment.json"
"Empathy–Detachment","detachment","Detached / Analytical","strong","new","When a coworker or neighbor is struggling, I feel little wish to help them.","axis1-empathy-detachment.json"
"Empathy–Detachment","detachment","Detached / Analytical","strong","new","Knowing that someone will keep suffering rarely bothers me.","axis1-empathy-detachment.json"
"Empathy–Detachment","detachment","Detached / Analytical","strong","new","Someone else's suffering rarely makes me want anything at all for them.","axis1-empathy-detachment.json"
"Empathy–Detachment","detachment","Detached / Analytical","mild","new","Other people's problems only occasionally seem to matter to me.","axis1-empathy-detachment.json"
"Empathy–Detachment","detachment","Detached / Analytical","mild","new","Others' suffering sometimes fails to register as something that matters to me.","axis1-empathy-detachment.json"
"Empathy–Detachment","detachment","Detached / Analytical","mild","new","Others' hardships sometimes leave me without much wish to help.","axis1-empathy-detachment.json"
"Empathy–Detachment","detachment","Detached / Analytical","mild","new","When a friend is hurting, my wish to help is often weaker than I expect it to be.","axis1-empathy-detachment.json"
"Empathy–Detachment","detachment","Detached / Analytical","mild","new","Someone's suffering usually has to be severe before it matters to me.","axis1-empathy-detachment.json"
"Empathy–Detachment","detachment","Detached / Analytical","mild","new","Hearing that someone has had bad news usually doesn't make me want to reach out.","axis1-empathy-detachment.json"
"Empathy–Detachment","detachment","Detached / Analytical","mild","new","Small hardships in other people's lives rarely matter to me.","axis1-empathy-detachment.json"
"Empathy–Detachment","detachment","Detached / Analytical","mild","new","I am somewhat less moved by other people's hardships than most people I know.","axis1-empathy-detachment.json"
"Empathy–Detachment","detachment","Detached / Analytical","moderate","new","Suffering among people whose lives are very different from mine carries little weight for me.","axis1-empathy-detachment.json"
"Empathy–Detachment","detachment","Detached / Analytical","moderate","new","Reflecting on someone's difficulties rarely makes me feel any wish to ease them.","axis1-empathy-detachment.json"
"Empathy–Detachment","detachment","Detached / Analytical","moderate","new","When I hear about a group of people in serious trouble, I seldom feel any concern for them.","axis1-empathy-detachment.json"
"Empathy–Detachment","detachment","Detached / Analytical","moderate","new","A person's suffering rarely changes what I hope will happen for them.","axis1-empathy-detachment.json"
"Self-Orientation","altruism","Altruistic / Self-Transcendent","mild","baseline row 18","When I have extra money, my first thought is who else could use it.","axis2-self-orientation.json"
"Self-Orientation","altruism","Altruistic / Self-Transcendent","mild","baseline row 307","I tend to craft my daily schedule around what the people in my life need from me.","axis2-self-orientation.json"
"Self-Orientation","altruism","Altruistic / Self-Transcendent","mild","baseline row 398","I would spend my sabbatical working on behalf of a community project rather than resting.","axis2-self-orientation.json"
"Self-Orientation","altruism","Altruistic / Self-Transcendent","mild","baseline row 23","I often cancel my own plans to help a friend, colleague, or family member.","axis2-self-orientation.json"
"Self-Orientation","altruism","Altruistic / Self-Transcendent","mild","baseline row 69","I routinely pick up tasks no one else wants to do, so the group can function well.","axis2-self-orientation.json"
"Self-Orientation","altruism","Altruistic / Self-Transcendent","mild","baseline row 35","I tend to work extra hours not for my own advancement, but to lighten the load for my team.","axis2-self-orientation.json"
"Self-Orientation","altruism","Altruistic / Self-Transcendent","mild","baseline row 7","When resources are scarce, I instinctively direct them toward other people first.","axis2-self-orientation.json"
"Self-Orientation","altruism","Altruistic / Self-Transcendent","mild","baseline row 438","I tend to fill gaps in any group without being asked—whatever is missing, I provide.","axis2-self-orientation.json"
"Self-Orientation","altruism","Altruistic / Self-Transcendent","mild","baseline row 50","I find it natural to defer my own interests when group needs arise.","axis2-self-orientation.json"
"Self-Orientation","altruism","Altruistic / Self-Transcendent","mild","baseline row 354","I tend to take on the overnight shift or the early morning slot so others can have the easier schedule.","axis2-self-orientation.json"
"Self-Orientation","altruism","Altruistic / Self-Transcendent","mild","baseline row 80","I routinely turn down personal opportunities if they would take me away from people who rely on me.","axis2-self-orientation.json"
"Self-Orientation","altruism","Altruistic / Self-Transcendent","mild","baseline row 62","I feel a responsibility to contribute more than my fair share.","axis2-self-orientation.json"
"Self-Orientation","altruism","Altruistic / Self-Transcendent","mild","baseline row 27","I prefer to let others take credit even when I did most of the work.","axis2-self-orientation.json"
"Self-Orientation","altruism","Altruistic / Self-Transcendent","mild","baseline row 410","I tend to choose the harder path if it clears the way for someone else.","axis2-self-orientation.json"
"Self-Orientation","altruism","Altruistic / Self-Transcendent","mild","baseline row 405","I would use my professional influence to open doors for others rather than to advance my own agenda.","axis2-self-orientation.json"
"Self-Orientation","altruism","Altruistic / Self-Transcendent","mild","baseline row 67","I tend to allocate the majority of my time to tasks that benefit other people.","axis2-self-orientation.json"
"Self-Orientation","altruism","Altruistic / Self-Transcendent","mild","baseline row 42","I routinely choose the option that benefits others, even when a different choice would benefit me more.","axis2-self-orientation.json"
"Self-Orientation","altruism","Altruistic / Self-Transcendent","mild","baseline row 87","I find deep contentment in giving away things I worked hard to earn.","axis2-self-orientation.json"
"Self-Orientation","altruism","Altruistic / Self-Transcendent","mild","baseline row 39","I find purpose in being the one who shoulders the burden so others don't have to.","axis2-self-orientation.json"
"Self-Orientation","altruism","Altruistic / Self-Transcendent","mild","baseline row 9","I would rather go without something I want so that someone else can have what they need.","axis2-self-orientation.json"
"Self-Orientation","altruism","Altruistic / Self-Transcendent","mild","baseline row 115","I tend to spend my weekends doing things for other people rather than pursuing my own hobbies.","axis2-self-orientation.json"
"Self-Orientation","altruism","Altruistic / Self-Transcendent","mild","baseline row 2","I find deep satisfaction in making personal sacrifices for the benefit of my community.","axis2-self-orientation.json"
"Self-Orientation","altruism","Altruistic / Self-Transcendent","mild","baseline row 64","I would work a job I dislike if it meant my family or community benefited greatly.","axis2-self-orientation.json"
"Self-Orientation","altruism","Altruistic / Self-Transcendent","mild","baseline row 21","I tend to donate or share resources before setting aside savings for myself.","axis2-self-orientation.json"
"Self-Orientation","altruism","Altruistic / Self-Transcendent","mild","baseline row 340","I tend to put others' comfort ahead of efficiency when the two conflict.","axis2-self-orientation.json"
"Self-Orientation","altruism","Altruistic / Self-Transcendent","mild","baseline row 16","I would postpone my own goals indefinitely if someone close to me needed my help.","axis2-self-orientation.json"
"Self-Orientation","altruism","Altruistic / Self-Transcendent","mild","baseline row 417","I tend to respond to every request for help before attending to my own inbox.","axis2-self-orientation.json"
"Self-Orientation","altruism","Altruistic / Self-Transcendent","mild","baseline row 53","I often forgo recognition so that others can be acknowledged instead.","axis2-self-orientation.json"
"Self-Orientation","altruism","Altruistic / Self-Transcendent","mild","baseline row 83","I tend to go without rest to make sure the people around me are supported.","axis2-self-orientation.json"
"Self-Orientation","altruism","Altruistic / Self-Transcendent","mild","baseline row 389","I tend to share my food, my space, and my belongings without a second thought.","axis2-self-orientation.json"
"Self-Orientation","altruism","Altruistic / Self-Transcendent","moderate","baseline row 321","I routinely offer to drive others to appointments, even when it disrupts my own plans.","axis2-self-orientation.json"
"Self-Orientation","altruism","Altruistic / Self-Transcendent","moderate","baseline row 106","I would decline an award or honor and redirect attention to the team.","axis2-self-orientation.json"
"Self-Orientation","altruism","Altruistic / Self-Transcendent","moderate","baseline row 99","I tend to measure my worth by how much I've contributed to others, not by what I've accumulated.","axis2-self-orientation.json"
"Self-Orientation","altruism","Altruistic / Self-Transcendent","moderate","baseline row 351","I routinely absorb extra costs in group situations so others pay less.","axis2-self-orientation.json"
"Self-Orientation","altruism","Altruistic / Self-Transcendent","moderate","baseline row 116","I feel a deep sense of duty to use everything I have in service of others.","axis2-self-orientation.json"
"Self-Orientation","altruism","Altruistic / Self-Transcendent","moderate","baseline row 310","I would choose a lower-paying role that lets me serve my community over a higher-paying one that does not.","axis2-self-orientation.json"
"Self-Orientation","altruism","Altruistic / Self-Transcendent","moderate","baseline row 127","I would give up a cherished personal goal if doing so served a greater collective need.","axis2-self-orientation.json"
"Self-Orientation","altruism","Altruistic / Self-Transcendent","moderate","baseline row 337","I routinely check in on neighbors, acquaintances, and distant friends to make sure they are okay.","axis2-self-orientation.json"
"Self-Orientation","altruism","Altruistic / Self-Transcendent","moderate","baseline row 315","I would skip my own vacation to cover for a coworker dealing with a family crisis.","axis2-self-orientation.json"
"Self-Orientation","altruism","Altruistic / Self-Transcendent","moderate","baseline row 342","I would forgo a hobby I love if the time could be better spent helping my community.","axis2-self-orientation.json"
"Self-Orientation","altruism","Altruistic / Self-Transcendent","moderate","baseline row 101","I routinely put my health second to the needs of those who depend on me.","axis2-self-orientation.json"
"Self-Orientation","altruism","Altruistic / Self-Transcendent","moderate","baseline row 305","I instinctively offer my seat, my place in line, or my turn to someone else.","axis2-self-orientation.json"
"Self-Orientation","altruism","Altruistic / Self-Transcendent","moderate","baseline row 356","I would trade a comfortable retirement for the chance to fund someone else's education.","axis2-self-orientation.json"
"Self-Orientation","altruism","Altruistic / Self-Transcendent","moderate","baseline row 138","I would happily take a pay cut if it meant funding a cause I care about.","axis2-self-orientation.json"
"Self-Orientation","altruism","Altruistic / Self-Transcendent","moderate","baseline row 330","I routinely spend my lunch break helping others with their tasks instead of resting.","axis2-self-orientation.json"
"Self-Orientation","altruism","Altruistic / Self-Transcendent","moderate","baseline row 311","I routinely stay late to help a colleague finish their work, even when mine is already done.","axis2-self-orientation.json"
"Self-Orientation","altruism","Altruistic / Self-Transcendent","moderate","baseline row 90","I routinely accept the worst option for myself so that others can have the better one.","axis2-self-orientation.json"
"Self-Orientation","altruism","Altruistic / Self-Transcendent","moderate","baseline row 326","I would downsize my own living situation to free up resources for people who need help.","axis2-self-orientation.json"
"Self-Orientation","altruism","Altruistic / Self-Transcendent","moderate","baseline row 114","I find it genuinely easier to give than to receive.","axis2-self-orientation.json"
"Self-Orientation","altruism","Altruistic / Self-Transcendent","moderate","baseline row 358","I routinely carry extra supplies, snacks, or resources in case someone around me needs them.","axis2-self-orientation.json"
"Self-Orientation","altruism","Altruistic / Self-Transcendent","moderate","baseline row 132","I routinely lend my possessions and rarely ask for them back.","axis2-self-orientation.json"
"Self-Orientation","altruism","Altruistic / Self-Transcendent","moderate","baseline row 334","I would take on a second job to support a family member's dream.","axis2-self-orientation.json"
"Self-Orientation","altruism","Altruistic / Self-Transcendent","moderate","baseline row 344","I routinely proofread, edit, or review other people's work without being asked.","axis2-self-orientation.json"
"Self-Orientation","altruism","Altruistic / Self-Transcendent","moderate","baseline row 125","I tend to choose careers and projects based on how much they allow me to help others.","axis2-self-orientation.json"
"Self-Orientation","altruism","Altruistic / Self-Transcendent","moderate","baseline row 150","I find that the thought of others benefiting from my effort is the strongest motivation I know.","axis2-self-orientation.json"
"Self-Orientation","altruism","Altruistic / Self-Transcendent","moderate","baseline row 363","I would relocate to be closer to someone who needs my daily support.","axis2-self-orientation.json"
"Self-Orientation","altruism","Altruistic / Self-Transcendent","moderate","baseline row 365","I routinely translate, explain, or simplify information so others can access it.","axis2-self-orientation.json"
"Self-Orientation","altruism","Altruistic / Self-Transcendent","moderate","baseline row 122","I routinely make financial sacrifices to support people in my life.","axis2-self-orientation.json"
"Self-Orientation","altruism","Altruistic / Self-Transcendent","moderate","baseline row 119","I find that deflecting praise and redirecting it to others feels natural and right.","axis2-self-orientation.json"
"Self-Orientation","altruism","Altruistic / Self-Transcendent","moderate","baseline row 108","I find that working behind the scenes for others' benefit is more satisfying than being in the spotlight.","axis2-self-orientation.json"
"Self-Orientation","altruism","Altruistic / Self-Transcendent","strong","baseline row 412","I would trade personal recognition for the satisfaction of knowing my efforts lifted the team.","axis2-self-orientation.json"
"Self-Orientation","altruism","Altruistic / Self-Transcendent","strong","baseline row 414","I routinely offer to handle the least glamorous tasks in any group effort.","axis2-self-orientation.json"
"Self-Orientation","altruism","Altruistic / Self-Transcendent","strong","baseline row 131","I feel most proud of the things I did for others, not the things I achieved for myself.","axis2-self-orientation.json"
"Self-Orientation","altruism","Altruistic / Self-Transcendent","strong","baseline row 323","I feel most purposeful when I am tutoring, coaching, or guiding someone through a challenge.","axis2-self-orientation.json"
"Self-Orientation","altruism","Altruistic / Self-Transcendent","strong","baseline row 382","I tend to set my thermostat, my music, and my lighting to what makes my household most comfortable, not just me.","axis2-self-orientation.json"
"Self-Orientation","altruism","Altruistic / Self-Transcendent","strong","baseline row 29","I feel most fulfilled when I have given away more than I have kept.","axis2-self-orientation.json"
"Self-Orientation","altruism","Altruistic / Self-Transcendent","strong","baseline row 384","I would turn down a dream job if accepting it meant abandoning someone who depends on me.","axis2-self-orientation.json"
"Self-Orientation","altruism","Altruistic / Self-Transcendent","strong","baseline row 407","I routinely reduce my own workload expectations so I can pitch in where others are struggling.","axis2-self-orientation.json"
"Self-Orientation","altruism","Altruistic / Self-Transcendent","strong","baseline row 419","I would give up a front-row seat so a stranger could have a better experience.","axis2-self-orientation.json"
"Self-Orientation","altruism","Altruistic / Self-Transcendent","strong","baseline row 442","I routinely bring extra food, supplies, or materials to share with whoever might need them.","axis2-self-orientation.json"
"Self-Orientation","altruism","Altruistic / Self-Transcendent","strong","baseline row 428","I routinely pick up litter, fix broken things, and tidy shared spaces without being asked.","axis2-self-orientation.json"
"Self-Orientation","altruism","Altruistic / Self-Transcendent","strong","baseline row 393","I routinely write thoughtful, detailed feedback for others' projects even when no one asks.","axis2-self-orientation.json"
"Self-Orientation","altruism","Altruistic / Self-Transcendent","strong","baseline row 433","I would deplete my emergency fund to help a loved one avoid a crisis.","axis2-self-orientation.json"
"Self-Orientation","altruism","Altruistic / Self-Transcendent","strong","baseline row 12","I feel most aligned with my values when I am serving a purpose bigger than myself.","axis2-self-orientation.json"
"Self-Orientation","altruism","Altruistic / Self-Transcendent","strong","baseline row 379","I routinely go out of my way to introduce people to opportunities they deserve.","axis2-self-orientation.json"
"Self-Orientation","altruism","Altruistic / Self-Transcendent","strong","baseline row 421","I routinely set aside a portion of every paycheck specifically for helping others.","axis2-self-orientation.json"
"Self-Orientation","altruism","Altruistic / Self-Transcendent","strong","baseline row 426","I would share a professional secret or competitive advantage if it would significantly help someone else.","axis2-self-orientation.json"
"Self-Orientation","altruism","Altruistic / Self-Transcendent","strong","baseline row 89","I feel most at peace when I know I have put others before myself.","axis2-self-orientation.json"
"Self-Orientation","altruism","Altruistic / Self-Transcendent","strong","baseline row 368","I tend to undercharge or waive fees when someone genuinely cannot afford what I offer.","axis2-self-orientation.json"
"Self-Orientation","altruism","Altruistic / Self-Transcendent","strong","baseline row 595","I routinely gather extra supplies so I can offer them to anyone in my circle who runs short.","axis2-self-orientation.json"
"Self-Orientation","altruism","Altruistic / Self-Transcendent","strong","baseline row 435","I routinely hand off leads, clients, or referrals to colleagues who need them more.","axis2-self-orientation.json"
"Self-Orientation","altruism","Altruistic / Self-Transcendent","strong","baseline row 408","I find that deferring my desires so a group can reach consensus comes easily to me.","axis2-self-orientation.json"
"Self-Orientation","altruism","Altruistic / Self-Transcendent","strong","baseline row 380","I find that spending an afternoon helping a friend move is more rewarding than spending it on my own pursuits.","axis2-self-orientation.json"
"Self-Orientation","altruism","Altruistic / Self-Transcendent","strong","baseline row 377","I would sacrifice a personal milestone to attend to someone else's urgent need.","axis2-self-orientation.json"
"Self-Orientation","altruism","Altruistic / Self-Transcendent","strong","baseline row 38","I believe the measure of my day is how much I gave, not how much I gained.","axis2-self-orientation.json"
"Self-Orientation","altruism","Altruistic / Self-Transcendent","strong","baseline row 440","I would choose a less prestigious school or job if the alternative let me stay close to people who need me.","axis2-self-orientation.json"
"Self-Orientation","altruism","Altruistic / Self-Transcendent","strong","baseline row 402","I believe that the right response to abundance is to distribute it, not to hoard it.","axis2-self-orientation.json"
"Self-Orientation","altruism","Altruistic / Self-Transcendent","strong","baseline row 58","I feel most like myself when I am in the middle of helping someone.","axis2-self-orientation.json"
"Self-Orientation","altruism","Altruistic / Self-Transcendent","strong","baseline row 385","I hold the view that generosity with my time is the highest form of generosity.","axis2-self-orientation.json"
"Self-Orientation","altruism","Altruistic / Self-Transcendent","strong","baseline row 400","I routinely adjust my pace, my route, or my method to match what works best for others.","axis2-self-orientation.json"
"Self-Orientation","self-focus","Self-Focused / Ambitious","mild","baseline row 241","I tend to pick the option that strengthens my personal position, even when alternatives would benefit the group more.","axis2-self-orientation.json"
"Self-Orientation","self-focus","Self-Focused / Ambitious","mild","baseline row 575","I tend to frame every major decision by asking: does this move me closer to where I want to be?","axis2-self-orientation.json"
"Self-Orientation","self-focus","Self-Focused / Ambitious","mild","baseline row 295","I tend to think of my career as the central project of my life.","axis2-self-orientation.json"
"Self-Orientation","self-focus","Self-Focused / Ambitious","mild","baseline row 533","I tend to evaluate any group activity by asking what I personally stand to gain.","axis2-self-orientation.json"
"Self-Orientation","self-focus","Self-Focused / Ambitious","mild","baseline row 220","I routinely take credit for my contributions because acknowledging my own work matters to me.","axis2-self-orientation.json"
"Self-Orientation","self-focus","Self-Focused / Ambitious","mild","baseline row 229","I tend to weigh how a decision affects me before considering how it affects others.","axis2-self-orientation.json"
"Self-Orientation","self-focus","Self-Focused / Ambitious","mild","baseline row 590","I tend to view my personal bucket list as a binding contract with myself.","axis2-self-orientation.json"
"Self-Orientation","self-focus","Self-Focused / Ambitious","mild","baseline row 235","I tend to view my savings as a tool for my own future, not a resource for others.","axis2-self-orientation.json"
"Self-Orientation","self-focus","Self-Focused / Ambitious","mild","baseline row 184","I routinely set ambitious goals for myself and dedicate significant effort to reaching them.","axis2-self-orientation.json"
"Self-Orientation","self-focus","Self-Focused / Ambitious","mild","baseline row 503","I tend to ask for the raise, the upgrade, or the better deal without hesitation.","axis2-self-orientation.json"
"Self-Orientation","self-focus","Self-Focused / Ambitious","mild","baseline row 247","I tend to schedule personal time before committing to obligations for others.","axis2-self-orientation.json"
"Self-Orientation","self-focus","Self-Focused / Ambitious","mild","baseline row 467","I tend to pick vacations based on what I want to see and do, not on what others prefer.","axis2-self-orientation.json"
"Self-Orientation","self-focus","Self-Focused / Ambitious","mild","baseline row 214","I routinely say no to requests that don't align with my personal objectives.","axis2-self-orientation.json"
"Self-Orientation","self-focus","Self-Focused / Ambitious","mild","baseline row 581","I tend to keep a running tally of my personal wins and review them when I need motivation.","axis2-self-orientation.json"
"Self-Orientation","self-focus","Self-Focused / Ambitious","mild","baseline row 155","I tend to make sure my own needs are fully met before turning my attention outward.","axis2-self-orientation.json"
"Self-Orientation","self-focus","Self-Focused / Ambitious","mild","baseline row 205","I tend to measure a good day by how much progress I made on my own goals.","axis2-self-orientation.json"
"Self-Orientation","self-focus","Self-Focused / Ambitious","mild","baseline row 539","I tend to frame career conversations around my own aspirations and what I need to get there.","axis2-self-orientation.json"
"Self-Orientation","self-focus","Self-Focused / Ambitious","mild","baseline row 172","I routinely spend my free time on activities that benefit me personally.","axis2-self-orientation.json"
"Self-Orientation","self-focus","Self-Focused / Ambitious","mild","baseline row 551","I tend to choose mentors and advisors based on how they can accelerate my personal growth.","axis2-self-orientation.json"
"Self-Orientation","self-focus","Self-Focused / Ambitious","mild","baseline row 509","I tend to see networking as a way to build my own opportunities, first and foremost.","axis2-self-orientation.json"
"Self-Orientation","self-focus","Self-Focused / Ambitious","mild","baseline row 587","I tend to accept praise graciously and use it as fuel for further personal achievement.","axis2-self-orientation.json"
"Self-Orientation","self-focus","Self-Focused / Ambitious","mild","baseline row 178","I routinely choose personal development over group activities.","axis2-self-orientation.json"
"Self-Orientation","self-focus","Self-Focused / Ambitious","mild","baseline row 491","I tend to use unexpected free time for personal projects rather than reaching out to see if someone needs help.","axis2-self-orientation.json"
"Self-Orientation","self-focus","Self-Focused / Ambitious","mild","baseline row 545","I tend to exit commitments that no longer align with where I want to go personally.","axis2-self-orientation.json"
"Self-Orientation","self-focus","Self-Focused / Ambitious","mild","baseline row 160","I routinely set aside time and money specifically for my own growth and enjoyment.","axis2-self-orientation.json"
"Self-Orientation","self-focus","Self-Focused / Ambitious","mild","baseline row 199","I tend to seek out roles and projects that will look good on my own record.","axis2-self-orientation.json"
"Self-Orientation","self-focus","Self-Focused / Ambitious","mild","baseline row 283","I tend to define success in terms of my own benchmarks, not in terms of what I did for others.","axis2-self-orientation.json"
"Self-Orientation","self-focus","Self-Focused / Ambitious","mild","baseline row 196","I routinely invest in education and training that advances my own skills.","axis2-self-orientation.json"
"Self-Orientation","self-focus","Self-Focused / Ambitious","mild","baseline row 202","I routinely turn down favors that would distract from my personal priorities.","axis2-self-orientation.json"
"Self-Orientation","self-focus","Self-Focused / Ambitious","mild","baseline row 521","I tend to make major life decisions based primarily on what excites and fulfills me.","axis2-self-orientation.json"
"Self-Orientation","self-focus","Self-Focused / Ambitious","moderate","baseline row 461","I tend to measure my week by how much I advanced my own objectives.","axis2-self-orientation.json"
"Self-Orientation","self-focus","Self-Focused / Ambitious","moderate","baseline row 468","I routinely block off calendar time that belongs exclusively to me.","axis2-self-orientation.json"
"Self-Orientation","self-focus","Self-Focused / Ambitious","moderate","baseline row 497","I tend to structure group decisions around outcomes that benefit me most.","axis2-self-orientation.json"
"Self-Orientation","self-focus","Self-Focused / Ambitious","moderate","baseline row 298","I routinely optimize my schedule around my own peak performance.","axis2-self-orientation.json"
"Self-Orientation","self-focus","Self-Focused / Ambitious","moderate","baseline row 504","I routinely choose the path of least resistance for myself, even if it requires more from others.","axis2-self-orientation.json"
"Self-Orientation","self-focus","Self-Focused / Ambitious","moderate","baseline row 476","I find that designing my ideal morning, without accommodation for anyone else, sets me up for success.","axis2-self-orientation.json"
"Self-Orientation","self-focus","Self-Focused / Ambitious","moderate","baseline row 449","I tend to choose the restaurant, the movie, or the activity that I most want.","axis2-self-orientation.json"
"Self-Orientation","self-focus","Self-Focused / Ambitious","moderate","baseline row 456","I routinely turn down invitations that do not serve my personal interests or growth.","axis2-self-orientation.json"
"Self-Orientation","self-focus","Self-Focused / Ambitious","moderate","baseline row 498","I routinely invest in courses, certifications, and credentials that advance my career.","axis2-self-orientation.json"
"Self-Orientation","self-focus","Self-Focused / Ambitious","moderate","baseline row 489","I hold the view that protecting my sleep schedule is more important than being available to others late at night.","axis2-self-orientation.json"
"Self-Orientation","self-focus","Self-Focused / Ambitious","moderate","baseline row 484","I feel that taking a solo trip to recharge is more valuable than a group vacation.","axis2-self-orientation.json"
"Self-Orientation","self-focus","Self-Focused / Ambitious","moderate","baseline row 256","I routinely track my personal progress and set benchmarks for my own improvement.","axis2-self-orientation.json"
"Self-Orientation","self-focus","Self-Focused / Ambitious","moderate","baseline row 280","I routinely surround myself with people and environments that elevate my personal trajectory.","axis2-self-orientation.json"
"Self-Orientation","self-focus","Self-Focused / Ambitious","moderate","baseline row 496","I feel that my creative projects deserve the same level of investment I would give to a professional obligation.","axis2-self-orientation.json"
"Self-Orientation","self-focus","Self-Focused / Ambitious","moderate","baseline row 450","I routinely update my personal goals and adjust my life to match them.","axis2-self-orientation.json"
"Self-Orientation","self-focus","Self-Focused / Ambitious","moderate","baseline row 292","I routinely make lifestyle choices that reflect my personal standards and aspirations.","axis2-self-orientation.json"
"Self-Orientation","self-focus","Self-Focused / Ambitious","moderate","baseline row 460","I feel that splurging on a personal passion project is money well spent.","axis2-self-orientation.json"
"Self-Orientation","self-focus","Self-Focused / Ambitious","moderate","baseline row 478","I feel that personal reading time is a non-negotiable part of my schedule.","axis2-self-orientation.json"
"Self-Orientation","self-focus","Self-Focused / Ambitious","moderate","baseline row 479","I tend to keep my most innovative ideas for my own ventures.","axis2-self-orientation.json"
"Self-Orientation","self-focus","Self-Focused / Ambitious","moderate","baseline row 480","I routinely evaluate friendships by whether they contribute to my personal development.","axis2-self-orientation.json"
"Self-Orientation","self-focus","Self-Focused / Ambitious","moderate","baseline row 492","I routinely rearrange my environment to maximize my own comfort and productivity.","axis2-self-orientation.json"
"Self-Orientation","self-focus","Self-Focused / Ambitious","moderate","baseline row 474","I routinely upgrade my personal environment—better lighting, better furniture, better technology.","axis2-self-orientation.json"
"Self-Orientation","self-focus","Self-Focused / Ambitious","moderate","baseline row 274","I routinely advocate for my own interests in negotiations and discussions.","axis2-self-orientation.json"
"Self-Orientation","self-focus","Self-Focused / Ambitious","moderate","baseline row 482","I find that eating alone at my favorite restaurant is a perfectly worthwhile way to spend an evening.","axis2-self-orientation.json"
"Self-Orientation","self-focus","Self-Focused / Ambitious","moderate","baseline row 236","I feel that healthy self-focus gives me the strength to show up fully in everything I do.","axis2-self-orientation.json"
"Self-Orientation","self-focus","Self-Focused / Ambitious","moderate","baseline row 254","I feel that when I take care of my own needs, I am better equipped for everything else.","axis2-self-orientation.json"
"Self-Orientation","self-focus","Self-Focused / Ambitious","moderate","baseline row 243","I hold the view that every person's first responsibility is to themselves.","axis2-self-orientation.json"
"Self-Orientation","self-focus","Self-Focused / Ambitious","moderate","baseline row 300","I feel that enjoying the fruits of my own labor is exactly what hard work is for.","axis2-self-orientation.json"
"Self-Orientation","self-focus","Self-Focused / Ambitious","moderate","baseline row 232","I routinely choose quality-of-life improvements for myself over gifts for others.","axis2-self-orientation.json"
"Self-Orientation","self-focus","Self-Focused / Ambitious","moderate","baseline row 268","I routinely decline social events that don't advance my personal interests.","axis2-self-orientation.json"
"Self-Orientation","self-focus","Self-Focused / Ambitious","strong","baseline row 534","I routinely keep a list of personal achievements and review it for motivation.","axis2-self-orientation.json"
"Self-Orientation","self-focus","Self-Focused / Ambitious","strong","baseline row 515","I tend to choose my battles based on what matters most to my own goals.","axis2-self-orientation.json"
"Self-Orientation","self-focus","Self-Focused / Ambitious","strong","baseline row 546","I routinely visualize my own future success and make decisions to bring that vision closer.","axis2-self-orientation.json"
"Self-Orientation","self-focus","Self-Focused / Ambitious","strong","baseline row 522","I routinely research and pursue opportunities that specifically strengthen my resume or portfolio.","axis2-self-orientation.json"
"Self-Orientation","self-focus","Self-Focused / Ambitious","strong","baseline row 159","I feel most alive when I am working toward my own aspirations.","axis2-self-orientation.json"
"Self-Orientation","self-focus","Self-Focused / Ambitious","strong","baseline row 582","I routinely opt for premium personal experiences—travel, dining, learning—because I believe I am worth it.","axis2-self-orientation.json"
"Self-Orientation","self-focus","Self-Focused / Ambitious","strong","baseline row 552","I routinely protect my focus time even when others express disappointment.","axis2-self-orientation.json"
"Self-Orientation","self-focus","Self-Focused / Ambitious","strong","baseline row 536","I find that traveling alone to pursue my own interests is more fulfilling than compromising on a group itinerary.","axis2-self-orientation.json"
"Self-Orientation","self-focus","Self-Focused / Ambitious","strong","baseline row 510","I routinely audit my commitments and drop those that no longer serve my personal direction.","axis2-self-orientation.json"
"Self-Orientation","self-focus","Self-Focused / Ambitious","strong","baseline row 591","I routinely choose solitude for deep personal work over collaboration that dilutes my focus.","axis2-self-orientation.json"
"Self-Orientation","self-focus","Self-Focused / Ambitious","strong","baseline row 572","I find that maintaining a wish list of things I want for myself keeps me motivated.","axis2-self-orientation.json"
"Self-Orientation","self-focus","Self-Focused / Ambitious","strong","baseline row 564","I routinely assess whether my current role still serves my personal growth trajectory.","axis2-self-orientation.json"
"Self-Orientation","self-focus","Self-Focused / Ambitious","strong","baseline row 558","I routinely document my own accomplishments so they are recognized and remembered.","axis2-self-orientation.json"
"Self-Orientation","self-focus","Self-Focused / Ambitious","strong","baseline row 588","I routinely ensure that my personal brand is visible, polished, and intentionally cultivated.","axis2-self-orientation.json"
"Self-Orientation","self-focus","Self-Focused / Ambitious","strong","baseline row 528","I routinely calculate the return on investment for my personal time and money.","axis2-self-orientation.json"
"Self-Orientation","self-focus","Self-Focused / Ambitious","strong","baseline row 576","I routinely prioritize my own deadlines over requests that come from others.","axis2-self-orientation.json"
"Self-Orientation","self-focus","Self-Focused / Ambitious","strong","baseline row 518","I find that decorating my space exactly to my taste improves my daily mood and output.","axis2-self-orientation.json"
"Self-Orientation","self-focus","Self-Focused / Ambitious","strong","baseline row 570","I routinely upgrade my skills specifically to increase my market value.","axis2-self-orientation.json"
"Self-Orientation","self-focus","Self-Focused / Ambitious","strong","baseline row 516","I routinely treat myself to experiences and products that bring me personal joy.","axis2-self-orientation.json"
"Self-Orientation","self-focus","Self-Focused / Ambitious","strong","baseline row 568","I feel that pursuing mastery in my chosen field is worth more than diversifying my efforts for others.","axis2-self-orientation.json"
"Self-Orientation","self-focus","Self-Focused / Ambitious","strong","baseline row 291","I hold the view that the person most responsible for my well-being is me.","axis2-self-orientation.json"
"Self-Orientation","self-focus","Self-Focused / Ambitious","strong","baseline row 470","I find that saying no to requests that dilute my focus is one of my most valuable habits.","axis2-self-orientation.json"
"Self-Orientation","self-focus","Self-Focused / Ambitious","strong","baseline row 523","I believe that the time I spend alone working on my goals is among my most valuable hours.","axis2-self-orientation.json"
"Self-Orientation","self-focus","Self-Focused / Ambitious","strong","baseline row 583","I believe that my most important competition is with my past self, and I intend to keep winning.","axis2-self-orientation.json"
"Self-Orientation","self-focus","Self-Focused / Ambitious","strong","baseline row 577","I believe that assembling a life that reflects my personal values and desires is the primary task of adulthood.","axis2-self-orientation.json"
"Self-Orientation","self-focus","Self-Focused / Ambitious","strong","baseline row 540","I routinely stockpile resources—savings, knowledge, connections—for my own future use.","axis2-self-orientation.json"
"Self-Orientation","self-focus","Self-Focused / Ambitious","strong","baseline row 513","I hold the view that personal ambition and drive are qualities to be proud of, not downplayed.","axis2-self-orientation.json"
"Self-Orientation","self-focus","Self-Focused / Ambitious","strong","baseline row 556","I feel that refining my personal aesthetic—in everything from clothing to home design—is a worthy pursuit.","axis2-self-orientation.json"
"Self-Orientation","self-focus","Self-Focused / Ambitious","strong","baseline row 560","I find that building a strong personal financial cushion gives me more confidence than anything else.","axis2-self-orientation.json"
"Self-Orientation","self-focus","Self-Focused / Ambitious","strong","baseline row 194","I feel that it is healthy and right to put my own needs first in most situations.","axis2-self-orientation.json"
"Conscientiousness","conscientious","Highly Conscientious","mild","baseline row 5","I feel uneasy when I don't have a clear plan for the week ahead.","axis4-conscientiousness.json"
"Conscientiousness","conscientious","Highly Conscientious","mild","baseline row 119","I use tools like spreadsheets, project boards, or apps to keep my life organized.","axis4-conscientiousness.json"
"Conscientiousness","conscientious","Highly Conscientious","mild","baseline row 193","I review my calendar at the start of each day to set my intentions.","axis4-conscientiousness.json"
"Conscientiousness","conscientious","Highly Conscientious","mild","baseline row 505","I schedule specific times to check and respond to messages rather than staying reactive.","axis4-conscientiousness.json"
"Conscientiousness","conscientious","Highly Conscientious","mild","baseline row 21","I rarely miss a deadline because I build buffer time into my schedules.","axis4-conscientiousness.json"
"Conscientiousness","conscientious","Highly Conscientious","mild","baseline row 41","I track my progress methodically to ensure I'm meeting my targets.","axis4-conscientiousness.json"
"Conscientiousness","conscientious","Highly Conscientious","mild","baseline row 37","I feel uncomfortable starting a project without a clear outline of the steps involved.","axis4-conscientiousness.json"
"Conscientiousness","conscientious","Highly Conscientious","mild","baseline row 9","I find deep satisfaction in checking items off a well-organized to-do list.","axis4-conscientiousness.json"
"Conscientiousness","conscientious","Highly Conscientious","mild","baseline row 25","I review my goals regularly and adjust my plans to stay on track.","axis4-conscientiousness.json"
"Conscientiousness","conscientious","Highly Conscientious","mild","baseline row 79","I proactively organize shared spaces and group projects because order enables progress.","axis4-conscientiousness.json"
"Conscientiousness","conscientious","Highly Conscientious","mild","baseline row 149","I create backup plans because I know that primary plans sometimes fail.","axis4-conscientiousness.json"
"Conscientiousness","conscientious","Highly Conscientious","mild","baseline row 59","I am the kind of person who reads the manual before using a new device.","axis4-conscientiousness.json"
"Conscientiousness","conscientious","Highly Conscientious","mild","baseline row 317","I schedule thinking time into my calendar rather than leaving reflection to chance.","axis4-conscientiousness.json"
"Conscientiousness","conscientious","Highly Conscientious","mild","baseline row 165","I feel more in control when I have a plan, even if it needs to be adjusted later.","axis4-conscientiousness.json"
"Conscientiousness","conscientious","Highly Conscientious","mild","baseline row 11","I make it a point to arrive early to appointments and meetings.","axis4-conscientiousness.json"
"Conscientiousness","conscientious","Highly Conscientious","mild","baseline row 1","I keep a detailed calendar and refer to it multiple times a day.","axis4-conscientiousness.json"
"Conscientiousness","conscientious","Highly Conscientious","mild","baseline row 87","I approach important decisions by gathering information and analyzing options systematically.","axis4-conscientiousness.json"
"Conscientiousness","conscientious","Highly Conscientious","mild","baseline row 15","I consistently set long-term goals and build step-by-step plans to reach them.","axis4-conscientiousness.json"
"Conscientiousness","conscientious","Highly Conscientious","mild","baseline row 199","I maintain an archive of past work so I can reference and build on it.","axis4-conscientiousness.json"
"Conscientiousness","conscientious","Highly Conscientious","mild","baseline row 125","I invest time in building habits that will pay dividends over months and years.","axis4-conscientiousness.json"
"Conscientiousness","conscientious","Highly Conscientious","mild","baseline row 109","I lay out my clothes, pack my bag, or prepare materials the night before.","axis4-conscientiousness.json"
"Conscientiousness","conscientious","Highly Conscientious","mild","baseline row 173","I systematically review and update my plans as new information becomes available.","axis4-conscientiousness.json"
"Conscientiousness","conscientious","Highly Conscientious","mild","baseline row 191","I take pride in my reputation for dependability and follow-through.","axis4-conscientiousness.json"
"Conscientiousness","conscientious","Highly Conscientious","mild","baseline row 129","I feel a genuine sense of accomplishment when I execute a plan exactly as designed.","axis4-conscientiousness.json"
"Conscientiousness","conscientious","Highly Conscientious","mild","baseline row 161","I keep a journal or log to reflect on my progress and hold myself accountable.","axis4-conscientiousness.json"
"Conscientiousness","conscientious","Highly Conscientious","mild","baseline row 575","I maintain an orderly queue of tasks rather than juggling them all at once.","axis4-conscientiousness.json"
"Conscientiousness","conscientious","Highly Conscientious","mild","baseline row 155","I sequence my tasks so that each one builds logically on the one before.","axis4-conscientiousness.json"
"Conscientiousness","conscientious","Highly Conscientious","mild","baseline row 163","I think of my future self as someone I am actively building conditions for.","axis4-conscientiousness.json"
"Conscientiousness","conscientious","Highly Conscientious","mild","baseline row 143","I find it satisfying to bring order to something that was previously disorganized.","axis4-conscientiousness.json"
"Conscientiousness","conscientious","Highly Conscientious","mild","baseline row 145","I take a methodical approach to learning new skills, following a structured curriculum.","axis4-conscientiousness.json"
"Conscientiousness","conscientious","Highly Conscientious","moderate","baseline row 339","I protect focused work time by blocking it on my calendar so no one can interrupt it.","axis4-conscientiousness.json"
"Conscientiousness","conscientious","Highly Conscientious","moderate","baseline row 297","I keep a running list of things I need to remember and review it regularly.","axis4-conscientiousness.json"
"Conscientiousness","conscientious","Highly Conscientious","moderate","baseline row 365","I value knowing exactly where I stand on a project at all times.","axis4-conscientiousness.json"
"Conscientiousness","conscientious","Highly Conscientious","moderate","baseline row 263","I schedule regular maintenance for my car, home, and other possessions.","axis4-conscientiousness.json"
"Conscientiousness","conscientious","Highly Conscientious","moderate","baseline row 369","I consider multiple possible outcomes before committing to a decision.","axis4-conscientiousness.json"
"Conscientiousness","conscientious","Highly Conscientious","moderate","baseline row 357","I think about what tools or supplies I'll need before starting a project.","axis4-conscientiousness.json"
"Conscientiousness","conscientious","Highly Conscientious","moderate","baseline row 315","I write down lessons from each project so I can apply them to the next one.","axis4-conscientiousness.json"
"Conscientiousness","conscientious","Highly Conscientious","moderate","baseline row 321","I update my to-do list throughout the day as new tasks surface.","axis4-conscientiousness.json"
"Conscientiousness","conscientious","Highly Conscientious","moderate","baseline row 383","I schedule appointments with buffer time between them to avoid feeling rushed.","axis4-conscientiousness.json"
"Conscientiousness","conscientious","Highly Conscientious","moderate","baseline row 259","I think of my daily habits as investments that pay dividends in the years ahead.","axis4-conscientiousness.json"
"Conscientiousness","conscientious","Highly Conscientious","moderate","baseline row 233","I feel responsible for creating the conditions that will lead to my desired future.","axis4-conscientiousness.json"
"Conscientiousness","conscientious","Highly Conscientious","moderate","baseline row 253","I create project timelines with specific milestones and check-in points.","axis4-conscientiousness.json"
"Conscientiousness","conscientious","Highly Conscientious","moderate","baseline row 299","I am careful to manage my energy across the day so I don't burn out before evening.","axis4-conscientiousness.json"
"Conscientiousness","conscientious","Highly Conscientious","moderate","baseline row 373","I maintain a reading list and work through it systematically.","axis4-conscientiousness.json"
"Conscientiousness","conscientious","Highly Conscientious","moderate","baseline row 241","I prepare for meetings by reviewing agendas and relevant materials in advance.","axis4-conscientiousness.json"
"Conscientiousness","conscientious","Highly Conscientious","moderate","baseline row 327","I keep a master list of all ongoing projects and their current statuses.","axis4-conscientiousness.json"
"Conscientiousness","conscientious","Highly Conscientious","moderate","baseline row 313","I keep a log of what I accomplish each day to maintain awareness of my productivity.","axis4-conscientiousness.json"
"Conscientiousness","conscientious","Highly Conscientious","moderate","baseline row 257","I prioritize long-term wellbeing over short-term pleasure when the two conflict.","axis4-conscientiousness.json"
"Conscientiousness","conscientious","Highly Conscientious","moderate","baseline row 341","I return borrowed items promptly because outstanding obligations weigh on me.","axis4-conscientiousness.json"
"Conscientiousness","conscientious","Highly Conscientious","moderate","baseline row 279","I value predictability in my daily routine because it lets me focus on what matters.","axis4-conscientiousness.json"
"Conscientiousness","conscientious","Highly Conscientious","moderate","baseline row 231","I maintain separate spaces or systems for different areas of my life to avoid confusion.","axis4-conscientiousness.json"
"Conscientiousness","conscientious","Highly Conscientious","moderate","baseline row 427","I account for travel time, transitions, and setup when planning my schedule.","axis4-conscientiousness.json"
"Conscientiousness","conscientious","Highly Conscientious","moderate","baseline row 221","I practice important skills repeatedly until they become second nature.","axis4-conscientiousness.json"
"Conscientiousness","conscientious","Highly Conscientious","moderate","baseline row 275","I design my workflows to minimize friction and maximize repeatability.","axis4-conscientiousness.json"
"Conscientiousness","conscientious","Highly Conscientious","moderate","baseline row 273","I feel a strong pull to finish what I start, even when enthusiasm fades.","axis4-conscientiousness.json"
"Conscientiousness","conscientious","Highly Conscientious","moderate","baseline row 331","I establish naming conventions for my files so I can search for them easily.","axis4-conscientiousness.json"
"Conscientiousness","conscientious","Highly Conscientious","moderate","baseline row 345","I maintain version histories of important documents so I can revert changes if needed.","axis4-conscientiousness.json"
"Conscientiousness","conscientious","Highly Conscientious","moderate","baseline row 261","I feel uncomfortable when I leave things half-finished at the end of the day.","axis4-conscientiousness.json"
"Conscientiousness","conscientious","Highly Conscientious","moderate","baseline row 429","I use consistent formats and templates for recurring communications.","axis4-conscientiousness.json"
"Conscientiousness","conscientious","Highly Conscientious","moderate","baseline row 415","I keep a record of decisions and the reasoning behind them for future reference.","axis4-conscientiousness.json"
"Conscientiousness","conscientious","Highly Conscientious","strong","baseline row 521","I clean as I go when cooking or working on a project to avoid a big mess at the end.","axis4-conscientiousness.json"
"Conscientiousness","conscientious","Highly Conscientious","strong","baseline row 409","I tackle administrative tasks on a regular schedule so they never pile up.","axis4-conscientiousness.json"
"Conscientiousness","conscientious","Highly Conscientious","strong","baseline row 559","I use a decision journal to record significant choices and revisit them later.","axis4-conscientiousness.json"
"Conscientiousness","conscientious","Highly Conscientious","strong","baseline row 463","I finalize plans early to give myself and others time to prepare.","axis4-conscientiousness.json"
"Conscientiousness","conscientious","Highly Conscientious","strong","baseline row 435","I leave detailed notes for my future self when pausing a project mid-stream.","axis4-conscientiousness.json"
"Conscientiousness","conscientious","Highly Conscientious","strong","baseline row 563","I plan my week on Sunday evening so Monday morning starts with clarity.","axis4-conscientiousness.json"
"Conscientiousness","conscientious","Highly Conscientious","strong","baseline row 569","I develop contingency plans for critical tasks even when things are going well.","axis4-conscientiousness.json"
"Conscientiousness","conscientious","Highly Conscientious","strong","baseline row 593","I rotate seasonal items in and out of storage on a predictable schedule.","axis4-conscientiousness.json"
"Conscientiousness","conscientious","Highly Conscientious","strong","baseline row 533","I set recurring calendar events for tasks that need to happen regularly.","axis4-conscientiousness.json"
"Conscientiousness","conscientious","Highly Conscientious","strong","baseline row 447","I compare my current progress to my original timeline to gauge whether I'm ahead or behind.","axis4-conscientiousness.json"
"Conscientiousness","conscientious","Highly Conscientious","strong","baseline row 583","I calibrate my effort to the importance of each task, giving more attention to high-impact work.","axis4-conscientiousness.json"
"Conscientiousness","conscientious","Highly Conscientious","strong","baseline row 507","I weigh the trade-offs of a decision on paper before committing.","axis4-conscientiousness.json"
"Conscientiousness","conscientious","Highly Conscientious","strong","baseline row 525","I keep a maintenance schedule for equipment, subscriptions, and recurring needs.","axis4-conscientiousness.json"
"Conscientiousness","conscientious","Highly Conscientious","strong","baseline row 97","I feel most confident when I have rehearsed or prepared thoroughly for an event.","axis4-conscientiousness.json"
"Conscientiousness","conscientious","Highly Conscientious","strong","baseline row 553","I practice new skills in a structured, progressive way, building from simple to complex.","axis4-conscientiousness.json"
"Conscientiousness","conscientious","Highly Conscientious","strong","baseline row 403","I devote a fixed portion of my income to savings regardless of circumstances.","axis4-conscientiousness.json"
"Conscientiousness","conscientious","Highly Conscientious","strong","baseline row 529","I use project management frameworks to coordinate complex work.","axis4-conscientiousness.json"
"Conscientiousness","conscientious","Highly Conscientious","strong","baseline row 425","I break vague goals into concrete next actions so I always know what to do next.","axis4-conscientiousness.json"
"Conscientiousness","conscientious","Highly Conscientious","strong","baseline row 483","I invest time creating systems that make future work easier even if setup takes a while.","axis4-conscientiousness.json"
"Conscientiousness","conscientious","Highly Conscientious","strong","baseline row 485","I treat my calendar as a binding contract with myself.","axis4-conscientiousness.json"
"Conscientiousness","conscientious","Highly Conscientious","strong","baseline row 439","I prepare agendas before any meeting I'm responsible for.","axis4-conscientiousness.json"
"Conscientiousness","conscientious","Highly Conscientious","strong","baseline row 187","I am the type of person who always has a five-year plan or long-range vision.","axis4-conscientiousness.json"
"Conscientiousness","conscientious","Highly Conscientious","strong","baseline row 433","I establish personal policies for recurring decisions so I don't have to deliberate each time.","axis4-conscientiousness.json"
"Conscientiousness","conscientious","Highly Conscientious","strong","baseline row 511","I build transition rituals between activities to stay grounded and focused.","axis4-conscientiousness.json"
"Conscientiousness","conscientious","Highly Conscientious","strong","baseline row 473","I think about what skills I'll need in the future and start developing them now.","axis4-conscientiousness.json"
"Conscientiousness","conscientious","Highly Conscientious","strong","baseline row 577","I resist starting new projects until current ones are at a natural stopping point.","axis4-conscientiousness.json"
"Conscientiousness","conscientious","Highly Conscientious","strong","baseline row 431","I track the time I spend on different activities to understand where my hours go.","axis4-conscientiousness.json"
"Conscientiousness","conscientious","Highly Conscientious","strong","baseline row 549","I verify that backups of important data are running correctly on a regular basis.","axis4-conscientiousness.json"
"Conscientiousness","conscientious","Highly Conscientious","strong","baseline row 325","I pre-read materials before classes, workshops, or events so I can engage more deeply.","axis4-conscientiousness.json"
"Conscientiousness","conscientious","Highly Conscientious","strong","baseline row 535","I compare estimated time versus actual time on tasks to improve my planning accuracy.","axis4-conscientiousness.json"
"Conscientiousness","spontaneous","Spontaneous","mild","baseline row 88","When facing a decision, I often go with my first instinct rather than deliberating at length.","axis4-conscientiousness.json"
"Conscientiousness","spontaneous","Spontaneous","mild","baseline row 46","I eat when I'm hungry and exercise when I feel like it, without a fixed schedule.","axis4-conscientiousness.json"
"Conscientiousness","spontaneous","Spontaneous","mild","baseline row 228","I shop and pack based on what occurs to me in the moment rather than from a list.","axis4-conscientiousness.json"
"Conscientiousness","spontaneous","Spontaneous","mild","baseline row 92","I find budgets and financial plans too restrictive and prefer to manage money intuitively.","axis4-conscientiousness.json"
"Conscientiousness","spontaneous","Spontaneous","mild","baseline row 114","I tend to wait until the pressure of a deadline sharpens my focus.","axis4-conscientiousness.json"
"Conscientiousness","spontaneous","Spontaneous","mild","baseline row 2","I prefer to let my day unfold naturally rather than follow a rigid schedule.","axis4-conscientiousness.json"
"Conscientiousness","spontaneous","Spontaneous","mild","baseline row 534","I do regular tasks when I remember them rather than relying on calendar prompts.","axis4-conscientiousness.json"
"Conscientiousness","spontaneous","Spontaneous","mild","baseline row 32","A messy desk doesn't bother me; I know where everything is in my own way.","axis4-conscientiousness.json"
"Conscientiousness","spontaneous","Spontaneous","mild","baseline row 458","I run errands as they occur to me, sometimes doubling back, and that's fine by me.","axis4-conscientiousness.json"
"Conscientiousness","spontaneous","Spontaneous","mild","baseline row 100","I tend to work on whatever grabs my attention rather than following a priority list.","axis4-conscientiousness.json"
"Conscientiousness","spontaneous","Spontaneous","mild","baseline row 526","I deal with maintenance needs when they become apparent rather than on a schedule.","axis4-conscientiousness.json"
"Conscientiousness","spontaneous","Spontaneous","mild","baseline row 40","I prefer to dive into a project and let the structure emerge organically.","axis4-conscientiousness.json"
"Conscientiousness","spontaneous","Spontaneous","mild","baseline row 8","I trust my gut instincts more than any amount of advance preparation.","axis4-conscientiousness.json"
"Conscientiousness","spontaneous","Spontaneous","mild","baseline row 276","I redesign my approach each time I encounter a new problem rather than applying a formula.","axis4-conscientiousness.json"
"Conscientiousness","spontaneous","Spontaneous","mild","baseline row 38","I often start projects without a clear plan, trusting that the path will reveal itself.","axis4-conscientiousness.json"
"Conscientiousness","spontaneous","Spontaneous","mild","baseline row 204","I'd rather commit quickly to a direction and learn from the results than test endlessly.","axis4-conscientiousness.json"
"Conscientiousness","spontaneous","Spontaneous","mild","baseline row 454","I pay bills and handle obligations when I notice them rather than setting up automation.","axis4-conscientiousness.json"
"Conscientiousness","spontaneous","Spontaneous","mild","baseline row 570","I focus all my energy on the primary plan rather than diverting effort to contingencies.","axis4-conscientiousness.json"
"Conscientiousness","spontaneous","Spontaneous","mild","baseline row 594","I swap seasonal items when the weather actually changes rather than on a set date.","axis4-conscientiousness.json"
"Conscientiousness","spontaneous","Spontaneous","mild","baseline row 110","I throw things together at the last minute and it usually works out fine.","axis4-conscientiousness.json"
"Conscientiousness","spontaneous","Spontaneous","mild","baseline row 72","I prefer trips where I can wander freely and discover things without an itinerary.","axis4-conscientiousness.json"
"Conscientiousness","spontaneous","Spontaneous","mild","baseline row 302","I prefer to speak off the cuff because rehearsed delivery feels stiff to me.","axis4-conscientiousness.json"
"Conscientiousness","spontaneous","Spontaneous","mild","baseline row 396","I blend research, creation, and revision together fluidly rather than working in distinct phases.","axis4-conscientiousness.json"
"Conscientiousness","spontaneous","Spontaneous","mild","baseline row 544","I reconnect with people when the impulse strikes rather than tracking our last contact.","axis4-conscientiousness.json"
"Conscientiousness","spontaneous","Spontaneous","mild","baseline row 48","I prefer to keep my options open rather than lock myself into a specific course of action.","axis4-conscientiousness.json"
"Conscientiousness","spontaneous","Spontaneous","mild","baseline row 166","I feel more in control when I'm free to react to what's actually happening rather than following a script.","axis4-conscientiousness.json"
"Conscientiousness","spontaneous","Spontaneous","mild","baseline row 260","I think of each day as its own self-contained experience rather than an investment in the future.","axis4-conscientiousness.json"
"Conscientiousness","spontaneous","Spontaneous","mild","baseline row 6","I thrive when I can respond to whatever the moment presents rather than sticking to a predetermined path.","axis4-conscientiousness.json"
"Conscientiousness","spontaneous","Spontaneous","mild","baseline row 362","I let the scope of a task reveal itself as I work rather than defining it upfront.","axis4-conscientiousness.json"
"Conscientiousness","spontaneous","Spontaneous","mild","baseline row 168","I often have multiple projects going at once and move between them as my interest dictates.","axis4-conscientiousness.json"
"Conscientiousness","spontaneous","Spontaneous","moderate","baseline row 74","I trust that I can handle whatever comes up, so I don't waste time on contingency plans.","axis4-conscientiousness.json"
"Conscientiousness","spontaneous","Spontaneous","moderate","baseline row 106","I respond to messages when the timing feels right, not according to a self-imposed schedule.","axis4-conscientiousness.json"
"Conscientiousness","spontaneous","Spontaneous","moderate","baseline row 274","I feel comfortable dropping a project when my interest shifts to something more compelling.","axis4-conscientiousness.json"
"Conscientiousness","spontaneous","Spontaneous","moderate","baseline row 350","I negotiate and make requests without scripted fallbacks, adapting to the flow of conversation.","axis4-conscientiousness.json"
"Conscientiousness","spontaneous","Spontaneous","moderate","baseline row 298","I trust that the things that truly matter will stay in my mind without a list.","axis4-conscientiousness.json"
"Conscientiousness","spontaneous","Spontaneous","moderate","baseline row 150","I rarely make backup plans because I trust my ability to improvise if things go sideways.","axis4-conscientiousness.json"
"Conscientiousness","spontaneous","Spontaneous","moderate","baseline row 234","I focus on creating the conditions for a great present and let the future emerge from that.","axis4-conscientiousness.json"
"Conscientiousness","spontaneous","Spontaneous","moderate","baseline row 90","I learn what I want to achieve by starting to act, not by planning in advance.","axis4-conscientiousness.json"
"Conscientiousness","spontaneous","Spontaneous","moderate","baseline row 310","I send emails as soon as I write them, trusting my first phrasing is good enough.","axis4-conscientiousness.json"
"Conscientiousness","spontaneous","Spontaneous","moderate","baseline row 314","I gauge my productivity by how energized I feel, not by a tally of completed items.","axis4-conscientiousness.json"
"Conscientiousness","spontaneous","Spontaneous","moderate","baseline row 354","I share information as I learn it, refining my understanding in conversation.","axis4-conscientiousness.json"
"Conscientiousness","spontaneous","Spontaneous","moderate","baseline row 184","I prefer to move fast and fix errors when they surface rather than reviewing obsessively.","axis4-conscientiousness.json"
"Conscientiousness","spontaneous","Spontaneous","moderate","baseline row 194","I start my day open to whatever feels most compelling rather than consulting a schedule.","axis4-conscientiousness.json"
"Conscientiousness","spontaneous","Spontaneous","moderate","baseline row 130","I feel a genuine sense of accomplishment when I navigate an unplanned situation successfully.","axis4-conscientiousness.json"
"Conscientiousness","spontaneous","Spontaneous","moderate","baseline row 224","I value speed and momentum over precision in the early stages of any effort.","axis4-conscientiousness.json"
"Conscientiousness","spontaneous","Spontaneous","moderate","baseline row 70","I get bored when a process becomes too routine and look for ways to shake things up.","axis4-conscientiousness.json"
"Conscientiousness","spontaneous","Spontaneous","moderate","baseline row 254","I avoid detailed project timelines because they rarely survive contact with reality.","axis4-conscientiousness.json"
"Conscientiousness","spontaneous","Spontaneous","moderate","baseline row 142","I hold my commitments loosely, knowing that priorities shift and flexibility matters.","axis4-conscientiousness.json"
"Conscientiousness","spontaneous","Spontaneous","moderate","baseline row 124","I like to try a different approach each time, even if the old way worked.","axis4-conscientiousness.json"
"Conscientiousness","spontaneous","Spontaneous","moderate","baseline row 288","My sleep schedule shifts depending on what I'm engaged with; I follow my energy.","axis4-conscientiousness.json"
"Conscientiousness","spontaneous","Spontaneous","moderate","baseline row 192","I take pride in my ability to think on my feet and handle the unexpected.","axis4-conscientiousness.json"
"Conscientiousness","spontaneous","Spontaneous","moderate","baseline row 280","I value variety in my daily routine because it keeps me mentally sharp and engaged.","axis4-conscientiousness.json"
"Conscientiousness","spontaneous","Spontaneous","moderate","baseline row 262","I'm comfortable leaving things unfinished, trusting I'll return to them when the time is right.","axis4-conscientiousness.json"
"Conscientiousness","spontaneous","Spontaneous","moderate","baseline row 80","I'm comfortable with ambiguity in group projects and trust things will sort themselves out.","axis4-conscientiousness.json"
"Conscientiousness","spontaneous","Spontaneous","moderate","baseline row 358","I start projects with what I have and acquire tools as the need becomes clear.","axis4-conscientiousness.json"
"Conscientiousness","spontaneous","Spontaneous","moderate","baseline row 326","I show up to learning experiences fresh, without preparation, to keep my perspective unbiased.","axis4-conscientiousness.json"
"Conscientiousness","spontaneous","Spontaneous","moderate","baseline row 240","I reschedule plans without guilt when something more important or interesting comes up.","axis4-conscientiousness.json"
"Conscientiousness","spontaneous","Spontaneous","moderate","baseline row 66","I work in intense bursts of energy rather than at a steady, measured pace.","axis4-conscientiousness.json"
"Conscientiousness","spontaneous","Spontaneous","moderate","baseline row 198","What some call procrastination, I experience as waiting for the right moment of clarity.","axis4-conscientiousness.json"
"Conscientiousness","spontaneous","Spontaneous","moderate","baseline row 324","I head out the door and figure out what I forgot along the way.","axis4-conscientiousness.json"
"Conscientiousness","spontaneous","Spontaneous","strong","baseline row 364","I keep working when I'm energized regardless of what my schedule says, and rest when the energy fades.","axis4-conscientiousness.json"
"Conscientiousness","spontaneous","Spontaneous","strong","baseline row 460","I know a project is done when it feels complete, not when it meets predefined criteria.","axis4-conscientiousness.json"
"Conscientiousness","spontaneous","Spontaneous","strong","baseline row 188","Five-year plans seem pointless to me because so much changes that they quickly become irrelevant.","axis4-conscientiousness.json"
"Conscientiousness","spontaneous","Spontaneous","strong","baseline row 486","I treat my calendar as a rough suggestion that I adjust throughout the day.","axis4-conscientiousness.json"
"Conscientiousness","spontaneous","Spontaneous","strong","baseline row 514","I focus on the conversation during meetings and trust the key points will stick.","axis4-conscientiousness.json"
"Conscientiousness","spontaneous","Spontaneous","strong","baseline row 390","I let each morning develop its own rhythm instead of front-loading priority tasks.","axis4-conscientiousness.json"
"Conscientiousness","spontaneous","Spontaneous","strong","baseline row 438","I notice expired items when I happen to come across them, not on a set schedule.","axis4-conscientiousness.json"
"Conscientiousness","spontaneous","Spontaneous","strong","baseline row 372","I ramp up effort as a project progresses, letting early stages stay loose and exploratory.","axis4-conscientiousness.json"
"Conscientiousness","spontaneous","Spontaneous","strong","baseline row 370","I commit to a decision and adjust quickly if the outcome isn't what I expected.","axis4-conscientiousness.json"
"Conscientiousness","spontaneous","Spontaneous","strong","baseline row 374","I read whatever catches my interest without following a list.","axis4-conscientiousness.json"
"Conscientiousness","spontaneous","Spontaneous","strong","baseline row 476","I handle commitments as they surface throughout the week without a formal review.","axis4-conscientiousness.json"
"Conscientiousness","spontaneous","Spontaneous","strong","baseline row 34","I'd rather try something immediately and learn from the result than spend time planning it out.","axis4-conscientiousness.json"
"Conscientiousness","spontaneous","Spontaneous","strong","baseline row 366","I'm comfortable with ambiguity about where a project stands as long as progress feels real.","axis4-conscientiousness.json"
"Conscientiousness","spontaneous","Spontaneous","strong","baseline row 24","I feel most productive when I have the freedom to shift direction at any moment.","axis4-conscientiousness.json"
"Conscientiousness","spontaneous","Spontaneous","strong","baseline row 506","I check and respond to messages whenever they arrive, staying in the flow of communication.","axis4-conscientiousness.json"
"Conscientiousness","spontaneous","Spontaneous","strong","baseline row 554","I jump into the deep end with new skills and piece together understanding through experience.","axis4-conscientiousness.json"
"Conscientiousness","spontaneous","Spontaneous","strong","baseline row 592","I make choices based on present circumstances and adapt to downstream effects as they appear.","axis4-conscientiousness.json"
"Conscientiousness","spontaneous","Spontaneous","strong","baseline row 452","I give my full attention to what's happening now and prepare for future obligations closer to the time.","axis4-conscientiousness.json"
"Conscientiousness","spontaneous","Spontaneous","strong","baseline row 398","I let the day's most important task reveal itself through my engagement rather than deciding it in advance.","axis4-conscientiousness.json"
"Conscientiousness","spontaneous","Spontaneous","strong","baseline row 522","I focus entirely on the task at hand and clean up everything at the end in one pass.","axis4-conscientiousness.json"
"Conscientiousness","spontaneous","Spontaneous","strong","baseline row 384","I schedule things back-to-back and adjust on the fly if something runs over.","axis4-conscientiousness.json"
"Conscientiousness","spontaneous","Spontaneous","strong","baseline row 408","I give others a quick overview and trust them to figure out the details their own way.","axis4-conscientiousness.json"
"Conscientiousness","spontaneous","Spontaneous","strong","baseline row 464","I finalize plans late because earlier decisions might need changing anyway.","axis4-conscientiousness.json"
"Conscientiousness","spontaneous","Spontaneous","strong","baseline row 86","I can work effectively in chaotic environments that would distract most people.","axis4-conscientiousness.json"
"Conscientiousness","spontaneous","Spontaneous","strong","baseline row 564","I let Monday morning unfold and see what the week brings.","axis4-conscientiousness.json"
"Conscientiousness","spontaneous","Spontaneous","strong","baseline row 426","I sit with vague goals and let clarity emerge before forcing them into action steps.","axis4-conscientiousness.json"
"Conscientiousness","spontaneous","Spontaneous","strong","baseline row 498","I work on whatever pulls me in, whether it's hard or easy, based on the moment.","axis4-conscientiousness.json"
"Conscientiousness","spontaneous","Spontaneous","strong","baseline row 470","I handle errands and tasks as they come up, even if that means extra trips.","axis4-conscientiousness.json"
"Conscientiousness","spontaneous","Spontaneous","strong","baseline row 550","I think about backups only when something goes wrong and I wish I had one.","axis4-conscientiousness.json"
"Conscientiousness","spontaneous","Spontaneous","strong","baseline row 572","I act on my initial understanding and ask for clarification only if I get stuck.","axis4-conscientiousness.json"
"Agency","agentic","Agentic / Assertive","mild","baseline row 27","When there is a vacuum of leadership, I fill it without thinking twice.","axis5-agency.json"
"Agency","agentic","Agentic / Assertive","mild","baseline row 497","I am the type who builds the team around my vision rather than the other way around.","axis5-agency.json"
"Agency","agentic","Agentic / Assertive","mild","baseline row 9","When I see an opportunity, I move quickly to claim it.","axis5-agency.json"
"Agency","agentic","Agentic / Assertive","mild","baseline row 109","I often take it upon myself to resolve group disagreements by choosing a path.","axis5-agency.json"
"Agency","agentic","Agentic / Assertive","mild","baseline row 445","I tend to be the voice that names the elephant in the room.","axis5-agency.json"
"Agency","agentic","Agentic / Assertive","mild","baseline row 585","I tend to be the one who says the meeting is over and assigns next steps.","axis5-agency.json"
"Agency","agentic","Agentic / Assertive","mild","baseline row 307","I often reshape a project's scope based on my own assessment of what matters.","axis5-agency.json"
"Agency","agentic","Agentic / Assertive","mild","baseline row 89","I prefer to own the outcome of a decision rather than share that ownership.","axis5-agency.json"
"Agency","agentic","Agentic / Assertive","mild","baseline row 165","I tend to assert boundaries for the group about what is and isn't acceptable.","axis5-agency.json"
"Agency","agentic","Agentic / Assertive","mild","baseline row 137","I would rather lead a small group than follow in a large one.","axis5-agency.json"
"Agency","agentic","Agentic / Assertive","mild","baseline row 441","I prefer to set the ground rules before any group activity begins.","axis5-agency.json"
"Agency","agentic","Agentic / Assertive","mild","baseline row 23","I find it energizing to direct a team through a challenging situation.","axis5-agency.json"
"Agency","agentic","Agentic / Assertive","mild","baseline row 443","I am the person who usually decides how resources get distributed in a group project.","axis5-agency.json"
"Agency","agentic","Agentic / Assertive","mild","baseline row 269","I tend to direct the flow of conversation toward outcomes I envision.","axis5-agency.json"
"Agency","agentic","Agentic / Assertive","mild","baseline row 321","I would rather make a controversial call than let the team drift without direction.","axis5-agency.json"
"Agency","agentic","Agentic / Assertive","mild","baseline row 57","I find myself correcting course when I think a group is going the wrong way.","axis5-agency.json"
"Agency","agentic","Agentic / Assertive","mild","baseline row 67","I take pride in being the driving force behind a project's success.","axis5-agency.json"
"Agency","agentic","Agentic / Assertive","mild","baseline row 31","I feel confident making decisions on behalf of a group.","axis5-agency.json"
"Agency","agentic","Agentic / Assertive","mild","baseline row 425","I prefer to be the one who communicates bad news to the team.","axis5-agency.json"
"Agency","agentic","Agentic / Assertive","mild","baseline row 85","I often end up as the de facto leader in group projects.","axis5-agency.json"
"Agency","agentic","Agentic / Assertive","mild","baseline row 521","I prefer to own the relationship with external partners on behalf of the team.","axis5-agency.json"
"Agency","agentic","Agentic / Assertive","mild","baseline row 347","I tend to unilaterally escalate issues when I think a group is underreacting.","axis5-agency.json"
"Agency","agentic","Agentic / Assertive","mild","baseline row 33","I have been told that I have a commanding presence.","axis5-agency.json"
"Agency","agentic","Agentic / Assertive","mild","baseline row 45","I frequently volunteer to be the spokesperson or point person.","axis5-agency.json"
"Agency","agentic","Agentic / Assertive","mild","baseline row 53","I enjoy the weight of responsibility that comes with leading.","axis5-agency.json"
"Agency","agentic","Agentic / Assertive","mild","baseline row 551","I tend to make executive decisions about scope changes mid-project.","axis5-agency.json"
"Agency","agentic","Agentic / Assertive","mild","baseline row 63","I naturally claim authority in informal group settings.","axis5-agency.json"
"Agency","agentic","Agentic / Assertive","mild","baseline row 579","I often proactively define the criteria for who gets to participate in key discussions.","axis5-agency.json"
"Agency","agentic","Agentic / Assertive","mild","baseline row 529","I often speak with an air of finality that signals the discussion is over.","axis5-agency.json"
"Agency","agentic","Agentic / Assertive","mild","baseline row 387","I prefer to control the narrative around a project's progress.","axis5-agency.json"
"Agency","agentic","Agentic / Assertive","moderate","baseline row 315","When a conversation stalls, I push it forward with a concrete proposal.","axis5-agency.json"
"Agency","agentic","Agentic / Assertive","moderate","baseline row 99","When I have a vision, I pursue it whether or not others initially agree.","axis5-agency.json"
"Agency","agentic","Agentic / Assertive","moderate","baseline row 303","I am the first to speak up when a group needs someone to take ownership of a problem.","axis5-agency.json"
"Agency","agentic","Agentic / Assertive","moderate","baseline row 331","I feel a surge of energy when I declare a new direction for a team.","axis5-agency.json"
"Agency","agentic","Agentic / Assertive","moderate","baseline row 133","I want to be the one who shapes how a project unfolds.","axis5-agency.json"
"Agency","agentic","Agentic / Assertive","moderate","baseline row 79","I find it hard to stay quiet when I disagree with the group's direction.","axis5-agency.json"
"Agency","agentic","Agentic / Assertive","moderate","baseline row 191","I am attracted to opportunities where I can set the tone for a team.","axis5-agency.json"
"Agency","agentic","Agentic / Assertive","moderate","baseline row 177","I feel responsible for keeping a group on track toward its goals.","axis5-agency.json"
"Agency","agentic","Agentic / Assertive","moderate","baseline row 111","I have a strong desire to leave my mark on the things I work on.","axis5-agency.json"
"Agency","agentic","Agentic / Assertive","moderate","baseline row 117","I frequently take on captain or leadership roles in team settings.","axis5-agency.json"
"Agency","agentic","Agentic / Assertive","moderate","baseline row 319","I am the one who typically opens a meeting by framing the key question.","axis5-agency.json"
"Agency","agentic","Agentic / Assertive","moderate","baseline row 205","I enjoy being the public face of a group effort.","axis5-agency.json"
"Agency","agentic","Agentic / Assertive","moderate","baseline row 153","I think it is important to make a stand and defend it.","axis5-agency.json"
"Agency","agentic","Agentic / Assertive","moderate","baseline row 249","I think of authority as something to be exercised, not just held.","axis5-agency.json"
"Agency","agentic","Agentic / Assertive","moderate","baseline row 271","I find it natural to tell others what I expect from them.","axis5-agency.json"
"Agency","agentic","Agentic / Assertive","moderate","baseline row 339","I find it rewarding to have the final word in a discussion.","axis5-agency.json"
"Agency","agentic","Agentic / Assertive","moderate","baseline row 281","I am the type who creates the rules of engagement for a group.","axis5-agency.json"
"Agency","agentic","Agentic / Assertive","moderate","baseline row 341","I readily step in to mediate disputes by imposing a resolution.","axis5-agency.json"
"Agency","agentic","Agentic / Assertive","moderate","baseline row 273","I view taking charge as a service to the group.","axis5-agency.json"
"Agency","agentic","Agentic / Assertive","moderate","baseline row 311","I am quick to declare a path forward when the group is circling.","axis5-agency.json"
"Agency","agentic","Agentic / Assertive","moderate","baseline row 349","I naturally assume the authority to speak on behalf of a group.","axis5-agency.json"
"Agency","agentic","Agentic / Assertive","moderate","baseline row 301","I volunteer to chair committees or working groups without hesitation.","axis5-agency.json"
"Agency","agentic","Agentic / Assertive","moderate","baseline row 83","I am comfortable overruling a group decision when I believe I am right.","axis5-agency.json"
"Agency","agentic","Agentic / Assertive","moderate","baseline row 325","I naturally gravitate toward being the person who introduces people and assigns them roles.","axis5-agency.json"
"Agency","agentic","Agentic / Assertive","moderate","baseline row 159","I would describe my influence style as directive.","axis5-agency.json"
"Agency","agentic","Agentic / Assertive","moderate","baseline row 209","I have a hard time following when I think I could lead better.","axis5-agency.json"
"Agency","agentic","Agentic / Assertive","moderate","baseline row 333","I proactively recruit people to my initiatives.","axis5-agency.json"
"Agency","agentic","Agentic / Assertive","moderate","baseline row 119","I feel compelled to act when I see inefficiency or lack of direction.","axis5-agency.json"
"Agency","agentic","Agentic / Assertive","moderate","baseline row 173","I frequently redefine objectives when I think the current ones are wrong.","axis5-agency.json"
"Agency","agentic","Agentic / Assertive","moderate","baseline row 115","I trust my own judgment more than the group's consensus.","axis5-agency.json"
"Agency","agentic","Agentic / Assertive","strong","baseline row 393","When entering a new group, I quickly establish my role as a leader.","axis5-agency.json"
"Agency","agentic","Agentic / Assertive","strong","baseline row 481","I like to be the one who determines the scope of what the team works on.","axis5-agency.json"
"Agency","agentic","Agentic / Assertive","strong","baseline row 547","I am energized by standing at the front of the room and guiding the discussion.","axis5-agency.json"
"Agency","agentic","Agentic / Assertive","strong","baseline row 501","I make a point of having the last say before a group commits to a course of action.","axis5-agency.json"
"Agency","agentic","Agentic / Assertive","strong","baseline row 567","I am inclined to enforce standards even when the group has not explicitly agreed to them.","axis5-agency.json"
"Agency","agentic","Agentic / Assertive","strong","baseline row 581","I see my job as pointing the group in the right direction and clearing the path.","axis5-agency.json"
"Agency","agentic","Agentic / Assertive","strong","baseline row 411","I notice that people look to me to set the standard of effort in a group.","axis5-agency.json"
"Agency","agentic","Agentic / Assertive","strong","baseline row 391","I feel at home being the primary representative of a group to the outside world.","axis5-agency.json"
"Agency","agentic","Agentic / Assertive","strong","baseline row 507","I am comfortable making commitments on behalf of my team without consulting them first.","axis5-agency.json"
"Agency","agentic","Agentic / Assertive","strong","baseline row 565","I enjoy naming the problem and telling the group how we will solve it.","axis5-agency.json"
"Agency","agentic","Agentic / Assertive","strong","baseline row 7","I feel most alive when I am steering the course of a project.","axis5-agency.json"
"Agency","agentic","Agentic / Assertive","strong","baseline row 593","I feel a strong pull to shape the agenda of any group I am part of.","axis5-agency.json"
"Agency","agentic","Agentic / Assertive","strong","baseline row 583","I feel uncomfortable when someone challenges my authority in front of the group.","axis5-agency.json"
"Agency","agentic","Agentic / Assertive","strong","baseline row 523","I am drawn to moments where one person's decision changes everything.","axis5-agency.json"
"Agency","agentic","Agentic / Assertive","strong","baseline row 377","I am the one who cuts off brainstorming to move the group into execution.","axis5-agency.json"
"Agency","agentic","Agentic / Assertive","strong","baseline row 405","I have a tendency to take over tasks that others are doing too slowly.","axis5-agency.json"
"Agency","agentic","Agentic / Assertive","strong","baseline row 535","I find it satisfying to have direct reports and be responsible for their output.","axis5-agency.json"
"Agency","agentic","Agentic / Assertive","strong","baseline row 455","I naturally position myself at the center of decision-making networks.","axis5-agency.json"
"Agency","agentic","Agentic / Assertive","strong","baseline row 499","I enjoy the sense of being indispensable to a project's direction.","axis5-agency.json"
"Agency","agentic","Agentic / Assertive","strong","baseline row 513","I frequently reorganize a group's workflow to align with my approach.","axis5-agency.json"
"Agency","agentic","Agentic / Assertive","strong","baseline row 457","I am the person who reframes a problem so the team can act on it.","axis5-agency.json"
"Agency","agentic","Agentic / Assertive","strong","baseline row 569","I enjoy shaping the culture of any team I join.","axis5-agency.json"
"Agency","agentic","Agentic / Assertive","strong","baseline row 423","I instinctively create a chain of command when I work with others.","axis5-agency.json"
"Agency","agentic","Agentic / Assertive","strong","baseline row 531","I typically introduce structure to group work before anyone else does.","axis5-agency.json"
"Agency","agentic","Agentic / Assertive","strong","baseline row 453","I consider it a compliment when people describe me as commanding.","axis5-agency.json"
"Agency","agentic","Agentic / Assertive","strong","baseline row 413","I am comfortable unilaterally canceling plans that I think are not working.","axis5-agency.json"
"Agency","agentic","Agentic / Assertive","strong","baseline row 467","I actively lobby for my perspective before a group makes a decision.","axis5-agency.json"
"Agency","agentic","Agentic / Assertive","strong","baseline row 591","I commonly find myself the one editing and finalizing group deliverables.","axis5-agency.json"
"Agency","agentic","Agentic / Assertive","strong","baseline row 401","I frequently take on the role of gatekeeper for quality in group work.","axis5-agency.json"
"Agency","agentic","Agentic / Assertive","strong","baseline row 485","I am quick to assert my expertise when a topic I know well comes up.","axis5-agency.json"
"Agency","yielding","Yielding / Accommodating","mild","baseline row 28","When there is a vacuum of leadership, I look around to see who else might step in.","axis5-agency.json"
"Agency","yielding","Yielding / Accommodating","mild","baseline row 586","I tend to let the group decide when the meeting wraps and what the next steps are.","axis5-agency.json"
"Agency","yielding","Yielding / Accommodating","mild","baseline row 142","When things go sideways, I look for a collective response rather than taking personal charge.","axis5-agency.json"
"Agency","yielding","Yielding / Accommodating","mild","baseline row 24","I find it energizing to be part of a team that navigates challenges together.","axis5-agency.json"
"Agency","yielding","Yielding / Accommodating","mild","baseline row 322","I would rather let the team take extra time than force a call that divides people.","axis5-agency.json"
"Agency","yielding","Yielding / Accommodating","mild","baseline row 416","I am usually the first to check in with the group before anyone takes charge.","axis5-agency.json"
"Agency","yielding","Yielding / Accommodating","mild","baseline row 592","I prefer that group deliverables be finalized by whoever the group entrusts with that task.","axis5-agency.json"
"Agency","yielding","Yielding / Accommodating","mild","baseline row 446","I tend to wait and see if the group will name the elephant in the room on its own.","axis5-agency.json"
"Agency","yielding","Yielding / Accommodating","mild","baseline row 414","I bring concerns about a plan to the group rather than canceling it myself.","axis5-agency.json"
"Agency","yielding","Yielding / Accommodating","mild","baseline row 196","I often help synthesize multiple perspectives into a direction the group can support.","axis5-agency.json"
"Agency","yielding","Yielding / Accommodating","mild","baseline row 552","I tend to consult the team before making any scope changes mid-project.","axis5-agency.json"
"Agency","yielding","Yielding / Accommodating","mild","baseline row 138","I would rather be an integral part of a large group than lead a small one.","axis5-agency.json"
"Agency","yielding","Yielding / Accommodating","mild","baseline row 34","I have been told that I am a great team player.","axis5-agency.json"
"Agency","yielding","Yielding / Accommodating","mild","baseline row 72","I often yield to the group's preferred approach, even if mine differs.","axis5-agency.json"
"Agency","yielding","Yielding / Accommodating","mild","baseline row 522","I prefer that the team shares relationships with external partners.","axis5-agency.json"
"Agency","yielding","Yielding / Accommodating","mild","baseline row 336","I prefer that the group collectively decides when a meeting has run its course.","axis5-agency.json"
"Agency","yielding","Yielding / Accommodating","mild","baseline row 558","I tend to share my work in progress early so others can shape it with me.","axis5-agency.json"
"Agency","yielding","Yielding / Accommodating","mild","baseline row 128","I often adapt to the norms and expectations already present in a group.","axis5-agency.json"
"Agency","yielding","Yielding / Accommodating","mild","baseline row 400","I prefer to ask questions that help someone see for themselves whether their approach is working.","axis5-agency.json"
"Agency","yielding","Yielding / Accommodating","mild","baseline row 182","I generally negotiate the terms of a collaboration with all parties.","axis5-agency.json"
"Agency","yielding","Yielding / Accommodating","mild","baseline row 442","I prefer that ground rules emerge from group discussion before activity begins.","axis5-agency.json"
"Agency","yielding","Yielding / Accommodating","mild","baseline row 42","I trust that the group will find its way forward without one person driving.","axis5-agency.json"
"Agency","yielding","Yielding / Accommodating","mild","baseline row 478","I prefer the group to decide together when a project is truly complete.","axis5-agency.json"
"Agency","yielding","Yielding / Accommodating","mild","baseline row 220","I often wait for the group to signal readiness before pursuing change.","axis5-agency.json"
"Agency","yielding","Yielding / Accommodating","mild","baseline row 556","I prefer that new team members be selected by the whole team together.","axis5-agency.json"
"Agency","yielding","Yielding / Accommodating","mild","baseline row 232","I often find that I help the group define what success looks like together.","axis5-agency.json"
"Agency","yielding","Yielding / Accommodating","mild","baseline row 578","I prefer that big bets be discussed thoroughly with the group before anyone commits.","axis5-agency.json"
"Agency","yielding","Yielding / Accommodating","mild","baseline row 494","I prefer to resolve disagreements through dialogue rather than any form of rank.","axis5-agency.json"
"Agency","yielding","Yielding / Accommodating","mild","baseline row 86","I often end up as the reliable supporter in group projects.","axis5-agency.json"
"Agency","yielding","Yielding / Accommodating","mild","baseline row 420","I tend to let multiple people contribute to important documents without one person holding the pen.","axis5-agency.json"
"Agency","yielding","Yielding / Accommodating","moderate","baseline row 316","When a conversation stalls, I invite quieter voices to share before proposing anything.","axis5-agency.json"
"Agency","yielding","Yielding / Accommodating","moderate","baseline row 170","I find it important to stay aligned with the group, even at the cost of my personal preference.","axis5-agency.json"
"Agency","yielding","Yielding / Accommodating","moderate","baseline row 332","I feel a surge of energy when a team collectively discovers its new direction.","axis5-agency.json"
"Agency","yielding","Yielding / Accommodating","moderate","baseline row 134","I want to be part of shaping how a project unfolds, alongside others.","axis5-agency.json"
"Agency","yielding","Yielding / Accommodating","moderate","baseline row 100","When I have a vision, I wait to see if others share it before moving forward.","axis5-agency.json"
"Agency","yielding","Yielding / Accommodating","moderate","baseline row 320","I am the one who typically helps the group settle on the key question together.","axis5-agency.json"
"Agency","yielding","Yielding / Accommodating","moderate","baseline row 52","I like to take time and let the group deliberate before a decision is made.","axis5-agency.json"
"Agency","yielding","Yielding / Accommodating","moderate","baseline row 192","I am attracted to opportunities where I can blend into a well-functioning team.","axis5-agency.json"
"Agency","yielding","Yielding / Accommodating","moderate","baseline row 312","I trust that the group will eventually resolve its own circular discussions.","axis5-agency.json"
"Agency","yielding","Yielding / Accommodating","moderate","baseline row 304","I look for ways to distribute ownership of problems across the group.","axis5-agency.json"
"Agency","yielding","Yielding / Accommodating","moderate","baseline row 68","I take pride in the behind-the-scenes work that makes a project succeed.","axis5-agency.json"
"Agency","yielding","Yielding / Accommodating","moderate","baseline row 80","I find it easy to go along with the group's direction, even when I have reservations.","axis5-agency.json"
"Agency","yielding","Yielding / Accommodating","moderate","baseline row 194","I find it natural to sit back and let the group work through its process.","axis5-agency.json"
"Agency","yielding","Yielding / Accommodating","moderate","baseline row 230","I feel empowered when the group trusts me enough to share power.","axis5-agency.json"
"Agency","yielding","Yielding / Accommodating","moderate","baseline row 118","I frequently take on supporting or facilitating roles in team settings.","axis5-agency.json"
"Agency","yielding","Yielding / Accommodating","moderate","baseline row 248","I find it satisfying to maintain cohesion as the group moves forward.","axis5-agency.json"
"Agency","yielding","Yielding / Accommodating","moderate","baseline row 84","I rarely overrule a group decision, even when I think there is a better option.","axis5-agency.json"
"Agency","yielding","Yielding / Accommodating","moderate","baseline row 154","I think it is important to remain open and willing to shift with the group.","axis5-agency.json"
"Agency","yielding","Yielding / Accommodating","moderate","baseline row 314","I enjoy the freedom that comes with not being the person in charge.","axis5-agency.json"
"Agency","yielding","Yielding / Accommodating","moderate","baseline row 246","I instinctively adapt to whatever structure the group has established.","axis5-agency.json"
"Agency","yielding","Yielding / Accommodating","moderate","baseline row 108","I naturally listen first and speak after others have shared their thoughts.","axis5-agency.json"
"Agency","yielding","Yielding / Accommodating","moderate","baseline row 70","I feel energized when a group reaches a genuine consensus.","axis5-agency.json"
"Agency","yielding","Yielding / Accommodating","moderate","baseline row 178","I feel responsible for keeping a group connected and cohesive.","axis5-agency.json"
"Agency","yielding","Yielding / Accommodating","moderate","baseline row 58","I let the group find its own course, even if I see a different path.","axis5-agency.json"
"Agency","yielding","Yielding / Accommodating","moderate","baseline row 296","I gravitate toward letting discussions continue until the group is satisfied.","axis5-agency.json"
"Agency","yielding","Yielding / Accommodating","moderate","baseline row 264","I am inclined to keep options open until the group has weighed in.","axis5-agency.json"
"Agency","yielding","Yielding / Accommodating","moderate","baseline row 284","I thrive when I have the trust of a group that works together.","axis5-agency.json"
"Agency","yielding","Yielding / Accommodating","moderate","baseline row 64","I naturally defer to others in informal group settings.","axis5-agency.json"
"Agency","yielding","Yielding / Accommodating","moderate","baseline row 180","I am energized by the process of building a decision together.","axis5-agency.json"
"Agency","yielding","Yielding / Accommodating","moderate","baseline row 274","I view deferring to others as a service to the group.","axis5-agency.json"
"Agency","yielding","Yielding / Accommodating","strong","baseline row 394","When entering a new group, I observe how things work before settling into a role.","axis5-agency.json"
"Agency","yielding","Yielding / Accommodating","strong","baseline row 500","I enjoy knowing that a project can succeed regardless of whether I am personally driving it.","axis5-agency.json"
"Agency","yielding","Yielding / Accommodating","strong","baseline row 358","I feel most capable when authority is shared across team members in a domain.","axis5-agency.json"
"Agency","yielding","Yielding / Accommodating","strong","baseline row 544","I raise concerns when collaboration gets off track but leave it to the group to set boundaries.","axis5-agency.json"
"Agency","yielding","Yielding / Accommodating","strong","baseline row 572","I feel most in my element when the go or no-go call is a genuine group decision.","axis5-agency.json"
"Agency","yielding","Yielding / Accommodating","strong","baseline row 356","I am typically the one who helps the group keep deliberating until a tie resolves itself.","axis5-agency.json"
"Agency","yielding","Yielding / Accommodating","strong","baseline row 450","I offer feedback only when asked or when the group has a feedback culture in place.","axis5-agency.json"
"Agency","yielding","Yielding / Accommodating","strong","baseline row 452","I am wired to flag what seems broken and let the group decide how to address it.","axis5-agency.json"
"Agency","yielding","Yielding / Accommodating","strong","baseline row 422","I enjoy being part of a group that evaluates ideas together without veto power.","axis5-agency.json"
"Agency","yielding","Yielding / Accommodating","strong","baseline row 482","I like when the scope of work is something the whole team defines together.","axis5-agency.json"
"Agency","yielding","Yielding / Accommodating","strong","baseline row 582","I see my job as walking the path alongside the group, wherever it leads.","axis5-agency.json"
"Agency","yielding","Yielding / Accommodating","strong","baseline row 570","I enjoy adapting to and reinforcing the culture that already exists on a team.","axis5-agency.json"
"Agency","yielding","Yielding / Accommodating","strong","baseline row 164","I feel a strong pull to be deeply involved in important initiatives, though not necessarily in charge.","axis5-agency.json"
"Agency","yielding","Yielding / Accommodating","strong","baseline row 526","I find it difficult to overrule suggestions, even when they do not align with my own thinking.","axis5-agency.json"
"Agency","yielding","Yielding / Accommodating","strong","baseline row 370","I feel comfortable contributing to something that bears the group's stamp, not mine.","axis5-agency.json"
"Agency","yielding","Yielding / Accommodating","strong","baseline row 520","I am recognized for my ability to weave diverse viewpoints into a cohesive group effort.","axis5-agency.json"
"Agency","yielding","Yielding / Accommodating","strong","baseline row 458","I am the person who asks the team how they would like to frame a problem.","axis5-agency.json"
"Agency","yielding","Yielding / Accommodating","strong","baseline row 508","I always consult with my team before making commitments that involve them.","axis5-agency.json"
"Agency","yielding","Yielding / Accommodating","strong","baseline row 530","I speak in a way that signals the discussion remains open for others to shape.","axis5-agency.json"
"Agency","yielding","Yielding / Accommodating","strong","baseline row 468","I share my perspective and then genuinely let the group weigh all viewpoints equally.","axis5-agency.json"
"Agency","yielding","Yielding / Accommodating","strong","baseline row 502","I am content letting the group commit without needing to add my final word.","axis5-agency.json"
"Agency","yielding","Yielding / Accommodating","strong","baseline row 534","I want to support whoever launches new ventures within my team.","axis5-agency.json"
"Agency","yielding","Yielding / Accommodating","strong","baseline row 516","I ask the group to define what done looks like before we begin.","axis5-agency.json"
"Agency","yielding","Yielding / Accommodating","strong","baseline row 492","I feel energized when the group collectively turns a situation around.","axis5-agency.json"
"Agency","yielding","Yielding / Accommodating","strong","baseline row 504","I naturally distribute decision-making power more broadly as projects progress.","axis5-agency.json"
"Agency","yielding","Yielding / Accommodating","strong","baseline row 392","I feel at home rotating representation duties among group members.","axis5-agency.json"
"Agency","yielding","Yielding / Accommodating","strong","baseline row 562","I resist pecking orders and advocate for egalitarian group dynamics.","axis5-agency.json"
"Agency","yielding","Yielding / Accommodating","strong","baseline row 596","I am open to revisiting any decision if the group raises new concerns.","axis5-agency.json"
"Agency","yielding","Yielding / Accommodating","strong","baseline row 412","I notice that I calibrate my effort to match the group's established rhythm.","axis5-agency.json"
"Agency","yielding","Yielding / Accommodating","strong","baseline row 386","I am energized by helping a group articulate its shared vision to stakeholders.","axis5-agency.json"
"Reactivity","high-reactive","Highly Reactive","mild","baseline row 73","After an emotionally charged event, I feel like I need to recover as if from physical exertion.","axis6-reactivity.json"
"Reactivity","high-reactive","Highly Reactive","mild","baseline row 308","When I hear unexpected good news, the rush of feeling is so strong I sometimes have to sit down.","axis6-reactivity.json"
"Reactivity","high-reactive","Highly Reactive","mild","baseline row 19","When I'm excited about something, I feel it in every cell of my body.","axis6-reactivity.json"
"Reactivity","high-reactive","Highly Reactive","mild","baseline row 27","When I feel gratitude, it swells inside me until I can barely contain it.","axis6-reactivity.json"
"Reactivity","high-reactive","Highly Reactive","mild","baseline row 69","When someone raises their voice near me, my whole system goes on high alert.","axis6-reactivity.json"
"Reactivity","high-reactive","Highly Reactive","mild","baseline row 51","When I get frustrated, the frustration escalates rapidly to a peak.","axis6-reactivity.json"
"Reactivity","high-reactive","Highly Reactive","mild","baseline row 39","After receiving bad news, I can feel the shock reverberating through my body for hours.","axis6-reactivity.json"
"Reactivity","high-reactive","Highly Reactive","mild","baseline row 85","I am easily swept up in the emotional energy of a crowd or a room.","axis6-reactivity.json"
"Reactivity","high-reactive","Highly Reactive","mild","baseline row 23","After a stressful event, it takes me a long time to return to my emotional baseline.","axis6-reactivity.json"
"Reactivity","high-reactive","Highly Reactive","mild","baseline row 58","When I'm in a beautiful place, the experience can feel almost painfully vivid.","axis6-reactivity.json"
"Reactivity","high-reactive","Highly Reactive","mild","baseline row 142","I tend to be the first person in a room to react emotionally to what's happening.","axis6-reactivity.json"
"Reactivity","high-reactive","Highly Reactive","mild","baseline row 34","When something wonderful happens, my elation is so strong it can feel almost manic.","axis6-reactivity.json"
"Reactivity","high-reactive","Highly Reactive","mild","baseline row 45","When I'm moved by something, the feeling washes over me like a wave.","axis6-reactivity.json"
"Reactivity","high-reactive","Highly Reactive","mild","baseline row 100","When I get good news, the euphoria can last for days.","axis6-reactivity.json"
"Reactivity","high-reactive","Highly Reactive","mild","baseline row 426","I notice that my emotional intensity ebbs and flows like weather systems rather than following a predictable pattern.","axis6-reactivity.json"
"Reactivity","high-reactive","Highly Reactive","mild","baseline row 4","When something excites me, the rush of energy is almost overwhelming.","axis6-reactivity.json"
"Reactivity","high-reactive","Highly Reactive","mild","baseline row 50","I tend to feel the full weight of an experience rather than experiencing it at a distance.","axis6-reactivity.json"
"Reactivity","high-reactive","Highly Reactive","mild","baseline row 72","I notice that even subtle shifts in atmosphere — a room going quiet, a change in tone — hit me with force.","axis6-reactivity.json"
"Reactivity","high-reactive","Highly Reactive","mild","baseline row 11","I go from calm to fully activated in a matter of seconds.","axis6-reactivity.json"
"Reactivity","high-reactive","Highly Reactive","mild","baseline row 305","I often feel like my emotional responses are running at double speed compared to the people around me.","axis6-reactivity.json"
"Reactivity","high-reactive","Highly Reactive","mild","baseline row 37","Loud noises, bright lights, or sudden changes can trigger an outsized emotional response in me.","axis6-reactivity.json"
"Reactivity","high-reactive","Highly Reactive","mild","baseline row 10","When I'm upset, the feeling saturates my entire body.","axis6-reactivity.json"
"Reactivity","high-reactive","Highly Reactive","mild","baseline row 6","I can still feel the emotional residue of an argument hours or even days later.","axis6-reactivity.json"
"Reactivity","high-reactive","Highly Reactive","mild","baseline row 77","I am the kind of person who can be brought to tears by a commercial.","axis6-reactivity.json"
"Reactivity","high-reactive","Highly Reactive","mild","baseline row 74","I experience the onset of emotion as a sudden physical sensation before I can even name what I'm feeling.","axis6-reactivity.json"
"Reactivity","high-reactive","Highly Reactive","mild","baseline row 44","I can feel adrenaline surge through me in response to relatively minor provocations.","axis6-reactivity.json"
"Reactivity","high-reactive","Highly Reactive","mild","baseline row 60","I carry the emotional tone of a dream well into my waking day.","axis6-reactivity.json"
"Reactivity","high-reactive","Highly Reactive","mild","baseline row 406","I notice that when I feel passionate about something, it becomes all-consuming rather than a background interest.","axis6-reactivity.json"
"Reactivity","high-reactive","Highly Reactive","mild","baseline row 96","I experience boredom not as a quiet absence but as an agitating restlessness.","axis6-reactivity.json"
"Reactivity","high-reactive","Highly Reactive","mild","baseline row 98","I tend to re-feel past emotional experiences at nearly their original intensity when I remember them.","axis6-reactivity.json"
"Reactivity","high-reactive","Highly Reactive","moderate","baseline row 119","When I witness something moving, my eyes well up before I've even decided how I feel about it.","axis6-reactivity.json"
"Reactivity","high-reactive","Highly Reactive","moderate","baseline row 385","When I feel truly heard and understood, the relief is so profound it can make me cry.","axis6-reactivity.json"
"Reactivity","high-reactive","Highly Reactive","moderate","baseline row 318","After a heated exchange, my body stays in fight-or-flight mode long after the words have stopped.","axis6-reactivity.json"
"Reactivity","high-reactive","Highly Reactive","moderate","baseline row 367","When something embarrassing happens, I can feel the heat in my face and neck for minutes afterward.","axis6-reactivity.json"
"Reactivity","high-reactive","Highly Reactive","moderate","baseline row 315","When someone shares good news, my own excitement can rival theirs in intensity.","axis6-reactivity.json"
"Reactivity","high-reactive","Highly Reactive","moderate","baseline row 336","When I'm emotionally activated, my peripheral vision narrows and everything feels urgent.","axis6-reactivity.json"
"Reactivity","high-reactive","Highly Reactive","moderate","baseline row 372","When I feel rejected, the pain is immediate, physical, and consuming.","axis6-reactivity.json"
"Reactivity","high-reactive","Highly Reactive","moderate","baseline row 379","When I'm excited about a future event, the excitement builds to a pitch that makes it hard to concentrate on anything else.","axis6-reactivity.json"
"Reactivity","high-reactive","Highly Reactive","moderate","baseline row 374","My body seems to store emotional charge that I can feel building over the course of a stressful week.","axis6-reactivity.json"
"Reactivity","high-reactive","Highly Reactive","moderate","baseline row 337","I notice that even anticipating a difficult conversation makes my palms sweat and my heart race.","axis6-reactivity.json"
"Reactivity","high-reactive","Highly Reactive","moderate","baseline row 135","When I encounter injustice, my entire body lights up with agitation.","axis6-reactivity.json"
"Reactivity","high-reactive","Highly Reactive","moderate","baseline row 322","A photograph from the past can plunge me back into the feelings of that era with startling force.","axis6-reactivity.json"
"Reactivity","high-reactive","Highly Reactive","moderate","baseline row 365","I experience the surprise of being startled not as a brief jolt but as a lingering rush of adrenaline.","axis6-reactivity.json"
"Reactivity","high-reactive","Highly Reactive","moderate","baseline row 300","I experience the arrival of strong emotion as a wave that crests before I can brace for it.","axis6-reactivity.json"
"Reactivity","high-reactive","Highly Reactive","moderate","baseline row 348","When I feel overwhelmed, it's not just emotional — my body feels like it's short-circuiting.","axis6-reactivity.json"
"Reactivity","high-reactive","Highly Reactive","moderate","baseline row 314","I notice that my jaw clenches and my shoulders tense the instant I feel threatened or upset.","axis6-reactivity.json"
"Reactivity","high-reactive","Highly Reactive","moderate","baseline row 386","I notice that I feel the emotional weight of news stories as if they were happening to me personally.","axis6-reactivity.json"
"Reactivity","high-reactive","Highly Reactive","moderate","baseline row 335","I am easily brought to goosebumps by music, words, or images that strike the right chord.","axis6-reactivity.json"
"Reactivity","high-reactive","Highly Reactive","moderate","baseline row 347","I have cried from the sheer intensity of a sunset, a piece of art, or an act of kindness.","axis6-reactivity.json"
"Reactivity","high-reactive","Highly Reactive","moderate","baseline row 353","I tend to feel the emotional stakes of a situation far more intensely than the practical stakes.","axis6-reactivity.json"
"Reactivity","high-reactive","Highly Reactive","moderate","baseline row 319","I notice that my skin flushes or goes pale in direct response to what I'm feeling.","axis6-reactivity.json"
"Reactivity","high-reactive","Highly Reactive","moderate","baseline row 311","Even a mildly critical tone of voice can set off alarm bells throughout my system.","axis6-reactivity.json"
"Reactivity","high-reactive","Highly Reactive","moderate","baseline row 327","I experience the end of a vacation or a visit with someone I love as a sharp, almost physical loss.","axis6-reactivity.json"
"Reactivity","high-reactive","Highly Reactive","moderate","baseline row 105","I experience a new environment as a barrage of stimulation that takes time to process.","axis6-reactivity.json"
"Reactivity","high-reactive","Highly Reactive","moderate","baseline row 312","I experience the buildup to an important event as a nearly unbearable crescendo of feeling.","axis6-reactivity.json"
"Reactivity","high-reactive","Highly Reactive","moderate","baseline row 373","I experience guilt as a heavy, nauseating weight that settles in my gut and stays.","axis6-reactivity.json"
"Reactivity","high-reactive","Highly Reactive","moderate","baseline row 108","I wake from nightmares with my heart pounding and the fear persisting long after I'm fully awake.","axis6-reactivity.json"
"Reactivity","high-reactive","Highly Reactive","moderate","baseline row 369","I experience moments of tenderness with such intensity that they can bring me to tears.","axis6-reactivity.json"
"Reactivity","high-reactive","Highly Reactive","moderate","baseline row 310","I can feel the residue of a stressful phone call still buzzing in my body an hour later.","axis6-reactivity.json"
"Reactivity","high-reactive","Highly Reactive","moderate","baseline row 375","I notice that even reading a particularly moving paragraph in a book can make my throat tighten.","axis6-reactivity.json"
"Reactivity","high-reactive","Highly Reactive","strong","baseline row 343","When I feel wronged, the indignation is so intense it can keep me awake at night.","axis6-reactivity.json"
"Reactivity","high-reactive","Highly Reactive","strong","baseline row 360","When I connect deeply with someone, the intensity of that bond registers as a physical sensation.","axis6-reactivity.json"
"Reactivity","high-reactive","Highly Reactive","strong","baseline row 425","When I'm in the grip of a strong emotion, the world outside of it seems to temporarily cease to exist.","axis6-reactivity.json"
"Reactivity","high-reactive","Highly Reactive","strong","baseline row 441","When I receive unexpected praise, the flush of pleasure is so strong it makes me lightheaded.","axis6-reactivity.json"
"Reactivity","high-reactive","Highly Reactive","strong","baseline row 417","When I feel betrayed, the shock and hurt land in my body like a physical blow.","axis6-reactivity.json"
"Reactivity","high-reactive","Highly Reactive","strong","baseline row 433","When I feel content, the contentment saturates me completely — it's not a background hum, it's the whole song.","axis6-reactivity.json"
"Reactivity","high-reactive","Highly Reactive","strong","baseline row 304","When something touches me deeply, I can feel it reverberating in my chest for hours.","axis6-reactivity.json"
"Reactivity","high-reactive","Highly Reactive","strong","baseline row 420","I experience the pressure of a deadline not just mentally but as a tightening sensation throughout my body.","axis6-reactivity.json"
"Reactivity","high-reactive","Highly Reactive","strong","baseline row 401","When I feel at peace, the sensation is so vivid and complete that it's almost sacred.","axis6-reactivity.json"
"Reactivity","high-reactive","Highly Reactive","strong","baseline row 302","I feel the emotional atmosphere of a room the moment I walk in, and it lands in my body immediately.","axis6-reactivity.json"
"Reactivity","high-reactive","Highly Reactive","strong","baseline row 306","A tense silence in a conversation produces a physical knot in my stomach almost instantly.","axis6-reactivity.json"
"Reactivity","high-reactive","Highly Reactive","strong","baseline row 393","When my expectations are violated, my system reacts as if to a physical shock.","axis6-reactivity.json"
"Reactivity","high-reactive","Highly Reactive","strong","baseline row 83","When something delights me, the delight fills me completely.","axis6-reactivity.json"
"Reactivity","high-reactive","Highly Reactive","strong","baseline row 402","I notice that my emotional sensitivity means I am deeply affected by the tone of a room, a text, or a glance.","axis6-reactivity.json"
"Reactivity","high-reactive","Highly Reactive","strong","baseline row 394","I notice that strong emotions make me hyper-aware of my heartbeat, as if my body is broadcasting its state.","axis6-reactivity.json"
"Reactivity","high-reactive","Highly Reactive","strong","baseline row 432","I experience the world as though my emotional volume knob is permanently set several notches above average.","axis6-reactivity.json"
"Reactivity","high-reactive","Highly Reactive","strong","baseline row 579","I notice that the anticipation of seeing someone I've missed builds to a physical crescendo in my chest.","axis6-reactivity.json"
"Reactivity","high-reactive","Highly Reactive","strong","baseline row 429","My body is always the first to tell me how I'm feeling, often before I have words for it.","axis6-reactivity.json"
"Reactivity","high-reactive","Highly Reactive","strong","baseline row 57","I have been told that I feel things more intensely than most people.","axis6-reactivity.json"
"Reactivity","high-reactive","Highly Reactive","strong","baseline row 428","I experience the ending of a meaningful chapter — a project, a season, a relationship — as a kind of small death.","axis6-reactivity.json"
"Reactivity","high-reactive","Highly Reactive","strong","baseline row 396","I experience the tension before a performance or presentation as an almost intolerable buildup of energy.","axis6-reactivity.json"
"Reactivity","high-reactive","Highly Reactive","strong","baseline row 54","I find it hard to be around conflict because my body reacts so strongly to tension.","axis6-reactivity.json"
"Reactivity","high-reactive","Highly Reactive","strong","baseline row 418","I notice that my system takes much longer than others' to recalibrate after a disruptive event.","axis6-reactivity.json"
"Reactivity","high-reactive","Highly Reactive","strong","baseline row 388","I experience the first moments of waking up after a bad dream as indistinguishable from the terror of the dream itself.","axis6-reactivity.json"
"Reactivity","high-reactive","Highly Reactive","strong","baseline row 409","When something touches me, the feeling doesn't just visit — it moves in and stays.","axis6-reactivity.json"
"Reactivity","high-reactive","Highly Reactive","strong","baseline row 340","A smell connected to a past experience can instantly transport me into the full emotional state of that time.","axis6-reactivity.json"
"Reactivity","high-reactive","Highly Reactive","strong","baseline row 422","I notice that witnessing an argument between other people activates my own nervous system as if I'm involved.","axis6-reactivity.json"
"Reactivity","high-reactive","Highly Reactive","strong","baseline row 110","Even reading about an intense event can produce a strong physical reaction in me.","axis6-reactivity.json"
"Reactivity","high-reactive","Highly Reactive","strong","baseline row 390","I notice that when I feel vulnerable, every nerve ending seems to be exposed.","axis6-reactivity.json"
"Reactivity","high-reactive","Highly Reactive","strong","baseline row 438","I notice that when multiple emotions arrive at once, the overload can feel physically paralyzing.","axis6-reactivity.json"
"Reactivity","low-reactive","Low Reactivity","mild","baseline row 513","I experience the stress of a tight schedule as a practical reality rather than a source of internal turmoil.","axis6-reactivity.json"
"Reactivity","low-reactive","Low Reactivity","mild","baseline row 544","I tend to absorb the emotional content of a conversation without it altering my physiological state.","axis6-reactivity.json"
"Reactivity","low-reactive","Low Reactivity","mild","baseline row 179","I rarely cry, not because I suppress emotions but because they simply don't reach that intensity.","axis6-reactivity.json"
"Reactivity","low-reactive","Low Reactivity","mild","baseline row 173","I notice that my body stays relaxed in situations that make other people tense.","axis6-reactivity.json"
"Reactivity","low-reactive","Low Reactivity","mild","baseline row 595","My baseline state is one of such stability that disruptions feel like small departures rather than upheavals.","axis6-reactivity.json"
"Reactivity","low-reactive","Low Reactivity","mild","baseline row 516","I tend to process grief in a measured, gradual way rather than in sudden, overwhelming waves.","axis6-reactivity.json"
"Reactivity","low-reactive","Low Reactivity","mild","baseline row 529","My emotional spectrum is real and present but it operates in pastel tones rather than neon.","axis6-reactivity.json"
"Reactivity","low-reactive","Low Reactivity","mild","baseline row 566","My emotional baseline is so stable that people often describe me as having a calming presence.","axis6-reactivity.json"
"Reactivity","low-reactive","Low Reactivity","mild","baseline row 264","I notice that people sometimes wonder if I'm affected by things, but I simply process them at a lower volume.","axis6-reactivity.json"
"Reactivity","low-reactive","Low Reactivity","mild","baseline row 562","I tend to notice my emotional reactions in retrospect rather than being gripped by them in the moment.","axis6-reactivity.json"
"Reactivity","low-reactive","Low Reactivity","mild","baseline row 272","I tend to feel the same emotional temperature whether I'm at home or in a novel situation.","axis6-reactivity.json"
"Reactivity","low-reactive","Low Reactivity","mild","baseline row 215","I tend to move through emotionally charged moments with a sense of groundedness.","axis6-reactivity.json"
"Reactivity","low-reactive","Low Reactivity","mild","baseline row 285","I tend to view emotional intensity in others with a kind of curiosity because my own experience is different.","axis6-reactivity.json"
"Reactivity","low-reactive","Low Reactivity","mild","baseline row 466","I experience the end of a meaningful period — a trip, a project, a visit — with quiet acceptance rather than anguish.","axis6-reactivity.json"
"Reactivity","low-reactive","Low Reactivity","mild","baseline row 497","I tend to feel settled even when circumstances around me are in flux.","axis6-reactivity.json"
"Reactivity","low-reactive","Low Reactivity","mild","baseline row 189","I notice that excitement in me feels like a pleasant warmth rather than a roaring fire.","axis6-reactivity.json"
"Reactivity","low-reactive","Low Reactivity","mild","baseline row 159","I can receive bad news without my body going into alarm mode.","axis6-reactivity.json"
"Reactivity","low-reactive","Low Reactivity","mild","baseline row 273","I experience the ups and downs of life as gentle undulations rather than dramatic swings.","axis6-reactivity.json"
"Reactivity","low-reactive","Low Reactivity","mild","baseline row 203","I tend to receive compliments and praise with a sense of quiet satisfaction rather than elation.","axis6-reactivity.json"
"Reactivity","low-reactive","Low Reactivity","mild","baseline row 177","I don't tend to carry the emotional residue of one event into the next.","axis6-reactivity.json"
"Reactivity","low-reactive","Low Reactivity","mild","baseline row 289","I experience change as something to be navigated calmly rather than something that triggers alarm.","axis6-reactivity.json"
"Reactivity","low-reactive","Low Reactivity","mild","baseline row 293","I tend to feel emotionally prepared for whatever comes, because my system doesn't overreact.","axis6-reactivity.json"
"Reactivity","low-reactive","Low Reactivity","mild","baseline row 169","I rarely feel emotionally overwhelmed, even during genuinely difficult times.","axis6-reactivity.json"
"Reactivity","low-reactive","Low Reactivity","mild","baseline row 534","I tend to emerge from stressful periods without the accumulated tension that others describe.","axis6-reactivity.json"
"Reactivity","low-reactive","Low Reactivity","mild","baseline row 151","I can remain focused and clearheaded even in high-pressure situations.","axis6-reactivity.json"
"Reactivity","low-reactive","Low Reactivity","mild","baseline row 229","I tend to process emotional experiences in the background while staying functionally engaged.","axis6-reactivity.json"
"Reactivity","low-reactive","Low Reactivity","mild","baseline row 571","I tend to respond to emotional provocations with a measured internal response rather than a visceral one.","axis6-reactivity.json"
"Reactivity","low-reactive","Low Reactivity","mild","baseline row 163","I tend to feel emotions at a manageable intensity rather than at their extremes.","axis6-reactivity.json"
"Reactivity","low-reactive","Low Reactivity","mild","baseline row 166","My inner emotional life is relatively smooth and consistent.","axis6-reactivity.json"
"Reactivity","low-reactive","Low Reactivity","mild","baseline row 248","I notice that my heart rate stays fairly constant even during heated discussions.","axis6-reactivity.json"
"Reactivity","low-reactive","Low Reactivity","moderate","baseline row 475","My inner life has a quality of spaciousness — there's room for emotions without them crowding everything out.","axis6-reactivity.json"
"Reactivity","low-reactive","Low Reactivity","moderate","baseline row 474","I notice that my hands stay steady and my voice stays even in situations that rattle other people.","axis6-reactivity.json"
"Reactivity","low-reactive","Low Reactivity","moderate","baseline row 490","I experience the anticipation before a big moment as a mild heightening of attention, not a surge of adrenaline.","axis6-reactivity.json"
"Reactivity","low-reactive","Low Reactivity","moderate","baseline row 492","My internal state has a steadiness that I've come to recognize as simply the way I'm built.","axis6-reactivity.json"
"Reactivity","low-reactive","Low Reactivity","moderate","baseline row 184","I can be in the middle of a crisis and still feel internally composed.","axis6-reactivity.json"
"Reactivity","low-reactive","Low Reactivity","moderate","baseline row 452","My emotional responses are proportional and consistent, which gives me a sense of reliability.","axis6-reactivity.json"
"Reactivity","low-reactive","Low Reactivity","moderate","baseline row 218","I notice that I don't get swept up in the emotional energy of crowds or groups.","axis6-reactivity.json"
"Reactivity","low-reactive","Low Reactivity","moderate","baseline row 280","I notice that I can hold space for difficult conversations without my own equilibrium being disrupted.","axis6-reactivity.json"
"Reactivity","low-reactive","Low Reactivity","moderate","baseline row 221","I rarely feel the need to decompress emotionally after social interactions.","axis6-reactivity.json"
"Reactivity","low-reactive","Low Reactivity","moderate","baseline row 471","I experience emotional pain as a dull awareness that fades predictably over time.","axis6-reactivity.json"
"Reactivity","low-reactive","Low Reactivity","moderate","baseline row 464","I notice that other people sometimes need to tell me a situation was intense because I didn't register it that way.","axis6-reactivity.json"
"Reactivity","low-reactive","Low Reactivity","moderate","baseline row 227","I can receive criticism without it sending a jolt through my system.","axis6-reactivity.json"
"Reactivity","low-reactive","Low Reactivity","moderate","baseline row 286","I notice that major life events produce a proportionate, not outsized, emotional response in me.","axis6-reactivity.json"
"Reactivity","low-reactive","Low Reactivity","moderate","baseline row 275","I notice that I can be fully engaged in a situation without my emotional volume increasing.","axis6-reactivity.json"
"Reactivity","low-reactive","Low Reactivity","moderate","baseline row 190","I rarely feel the kind of emotional urgency that demands immediate action.","axis6-reactivity.json"
"Reactivity","low-reactive","Low Reactivity","moderate","baseline row 461","I experience the space between stimulus and response as comfortably wide.","axis6-reactivity.json"
"Reactivity","low-reactive","Low Reactivity","moderate","baseline row 244","I can be in the midst of uncertainty and still feel fundamentally okay.","axis6-reactivity.json"
"Reactivity","low-reactive","Low Reactivity","moderate","baseline row 258","My emotional life has a consistent, predictable quality that I've come to rely on.","axis6-reactivity.json"
"Reactivity","low-reactive","Low Reactivity","moderate","baseline row 493","I notice that I can sit with ambiguity and uncertainty without my nervous system escalating.","axis6-reactivity.json"
"Reactivity","low-reactive","Low Reactivity","moderate","baseline row 449","I tend to navigate most situations without noticeable shifts in my internal state.","axis6-reactivity.json"
"Reactivity","low-reactive","Low Reactivity","moderate","baseline row 260","I notice that I can shift my attention away from emotional stimuli relatively easily.","axis6-reactivity.json"
"Reactivity","low-reactive","Low Reactivity","moderate","baseline row 192","I can handle multiple stressors simultaneously without feeling destabilized.","axis6-reactivity.json"
"Reactivity","low-reactive","Low Reactivity","moderate","baseline row 208","My emotional responses have a muted quality compared to what I observe in others.","axis6-reactivity.json"
"Reactivity","low-reactive","Low Reactivity","moderate","baseline row 246","I rarely wake up from a dream still gripped by its emotional content.","axis6-reactivity.json"
"Reactivity","low-reactive","Low Reactivity","moderate","baseline row 237","My baseline emotional state is one of calm readiness.","axis6-reactivity.json"
"Reactivity","low-reactive","Low Reactivity","moderate","baseline row 231","I rarely experience the physiological markers of stress even in stressful situations.","axis6-reactivity.json"
"Reactivity","low-reactive","Low Reactivity","moderate","baseline row 268","I can look back on difficult periods without re-experiencing the emotional intensity.","axis6-reactivity.json"
"Reactivity","low-reactive","Low Reactivity","moderate","baseline row 460","I notice that confrontations, while unpleasant, don't leave a physiological residue in my body.","axis6-reactivity.json"
"Reactivity","low-reactive","Low Reactivity","moderate","baseline row 239","I notice that my emotional reactions rarely interfere with my ability to function.","axis6-reactivity.json"
"Reactivity","low-reactive","Low Reactivity","moderate","baseline row 468","I notice that my pulse and breathing remain steady even during emotionally charged discussions.","axis6-reactivity.json"
"Reactivity","low-reactive","Low Reactivity","strong","baseline row 589","I experience reunion with people I care about as warm and welcome without it being an emotional avalanche.","axis6-reactivity.json"
"Reactivity","low-reactive","Low Reactivity","strong","baseline row 517","I notice that I rarely feel the need to talk through my emotions to reduce their intensity.","axis6-reactivity.json"
"Reactivity","low-reactive","Low Reactivity","strong","baseline row 539","My nervous system seems to have a wide comfort zone that few experiences push me out of.","axis6-reactivity.json"
"Reactivity","low-reactive","Low Reactivity","strong","baseline row 535","I notice that my emotional reactions to the same type of event are remarkably consistent over time.","axis6-reactivity.json"
"Reactivity","low-reactive","Low Reactivity","strong","baseline row 540","I notice that I can re-enter a stressful situation after a break without the stress having compounded.","axis6-reactivity.json"
"Reactivity","low-reactive","Low Reactivity","strong","baseline row 555","I experience the ebb and flow of life at a volume that never requires me to adjust.","axis6-reactivity.json"
"Reactivity","low-reactive","Low Reactivity","strong","baseline row 560","I experience the sensation of calm not as something I achieve but as something I simply inhabit.","axis6-reactivity.json"
"Reactivity","low-reactive","Low Reactivity","strong","baseline row 459","My body stays in a state of relaxed readiness regardless of the emotional temperature around me.","axis6-reactivity.json"
"Reactivity","low-reactive","Low Reactivity","strong","baseline row 559","I notice that surprises, interruptions, and disruptions produce only a small ripple in my internal state.","axis6-reactivity.json"
"Reactivity","low-reactive","Low Reactivity","strong","baseline row 512","I notice that music, films, and stories move me intellectually more than they move me physically.","axis6-reactivity.json"
"Reactivity","low-reactive","Low Reactivity","strong","baseline row 575","My emotional system operates with a kind of quiet competence that I've come to trust.","axis6-reactivity.json"
"Reactivity","low-reactive","Low Reactivity","strong","baseline row 588","I notice that emotional content in conversations registers with me but doesn't alter my breathing or posture.","axis6-reactivity.json"
"Reactivity","low-reactive","Low Reactivity","strong","baseline row 526","I notice that I can compartmentalize emotional events and return to whatever I was doing without difficulty.","axis6-reactivity.json"
"Reactivity","low-reactive","Low Reactivity","strong","baseline row 582","I notice that I don't carry the physical tension patterns that many people associate with stress.","axis6-reactivity.json"
"Reactivity","low-reactive","Low Reactivity","strong","baseline row 549","I notice that waiting for important outcomes produces alertness in me, not agitation.","axis6-reactivity.json"
"Reactivity","low-reactive","Low Reactivity","strong","baseline row 546","I experience the feeling of being startled as a brief flash that dissipates almost immediately.","axis6-reactivity.json"
"Reactivity","low-reactive","Low Reactivity","strong","baseline row 503","I notice that I can attend to multiple tasks even when something emotional is unresolved.","axis6-reactivity.json"
"Reactivity","low-reactive","Low Reactivity","strong","baseline row 489","I notice that I can be in the presence of someone who is deeply distressed without my own system mirroring their state.","axis6-reactivity.json"
"Reactivity","low-reactive","Low Reactivity","strong","baseline row 592","I notice that I can move from a difficult situation to a normal one without needing a transition period.","axis6-reactivity.json"
"Reactivity","low-reactive","Low Reactivity","strong","baseline row 581","I experience daily frustrations — traffic, delays, minor inconveniences — without a noticeable rise in my stress level.","axis6-reactivity.json"
"Reactivity","low-reactive","Low Reactivity","strong","baseline row 584","My emotional responses have a brevity to them — they arise, deliver their message, and recede.","axis6-reactivity.json"
"Reactivity","low-reactive","Low Reactivity","strong","baseline row 551","I experience the act of letting go of something as a natural, uncomplicated process.","axis6-reactivity.json"
"Reactivity","low-reactive","Low Reactivity","strong","baseline row 557","My internal state resembles a deep, slow river — there is movement, but it is steady and unhurried.","axis6-reactivity.json"
"Reactivity","low-reactive","Low Reactivity","strong","baseline row 501","My emotions feel like background music — always present, but never drowning out the rest of my experience.","axis6-reactivity.json"
"Reactivity","low-reactive","Low Reactivity","strong","baseline row 585","I experience the quiet moments of life — a still morning, a warm drink — with a gentle appreciation that never tips into intensity.","axis6-reactivity.json"
"Reactivity","low-reactive","Low Reactivity","strong","baseline row 509","I experience the conclusion of something I care about with a sense of readiness to move on.","axis6-reactivity.json"
"Reactivity","low-reactive","Low Reactivity","strong","baseline row 507","I notice that my sleep quality is rarely affected by emotional events from the preceding day.","axis6-reactivity.json"
"Reactivity","low-reactive","Low Reactivity","strong","baseline row 498","I notice that I don't experience the emotional hangovers that others describe after intense days.","axis6-reactivity.json"
"Reactivity","low-reactive","Low Reactivity","strong","baseline row 520","My system seems to auto-regulate emotional intensity without requiring conscious effort.","axis6-reactivity.json"
"Reactivity","low-reactive","Low Reactivity","strong","baseline row 545","I notice that my emotional life, while not dramatic, is dependable and clear.","axis6-reactivity.json"
